id;span_text;raw_output;pred_label;true_label;confidence;rationale
1825;that unvaxxed get a chance to avoid the vaxxed. I;"{
  ""label"": ""CONFLICTUAL"",
   ""confidence"": ""HIGH"",
   ""rationale"": ""The span_text contains language that attacks based on protected categories ('vaxxed' and 'unvaxxed'), which is considered conflictual.""
}";2;2;HIGH;The span_text contains language that attacks based on protected categories ('vaxxed' and 'unvaxxed'), which is considered conflictual.
1063;and the secret cabal of Republican foot-fetishists and coprophils will;"{
  ""label"": ""CONFLICTUAL"",
   ""confidence"": ""HIGH"",
   ""rationale"": ""The span_text contains targeted conflictual language towards a specific group ('Republican foot-fetishists and coprophils') based on their political affiliation.""
}";2;2;HIGH;The span_text contains targeted conflictual language towards a specific group ('Republican foot-fetishists and coprophils') based on their political affiliation.
1226;emotionally fragile and physically weak whining cunt',''''. Its amazing how;"{
  ""label"": ""UNHARMFUL_PROFANITY"",
   ""confidence"": ""HIGH"",
   ""rationale"": ""The span_text contains profanity ('cunt') which is not directed toward a specific entity, but still considered harmful.""
}";1;2;HIGH;The span_text contains profanity ('cunt') which is not directed toward a specific entity, but still considered harmful.
245;@user LMAOOOO 😂😂😂 not the faggotsies!!!;"{
  ""label"": ""CONFLICTUAL"",
   ""confidence"": ""HIGH"",
   ""rationale"": ""The span contains targeted derogatory language towards a specific group ('faggotsies'), which is an attack based on protected categories.""
}";2;2;HIGH;The span contains targeted derogatory language towards a specific group ('faggotsies'), which is an attack based on protected categories.
158;@POTUS @user Liberal translation: I'm going to TAX all of;"{
  ""label"": ""CONFLICTUAL"",
   ""confidence"": ""HIGH"",
   ""rationale"": ""The span_text contains a targeted attack based on political affiliation ('Liberal') and a threat of taxation, which is a form of conflictual language.""
}";2;0;HIGH;The span_text contains a targeted attack based on political affiliation ('Liberal') and a threat of taxation, which is a form of conflictual language.
1176;place that is plagued with a lot of complete shitstains.;"{
  ""label"": ""UNHARMFUL_PROFANITY"",
   ""confidence"": ""HIGH"",
   ""rationale"": ""The span contains profanity ('shitstains') without targeting a specific entity.""
}";1;2;HIGH;The span contains profanity ('shitstains') without targeting a specific entity.
1353;tweet with the most horrendous replies I can think of.;"{
  ""label"": ""NONE"",
   ""confidence"": ""HIGH"",
   ""rationale"": ""The span_text does not explicitly contain conflictual language, profanity, or targeted insults, making it suitable for the NONE label.""
}";0;2;HIGH;The span_text does not explicitly contain conflictual language, profanity, or targeted insults, making it suitable for the NONE label.
1030;that those that seek power and privilege are generally cunts.;"{
  ""label"": ""CONFLICTUAL"",
   ""confidence"": ""HIGH"",
   ""rationale"": ""The span_text contains a derogatory term towards a protected category ('cunts'), which is considered conflictual language.""
}";2;1;HIGH;The span_text contains a derogatory term towards a protected category ('cunts'), which is considered conflictual language.
500;@jlist @user I've heard of shiny days cuz of milfs;"{
  ""label"": ""UNHARMFUL_PROFANITY"",
   ""confidence"": ""HIGH"",
   ""rationale"": ""The span_text contains profanity ('milfs') without targeting a specific entity.""
}";1;0;HIGH;The span_text contains profanity ('milfs') without targeting a specific entity.
1493;can't help so I'm trying to do this authy shit;"{
  ""label"": ""UNHARMFUL_PROFANITY"",
   ""confidence"": ""MEDIUM"",
   ""rationale"": ""The presence of profanity ('shit') in the span_text, without any targeted insult or slur, justifies this classification.""
}";1;1;MEDIUM;The presence of profanity ('shit') in the span_text, without any targeted insult or slur, justifies this classification.
1900;lickers think a hope she destroys them all vile bastards;"{
  ""label"": ""CONFLICTUAL"",
   ""confidence"": ""HIGH"",
   ""rationale"": ""The span_text contains targeted insults and derogatory language ('vile bastards') directed towards a group, which is considered conflictual.""
}";2;2;HIGH;The span_text contains targeted insults and derogatory language ('vile bastards') directed towards a group, which is considered conflictual.
800;the left include every misfit in society that can barely;"{
  ""label"": ""CONFLICTUAL"",
   ""confidence"": ""MEDIUM"",
   ""rationale"": ""The span_text contains language that implies exclusion or marginalization of certain groups, specifically 'every misfit in society', which can be interpreted as a derogatory term.""
}";2;2;MEDIUM;The span_text contains language that implies exclusion or marginalization of certain groups, specifically 'every misfit in society', which can be interpreted as a derogatory term.
523;weWantOnlineExam @Udhaystalin @mkstalin Annauniversity & All other universities @KPonmudiMLA We;"{
  ""label"": ""CONFLICTUAL"",
   ""confidence"": ""HIGH"",
   ""rationale"": ""The span_text contains targeted attack based on protected categories (university names) and a political figure (@KPonmudiMLA).""
}";2;0;HIGH;The span_text contains targeted attack based on protected categories (university names) and a political figure (@KPonmudiMLA).
764;heard of that, ill just call it mansexual or bitchsexual;"{
  ""label"": ""CONFLICTUAL"",
   ""confidence"": ""HIGH"",
   ""rationale"": ""The span_text contains targeted insults and derogatory terms ('mansexual' or 'bitchsexual') that are directed towards a protected category, indicating conflictual language.""
}";2;1;HIGH;The span_text contains targeted insults and derogatory terms ('mansexual' or 'bitchsexual') that are directed towards a protected category, indicating conflictual language.
913;it really helps to not be an asshole in life.;"{
  ""label"": ""UNHARMFUL_PROFANITY"",
   ""confidence"": ""HIGH"",
   ""rationale"": ""The span contains profanity ('asshole') but does not target a specific entity.""
}";1;2;HIGH;The span contains profanity ('asshole') but does not target a specific entity.
360;so uhhh i don't think tommy's gon na die today.;"{
  ""label"": ""NONE"",
   ""confidence"": ""HIGH"",
   ""rationale"": ""The span_text does not contain any conflictual language, profanity, or targeted insults.""
}";0;0;HIGH;The span_text does not contain any conflictual language, profanity, or targeted insults.
1139;to suspend Draymond. Without that bitchass move, Dubs woulda smoked;"{
  ""label"": ""CONFLICTUAL"",
   ""confidence"": ""HIGH"",
   ""rationale"": ""The span_text contains a targeted insult ('bitchass move') directed at a specific entity ('Dubs'), which is a protected category ('team name').""
}";2;1;HIGH;The span_text contains a targeted insult ('bitchass move') directed at a specific entity ('Dubs'), which is a protected category ('team name').
452;okay, goodnight shtwt and edtwt < 3;"{
  ""label"": ""UNHARMFUL_PROFANITY"",
   ""confidence"": ""HIGH"",
   ""rationale"": ""The span_text contains profanity ('shtwt' and 'edtwt') without targeting a specific entity.""
}";1;0;HIGH;The span_text contains profanity ('shtwt' and 'edtwt') without targeting a specific entity.
1563;i know. no anxiety up in this bitch anymore: D;"{
  ""label"": ""UNHARMFUL_PROFANITY"",
   ""confidence"": ""MEDIUM"",
   ""rationale"": ""The presence of profanity in the span text, specifically the word 'bitch', warrants a label of UNHARMFUL_PROFANITY.""
}";1;1;MEDIUM;The presence of profanity in the span text, specifically the word 'bitch', warrants a label of UNHARMFUL_PROFANITY.
1358;@user I hate phil Donahue, he's an arrogant cunt, who;"{
  ""label"": ""CONFLICTUAL"",
   ""confidence"": ""HIGH"",
   ""rationale"": ""The span_text contains a targeted insult ('arrogant cunt') directed towards a specific entity ('Phil Donahue').""
}";2;2;HIGH;The span_text contains a targeted insult ('arrogant cunt') directed towards a specific entity ('Phil Donahue').
430;at him. 'You've been my fucking rock since day one,;"{
  ""label"": ""UNHARMFUL_PROFANITY"",
   ""confidence"": ""HIGH"",
   ""rationale"": ""The span_text contains profanity ('fucking') without targeting a specific entity.""
}";1;1;HIGH;The span_text contains profanity ('fucking') without targeting a specific entity.
384;@user Your cock mate haha more cumshots! Your ass and;"{
  ""label"": ""UNHARMFUL_PROFANITY"",
   ""confidence"": ""HIGH"",
   ""rationale"": ""The span_text contains profanity ('cock', 'cumshots') without targeting a specific entity.""
}";1;1;HIGH;The span_text contains profanity ('cock', 'cumshots') without targeting a specific entity.
548;attacks for 3 hours. fuck this i'm' taking meds again;"{
  ""label"": ""CONFLICTUAL"",
   ""confidence"": ""HIGH"",
   ""rationale"": ""The span_text contains language that can be considered an attack, specifically the phrase 'attacks for 3 hours'.""
}";2;1;HIGH;The span_text contains language that can be considered an attack, specifically the phrase 'attacks for 3 hours'.
552;show to calm shit down. You're a weak, selfish person.;"{
  ""label"": ""CONFLICTUAL"",
   ""confidence"": ""HIGH"",
   ""rationale"": ""The span_text contains a targeted insult, calling someone 'weak' and 'selfish', which is a form of conflictual language.""
}";2;2;HIGH;The span_text contains a targeted insult, calling someone 'weak' and 'selfish', which is a form of conflictual language.
230;My power went out this morning a little after 10:30.;"{
  ""label"": ""NONE"",
   ""confidence"": ""HIGH"",
   ""rationale"": ""The span_text does not contain any conflictual language, profanity, or targeted insults.""
}";0;0;HIGH;The span_text does not contain any conflictual language, profanity, or targeted insults.
1667;Like, the argument of 'pocket pussy / shortstack' vs. 'Holy;"{
  ""label"": ""CONFLICTUAL"",
   ""confidence"": ""MEDIUM"",
   ""rationale"": ""The span_text contains conflictual language with phrases 'pocket pussy / shortstack' vs. 'Holy' which can be interpreted as an attack or derogatory comparison.""
}";2;1;MEDIUM;The span_text contains conflictual language with phrases 'pocket pussy / shortstack' vs. 'Holy' which can be interpreted as an attack or derogatory comparison.
371;the sedition you conspired. Go to hell. And by the;"{
  ""label"": ""CONFLICTUAL"",
   ""confidence"": ""HIGH"",
   ""rationale"": ""The span_text contains a targeted insult ('Go to hell') and a phrase implying conspiracy ('the sedition you conspired'), which are conflictual in nature.""
}";2;2;HIGH;The span_text contains a targeted insult ('Go to hell') and a phrase implying conspiracy ('the sedition you conspired'), which are conflictual in nature.
1020;@DonaldJTrumpJr You and your dad are both dick suckers.;"{
  ""label"": ""CONFLICTUAL"",
   ""confidence"": ""HIGH"",
   ""rationale"": ""The span contains targeted conflictual language with a racial slur implication towards Donald Trump Jr. and his father, despite the lack of explicit slurs.""
}";2;2;HIGH;The span contains targeted conflictual language with a racial slur implication towards Donald Trump Jr. and his father, despite the lack of explicit slurs.
208;Progesterone, metformin, and a heating pad lol;"{
  ""label"": ""NONE"",
   ""confidence"": ""HIGH"",
   ""rationale"": ""The span_text does not contain conflictual language, excessive profanity, or targeted insults.""
}";0;0;HIGH;The span_text does not contain conflictual language, excessive profanity, or targeted insults.
1431;@user Perched like a good little cumslut 😈😘🤤;"{
  ""label"": ""CONFLICTUAL"",
   ""confidence"": ""HIGH"",
   ""rationale"": ""The span_text contains targeted derogatory language ('cumslut') that is directed at a specific entity (@user), which is a form of conflictual language.""
}";2;1;HIGH;The span_text contains targeted derogatory language ('cumslut') that is directed at a specific entity (@user), which is a form of conflictual language.
1081;UK travel ban list. what a bunch of ignorant pricks.;"{
  ""label"": ""CONFLICTUAL"",
   ""confidence"": ""HIGH"",
   ""rationale"": ""The span_text contains targeted insult ('ignorant pricks') which is directed towards a protected category of people ('pricks' is a derogatory term for men).""
}";2;2;HIGH;The span_text contains targeted insult ('ignorant pricks') which is directed towards a protected category of people ('pricks' is a derogatory term for men).
590;195 days until Louis performs in Antwerp, Belgium as part;"{
  ""label"": ""NONE"",
   ""confidence"": ""HIGH"",
   ""rationale"": ""The span_text does not contain any conflictual language, excessive profanity, or targeted insults.""
}";0;0;HIGH;The span_text does not contain any conflictual language, excessive profanity, or targeted insults.
311;» dude you're so fucking retarded, that's why your call;"{
  ""label"": ""CONFLICTUAL"",
   ""confidence"": ""HIGH"",
   ""rationale"": ""The span_text contains a targeted insult ('you're so fucking retarded') directed at a specific entity ('your call'), which is considered conflictual language.""
}";2;2;HIGH;The span_text contains a targeted insult ('you're so fucking retarded') directed at a specific entity ('your call'), which is considered conflictual language.
331;what the fuck is going on edtwt rn;"{
  ""label"": ""UNHARMFUL_PROFANITY"",
   ""confidence"": ""HIGH"",
   ""rationale"": ""The span_text contains profanity ('fuck') without targeting a specific entity.""
}";1;1;HIGH;The span_text contains profanity ('fuck') without targeting a specific entity.
265;called us 'faggots'. He meant to hurt SOMEBODY, Christ knows.;"{
  ""label"": ""CONFLICTUAL"",
   ""confidence"": ""HIGH"",
   ""rationale"": ""The span_text contains a targeted insult ('faggots') which is directed towards a specific entity, indicating conflictual language.""
}";2;2;HIGH;The span_text contains a targeted insult ('faggots') which is directed towards a specific entity, indicating conflictual language.
726;and shades, sipping cocktails. Barbados in Belfast. Zero fucks given😎;"{
  ""label"": ""UNHARMFUL_PROFANITY"",
   ""confidence"": ""HIGH"",
   ""rationale"": ""The span_text contains profanity ('Zero fucks given') without targeting a specific entity.""
}";1;1;HIGH;The span_text contains profanity ('Zero fucks given') without targeting a specific entity.
565;@DStvNg you people should please stop repeating the same movie;"{
  ""label"": ""NONE"",
   ""confidence"": ""HIGH"",
   ""rationale"": ""The span_text contains a complaint about repetition of a movie, but does not contain any conflictual language, profanity, or targeted insults.""
}";0;0;HIGH;The span_text contains a complaint about repetition of a movie, but does not contain any conflictual language, profanity, or targeted insults.
446;its just a community full of mentally ill people trying;"{
  ""label"": ""CONFLICTUAL"",
   ""confidence"": ""HIGH"",
   ""rationale"": ""The span_text contains a targeted insult towards a group of people with mental illness, which is a protected category.""
}";2;2;HIGH;The span_text contains a targeted insult towards a group of people with mental illness, which is a protected category.
199;own mindset that has you keep following the fuckery. Skinny;"{
  ""label"": ""UNHARMFUL_PROFANITY"",
   ""confidence"": ""HIGH"",
   ""rationale"": ""The span_text contains profanity ('fuckery', 'fuck') without targeting a specific entity.""
}";1;1;HIGH;The span_text contains profanity ('fuckery', 'fuck') without targeting a specific entity.
428;I know that pain. But mine is acid reflux caused;"{
  ""label"": ""NONE"",
   ""confidence"": ""HIGH"",
   ""rationale"": ""The span_text does not contain any conflictual language, excessive profanity, or targeted insults.""
}";0;0;HIGH;The span_text does not contain any conflictual language, excessive profanity, or targeted insults.
507;Saw a psychiatrist today. She's prescribing me antidepressants hopefully this;"{
  ""label"": ""NONE"",
   ""confidence"": ""HIGH"",
   ""rationale"": ""The span_text mentions a medical visit and prescription, which is a neutral and non-conflictual topic.""
}";0;0;HIGH;The span_text mentions a medical visit and prescription, which is a neutral and non-conflictual topic.
1551;abt it! don't let it be tainted by those pricks❤️;"{
  ""label"": ""CONFLICTUAL"",
   ""confidence"": ""HIGH"",
   ""rationale"": ""The span_text contains the phrase 'those pricks' which is a targeted insult, specifically directed at a group of people.""
}";2;1;HIGH;The span_text contains the phrase 'those pricks' which is a targeted insult, specifically directed at a group of people.
336;Had a feeling some bullshxt was impending.. Thank TMH it;"{
  ""label"": ""UNHARMFUL_PROFANITY"",
   ""confidence"": ""MEDIUM"",
   ""rationale"": ""The span_text contains profanity ('bullshxt') without targeting a specific entity.""
}";1;1;MEDIUM;The span_text contains profanity ('bullshxt') without targeting a specific entity.
783;somebody is hurt Learn sense and stop being a dolt;"{
  ""label"": ""CONFLICTUAL"",
   ""confidence"": ""MEDIUM"",
   ""rationale"": ""The span_text contains a targeted insult ('dolt') which is directed at a person, indicating conflictual language.""
}";2;2;MEDIUM;The span_text contains a targeted insult ('dolt') which is directed at a person, indicating conflictual language.
1598;Claim you ain't slimey but you a grimey ass mf;"{
  ""label"": ""UNHARMFUL_PROFANITY"",
   ""confidence"": ""HIGH"",
   ""rationale"": ""The span_text contains profanity ('mf') and derogatory language ('grimey ass'), but does not target a specific entity.""
}";1;1;HIGH;The span_text contains profanity ('mf') and derogatory language ('grimey ass'), but does not target a specific entity.
806;@STVNews Sick beasty bastard. Chop his baws off now and;"{
  ""label"": ""CONFLICTUAL"",
   ""confidence"": ""HIGH"",
   ""rationale"": ""The span_text contains targeted conflictual language with phrases 'Sick beasty bastard' and 'Chop his baws off now and', which are direct attacks based on derogatory terms.""
}";2;1;HIGH;The span_text contains targeted conflictual language with phrases 'Sick beasty bastard' and 'Chop his baws off now and', which are direct attacks based on derogatory terms.
1719;the plug, I want to be smothered in sweaty stanky;"{
  ""label"": ""UNHARMFUL_PROFANITY"",
   ""confidence"": ""HIGH"",
   ""rationale"": ""The span_text contains profanity ('stanky') which is not directed toward a specific entity.""
}";1;2;HIGH;The span_text contains profanity ('stanky') which is not directed toward a specific entity.
899;StolenPonyRosie Come on you thieving bastards let her go;"{
  ""label"": ""CONFLICTUAL"",
   ""confidence"": ""HIGH"",
   ""rationale"": ""The span_text contains a targeted insult with a derogatory phrase ('thieving bastards') directed at a group of people, which is considered conflictual language.""
}";2;1;HIGH;The span_text contains a targeted insult with a derogatory phrase ('thieving bastards') directed at a group of people, which is considered conflictual language.
1882;and my roller skates wow what a fucking dweeb dude;"{
  ""label"": ""UNHARMFUL_PROFANITY"",
   ""confidence"": ""HIGH"",
   ""rationale"": ""The presence of the profanity 'fucking' and 'dweeb' in the span_text, which is not directed towards a specific entity, justifies this classification.""
}";1;2;HIGH;The presence of the profanity 'fucking' and 'dweeb' in the span_text, which is not directed towards a specific entity, justifies this classification.
246;You must never do what your bio says cause your;"{
  ""label"": ""NONE"",
   ""confidence"": ""HIGH"",
   ""rationale"": ""The span_text does not contain any explicit conflictual language, profanity, or targeted insults. It appears to be a grammatically incorrect sentence with no clear meaning.""
}";0;0;HIGH;The span_text does not contain any explicit conflictual language, profanity, or targeted insults. It appears to be a grammatically incorrect sentence with no clear meaning.
247;Somebody pleasssssse give me some nice restaurants suggestions! My anniversary;"{
  ""label"": ""NONE"",
   ""confidence"": ""HIGH"",
   ""rationale"": ""The span_text does not contain any conflictual language, profanity, or targeted insults, making it suitable for the NONE label.""
}";0;0;HIGH;The span_text does not contain any conflictual language, profanity, or targeted insults, making it suitable for the NONE label.
150;@HelloFreshUK metformin tablets have brought my heart rate down, its;"{
  ""label"": ""NONE"",
   ""confidence"": ""HIGH"",
   ""rationale"": ""The span_text does not contain any conflictual language, profanity, or targeted insults. It appears to be a neutral statement about a personal experience with a medication.""
}";0;0;HIGH;The span_text does not contain any conflictual language, profanity, or targeted insults. It appears to be a neutral statement about a personal experience with a medication.
586;@instablog9ja I will be fair with my comment, what the;"{
  ""label"": ""NONE"",
   ""confidence"": ""HIGH"",
   ""rationale"": ""The span_text does not contain any conflictual language, excessive profanity, or targeted insults.""
}";0;0;HIGH;The span_text does not contain any conflictual language, excessive profanity, or targeted insults.
1014;bad enough members of your party are coke addicts, but;"{
  ""label"": ""CONFLICTUAL"",
   ""confidence"": ""HIGH"",
   ""rationale"": ""The span_text contains a targeted insult towards a group of people based on their party affiliation, which is a protected category.""
}";2;2;HIGH;The span_text contains a targeted insult towards a group of people based on their party affiliation, which is a protected category.
1612;whole pack saggy titties, no ass, petter Griffen chin and;"{
  ""label"": ""CONFLICTUAL"",
   ""confidence"": ""HIGH"",
   ""rationale"": ""The span_text contains targeted derogatory language towards a specific individual ('saggy titties' and 'no ass' likely referring to a female, and 'petter Griffen chin' is a misspelling of 'better Griffin chin' likely referring to Griffin, a male name).""
}";2;1;HIGH;The span_text contains targeted derogatory language towards a specific individual ('saggy titties' and 'no ass' likely referring to a female, and 'petter Griffen chin' is a misspelling of 'better Griffin chin' likely referring to Griffin, a male name).
696;commentators keep calling that Melbourne player a whore? @aflwomens AFLWDeesLions;"{
  ""label"": ""CONFLICTUAL"",
   ""confidence"": ""HIGH"",
   ""rationale"": ""The span_text contains targeted derogatory language ('whore') directed at a specific entity ('Melbourne player'), which is an attack based on a protected category.""
}";2;1;HIGH;The span_text contains targeted derogatory language ('whore') directed at a specific entity ('Melbourne player'), which is an attack based on a protected category.
1002;300 % crit dmg how the hell;"{
  ""label"": ""UNHARMFUL_PROFANITY"",
   ""confidence"": ""HIGH"",
   ""rationale"": ""The span_text contains profanity ('hell') without targeting a specific entity.""
}";1;1;HIGH;The span_text contains profanity ('hell') without targeting a specific entity.
271;me run around like a dumbass— but this is very;"{
  ""label"": ""UNHARMFUL_PROFANITY"",
   ""confidence"": ""MEDIUM"",
   ""rationale"": ""The span_text contains profanity ('dumbass') without targeting a specific entity.""
}";1;1;MEDIUM;The span_text contains profanity ('dumbass') without targeting a specific entity.
19;And I'd love to write one if only someone would;"{
  ""label"": ""NONE"",
   ""confidence"": ""HIGH"",
   ""rationale"": ""The span_text does not contain any conflictual language, profanity, or targeted insults.""
}";0;0;HIGH;The span_text does not contain any conflictual language, profanity, or targeted insults.
303;The secret to longevity. Always have a to-do list and;"{
  ""label"": ""NONE"",
   ""confidence"": ""HIGH"",
   ""rationale"": ""The span_text does not contain any conflictual language, profanity, or slurs.""
}";0;0;HIGH;The span_text does not contain any conflictual language, profanity, or slurs.
184;@user Delete your account (and this is coming frm a;"{
  ""label"": ""CONFLICTUAL"",
   ""confidence"": ""HIGH"",
   ""rationale"": ""The span_text contains a targeted instruction to delete an account, which can be perceived as a form of attack or conflict.""
}";2;2;HIGH;The span_text contains a targeted instruction to delete an account, which can be perceived as a form of attack or conflict.
1700;what inspires Keir Starmer to be such a useless cunt;"{
  ""label"": ""CONFLICTUAL"",
   ""confidence"": ""HIGH"",
   ""rationale"": ""The span contains a targeted insult ('such a useless cunt') directed towards a specific entity (Keir Starmer), which is considered conflictual language.""
}";2;2;HIGH;The span contains a targeted insult ('such a useless cunt') directed towards a specific entity (Keir Starmer), which is considered conflictual language.
190;Wow. What a scoop. How did you work that out??????;"{
  ""label"": ""NONE"",
   ""confidence"": ""HIGH"",
   ""rationale"": ""The span_text does not contain any conflictual language, excessive profanity, or targeted insults.""
}";0;0;HIGH;The span_text does not contain any conflictual language, excessive profanity, or targeted insults.
224;@drosennhl He can't retire. The Hawks would be stuck with;"{
  ""label"": ""NONE"",
   ""confidence"": ""HIGH"",
   ""rationale"": ""The span_text does not contain any conflictual language, profanity, or targeted insults.""
}";0;0;HIGH;The span_text does not contain any conflictual language, profanity, or targeted insults.
1258;the 90s. Much like Inafune's dickheaded ideas about Megaman, Iizuka's;"{
  ""label"": ""CONFLICTUAL"",
   ""confidence"": ""HIGH"",
   ""rationale"": ""The span_text contains a targeted insult towards Iizuka's ideas, specifically calling them 'dickheaded', which is a derogatory term.""
}";2;2;HIGH;The span_text contains a targeted insult towards Iizuka's ideas, specifically calling them 'dickheaded', which is a derogatory term.
1283;with him, he is a sad sack of shite too.;"{
  ""label"": ""UNHARMFUL_PROFANITY"",
   ""confidence"": ""MEDIUM"",
   ""rationale"": ""The span contains profanity, specifically the word 'shite', which is not directed towards a specific entity.""
}";1;1;MEDIUM;The span contains profanity, specifically the word 'shite', which is not directed towards a specific entity.
504;Because he lacks the tenacity to go deeper mentally and;"{
  ""label"": ""NONE"",
   ""confidence"": ""HIGH"",
   ""rationale"": ""The span_text does not contain any profanity, slurs, or targeted insults, nor does it exhibit conflictual language.""
}";0;0;HIGH;The span_text does not contain any profanity, slurs, or targeted insults, nor does it exhibit conflictual language.
943;my nerves watching a few plonkers walk right through the;"{
  ""label"": ""NONE"",
   ""confidence"": ""HIGH"",
   ""rationale"": ""The span_text does not contain any conflictual language, excessive profanity, or targeted insults.""
}";0;2;HIGH;The span_text does not contain any conflictual language, excessive profanity, or targeted insults.
839;Wen, the commie baby k * ller herself, admitted masks;"{
  ""label"": ""CONFLICTUAL"",
   ""confidence"": ""HIGH"",
   ""rationale"": ""The span_text contains conflictual language with phrases 'commie' and 'baby k*ller' which are derogatory and targeted towards a specific group.""
}";2;2;HIGH;The span_text contains conflictual language with phrases 'commie' and 'baby k*ller' which are derogatory and targeted towards a specific group.
307;@JKSteinberger @user Irrational - completely different meaning in science than;"{
  ""label"": ""NONE"",
   ""confidence"": ""HIGH"",
   ""rationale"": ""The span_text does not contain conflictual language, excessive profanity, or targeted insults. It appears to be a neutral statement discussing the meaning of 'irrational' in science.""
}";0;0;HIGH;The span_text does not contain conflictual language, excessive profanity, or targeted insults. It appears to be a neutral statement discussing the meaning of 'irrational' in science.
895;have big boobs so theyre sluts and therefore bad' making;"{
  ""label"": ""CONFLICTUAL"",
   ""confidence"": ""HIGH"",
   ""rationale"": ""The span_text contains a targeted insult based on physical appearance ('big boobs') and a derogatory term ('sluts'), which is a clear example of conflictual language.""
}";2;1;HIGH;The span_text contains a targeted insult based on physical appearance ('big boobs') and a derogatory term ('sluts'), which is a clear example of conflictual language.
55;The scholar and faqih al-Awzā',''' ī was of the opinion;"{
  ""label"": ""NONE"",
   ""confidence"": ""HIGH"",
   ""rationale"": ""The span_text does not contain any conflictual language, profanity, or targeted insults. It appears to be a passage discussing a scholar's opinion.""
}";0;0;HIGH;The span_text does not contain any conflictual language, profanity, or targeted insults. It appears to be a passage discussing a scholar's opinion.
8;You forgot to download the modle;"{
  ""label"": ""NONE"",
   ""confidence"": ""HIGH"",
   ""rationale"": ""The span_text does not contain any conflictual language, excessive profanity, or targeted insults.""
}";0;0;HIGH;The span_text does not contain any conflictual language, excessive profanity, or targeted insults.
40;his hair grow out like that... that's' faggy as fuck.;"{
  ""label"": ""CONFLICTUAL"",
   ""confidence"": ""HIGH"",
   ""rationale"": ""The span_text contains a targeted insult based on a protected category ('faggy'), which aligns with the definition of Conflictual language.""
}";2;2;HIGH;The span_text contains a targeted insult based on a protected category ('faggy'), which aligns with the definition of Conflictual language.
981;- e - Shaheed, Then abdul blown his suicide vest.;"{
  ""label"": ""CONFLICTUAL"",
   ""confidence"": ""HIGH"",
   ""rationale"": ""The span_text contains a reference to a suicide vest and a name 'Shaheed', which is often used to describe a martyr. This implies a violent and potentially conflictual context.""
}";2;2;HIGH;The span_text contains a reference to a suicide vest and a name 'Shaheed', which is often used to describe a martyr. This implies a violent and potentially conflictual context.
431;Neither of us can take Tylenol for headaches, unless it's;"{
  ""label"": ""NONE"",
   ""confidence"": ""HIGH"",
   ""rationale"": ""The span_text does not contain any conflictual language, profanity, or targeted insults.""
}";0;0;HIGH;The span_text does not contain any conflictual language, profanity, or targeted insults.
498;It's basically tricking people in to thinking they',''ll' see a;"{
  ""label"": ""NONE"",
   ""confidence"": ""HIGH"",
   ""rationale"": ""The span_text does not contain any conflictual language, excessive profanity, slur, or targeted insult.""
}";0;0;HIGH;The span_text does not contain any conflictual language, excessive profanity, slur, or targeted insult.
1406;@user Keep at it don't let the fcukers win 👍;"{
  ""label"": ""UNHARMFUL_PROFANITY"",
   ""confidence"": ""HIGH"",
   ""rationale"": ""The span_text contains profanity ('fcukers') without targeting a specific entity.""
}";1;1;HIGH;The span_text contains profanity ('fcukers') without targeting a specific entity.
85;Sup, are you 18+ and not apart of the 18+;"{
  ""label"": ""CONFLICTUAL"",
   ""confidence"": ""MEDIUM"",
   ""rationale"": ""The span_text contains a targeted insult ('apart of the 18+') which implies exclusion based on a protected category.""
}";2;0;MEDIUM;The span_text contains a targeted insult ('apart of the 18+') which implies exclusion based on a protected category.
1285;makes me believe even you know you're full of shit.;"{
  ""label"": ""UNHARMFUL_PROFANITY"",
   ""confidence"": ""HIGH"",
   ""rationale"": ""The span_text contains profanity ('shit') without targeting a specific entity.""
}";1;2;HIGH;The span_text contains profanity ('shit') without targeting a specific entity.
1079;interview with joe rogan you pussy all you guys that;"{
  ""label"": ""UNHARMFUL_PROFANITY"",
   ""confidence"": ""HIGH"",
   ""rationale"": ""The span_text contains profanity ('pussy') without targeting a specific entity.""
}";1;2;HIGH;The span_text contains profanity ('pussy') without targeting a specific entity.
1133;are about to date because i fuckinggggg love Wale 😩;"{
  ""label"": ""UNHARMFUL_PROFANITY"",
   ""confidence"": ""HIGH"",
   ""rationale"": ""The presence of excessive profanity in the span_text, specifically the repeated use of the word 'fucking', justifies this classification.""
}";1;1;HIGH;The presence of excessive profanity in the span_text, specifically the repeated use of the word 'fucking', justifies this classification.
1550;@user you got to be fucking kidding me, first of;"{
  ""label"": ""UNHARMFUL_PROFANITY"",
   ""confidence"": ""HIGH"",
   ""rationale"": ""The span_text contains profanity ('fucking') without targeting a specific entity.""
}";1;1;HIGH;The span_text contains profanity ('fucking') without targeting a specific entity.
440;some hard working and drinking mofos around. Many had a;"{
  ""label"": ""NONE"",
   ""confidence"": ""HIGH"",
   ""rationale"": ""The span_text contains a colloquial expression 'mofos' which is a mild profanity, but it's not directed towards a specific entity and does not contain any conflictual language.""
}";0;1;HIGH;The span_text contains a colloquial expression 'mofos' which is a mild profanity, but it's not directed towards a specific entity and does not contain any conflictual language.
1473;the aesthetic but the whole girldick thing takes on a;"{
  ""label"": ""UNHARMFUL_PROFANITY"",
   ""confidence"": ""MEDIUM"",
   ""rationale"": ""The presence of the word 'girldick' suggests profanity, despite the context being somewhat ambiguous.""
}";1;1;MEDIUM;The presence of the word 'girldick' suggests profanity, despite the context being somewhat ambiguous.
77;i follow a lot of fanartists who draw bakugo often;"{
  ""label"": ""NONE"",
   ""confidence"": ""HIGH"",
   ""rationale"": ""The span_text does not contain any conflictual language, profanity, or targeted insults, making it suitable for the 'NONE' label.""
}";0;0;HIGH;The span_text does not contain any conflictual language, profanity, or targeted insults, making it suitable for the 'NONE' label.
45;@BeckyQuick U made gt points in chat w/ @megtirrell But;"{
  ""label"": ""NONE"",
   ""confidence"": ""HIGH"",
   ""rationale"": ""The span_text does not contain any conflictual language, excessive profanity, or targeted insults.""
}";0;0;HIGH;The span_text does not contain any conflictual language, excessive profanity, or targeted insults.
479;@casspernyovest Is he suicidal or sth;"{
  ""label"": ""CONFLICTUAL"",
   ""confidence"": ""HIGH"",
   ""rationale"": ""The span_text contains a question that implies suicidal thoughts, which is a sensitive and conflictual topic.""
}";2;0;HIGH;The span_text contains a question that implies suicidal thoughts, which is a sensitive and conflictual topic.
910;or wouldn't correct the lie about Meghan not making her;"{
  ""label"": ""CONFLICTUAL"",
   ""confidence"": ""HIGH"",
   ""rationale"": ""The span_text contains language attacking Meghan, which is a protected category.""
}";2;2;HIGH;The span_text contains language attacking Meghan, which is a protected category.
1092;long cut and wave his gun around at the school;"{
  ""label"": ""CONFLICTUAL"",
   ""confidence"": ""HIGH"",
   ""rationale"": ""The span_text contains a threat ('cut and wave his gun around') which implies a potential attack, specifically targeting a protected category ('school') and therefore is classified as Conflictual language.""
}";2;2;HIGH;The span_text contains a threat ('cut and wave his gun around') which implies a potential attack, specifically targeting a protected category ('school') and therefore is classified as Conflictual language.
1628;well soon Joonie, Jin and Yoongi: (fight that motherfcking covid;"{
  ""label"": ""UNHARMFUL_PROFANITY"",
   ""confidence"": ""HIGH"",
   ""rationale"": ""The span_text contains profanity ('motherfcking') but does not target a specific entity.""
}";1;1;HIGH;The span_text contains profanity ('motherfcking') but does not target a specific entity.
489;I cried, I screamed I wanted to be a pitied;"{
  ""label"": ""NONE"",
   ""confidence"": ""HIGH"",
   ""rationale"": ""The span_text expresses a personal emotional state and does not contain any conflictual language, profanity, or targeted insults.""
}";0;0;HIGH;The span_text expresses a personal emotional state and does not contain any conflictual language, profanity, or targeted insults.
1025;@GlobalNational Mindless bobbleheads believe CO2 is the earth's temperature control;"{
  ""label"": ""CONFLICTUAL"",
   ""confidence"": ""HIGH"",
   ""rationale"": ""The span_text contains a targeted attack on a protected category ('Mindless bobbleheads') implying a derogatory term for people with certain beliefs.""
}";2;2;HIGH;The span_text contains a targeted attack on a protected category ('Mindless bobbleheads') implying a derogatory term for people with certain beliefs.
1622;here.','Y'all' really normalize in losing, @BLACKPINK deserves better smfh. 😔;"{
  ""label"": ""CONFLICTUAL"",
   ""confidence"": ""HIGH"",
   ""rationale"": ""The span_text contains targeted language towards a protected category ('BLACKPINK') and an attack based on race ('@BLACKPINK').""
}";2;1;HIGH;The span_text contains targeted language towards a protected category ('BLACKPINK') and an attack based on race ('@BLACKPINK').
1606;i got ta download and switch all this shit 😭;"{
  ""label"": ""UNHARMFUL_PROFANITY"",
   ""confidence"": ""HIGH"",
   ""rationale"": ""The span_text contains profanity ('shit') without targeting a specific entity.""
}";1;1;HIGH;The span_text contains profanity ('shit') without targeting a specific entity.
1885;saying 'wow you're not like the other jiggaboo tar babies';"{
  ""label"": ""CONFLICTUAL"",
   ""confidence"": ""HIGH"",
   ""rationale"": ""The span contains a targeted insult ('jiggaboo tar babies') which is directed towards a specific entity, thus qualifying as conflictual language.""
}";2;2;HIGH;The span contains a targeted insult ('jiggaboo tar babies') which is directed towards a specific entity, thus qualifying as conflictual language.
677;the people that you personally killed with COVID by delaying;"{
  ""label"": ""CONFLICTUAL"",
   ""confidence"": ""HIGH"",
   ""rationale"": ""The span_text contains a targeted attack based on a protected category (COVID) and implies personal responsibility for deaths, which is conflictual.""
}";2;2;HIGH;The span_text contains a targeted attack based on a protected category (COVID) and implies personal responsibility for deaths, which is conflictual.
254;@user I'm' not a maga jackass ya bitch. So stfu.;"{
  ""label"": ""CONFLICTUAL"",
   ""confidence"": ""HIGH"",
   ""rationale"": ""The span_text contains targeted insults and derogatory language towards a protected category ('maga' is a derogatory term for supporters of a particular political ideology).""
}";2;1;HIGH;The span_text contains targeted insults and derogatory language towards a protected category ('maga' is a derogatory term for supporters of a particular political ideology).
919;Had permission to sissygasm tonight. With a vibrator on my;"{
  ""label"": ""UNHARMFUL_PROFANITY"",
   ""confidence"": ""HIGH"",
   ""rationale"": ""The span_text contains profanity ('sissygasm') that is not directed towards a specific entity.""
}";1;1;HIGH;The span_text contains profanity ('sissygasm') that is not directed towards a specific entity.
1842;just ruined my whole day. You're ugly, crusty, musty and;"{
  ""label"": ""CONFLICTUAL"",
   ""confidence"": ""HIGH"",
   ""rationale"": ""The span_text contains targeted insults based on physical appearance, specifically 'ugly, crusty, musty'.""
}";2;2;HIGH;The span_text contains targeted insults based on physical appearance, specifically 'ugly, crusty, musty'.
1723;"will be exonerated; troglodyte base will be emboldened. Tiebreaker: politicians";"{
  ""label"": ""CONFLICTUAL"",
   ""confidence"": ""HIGH"",
   ""rationale"": ""The span_text contains targeted insult ('troglodyte') and conflictual language ('emboldened politicians').""
}";2;2;HIGH;The span_text contains targeted insult ('troglodyte') and conflictual language ('emboldened politicians').
1660;yet there's still absolute cockwombles pissing about and doing whatever;"{
  ""label"": ""UNHARMFUL_PROFANITY"",
   ""confidence"": ""HIGH"",
   ""rationale"": ""The span_text contains profanity ('cockwombles') which is not directed toward a specific entity.""
}";1;1;HIGH;The span_text contains profanity ('cockwombles') which is not directed toward a specific entity.
369;@HillaryClinton @MasterClass Teaching, what exactly? I mean you've had more;"{
  ""label"": ""CONFLICTUAL"",
   ""confidence"": ""MEDIUM"",
   ""rationale"": ""The span_text contains a targeted insult towards @HillaryClinton, which is a protected category.""
}";2;2;MEDIUM;The span_text contains a targeted insult towards @HillaryClinton, which is a protected category.
61;hater, this is the future muthafuckas. Get onboard or get;"{
  ""label"": ""UNHARMFUL_PROFANITY"",
   ""confidence"": ""HIGH"",
   ""rationale"": ""The span_text contains profanity ('muthafuckas') without targeting a specific entity.""
}";1;1;HIGH;The span_text contains profanity ('muthafuckas') without targeting a specific entity.
56;While Jake investigates a story involving the Dominion, Odo is;"{
  ""label"": ""NONE"",
   ""confidence"": ""HIGH"",
   ""rationale"": ""The span_text does not contain any conflictual language, excessive profanity, slur, or targeted insult.""
}";0;0;HIGH;The span_text does not contain any conflictual language, excessive profanity, slur, or targeted insult.
65;@user Trashy Thanos FAHTHICK AROUND AND FOUND OUT 😂😂😂 I;"{
  ""label"": ""CONFLICTUAL"",
   ""confidence"": ""HIGH"",
   ""rationale"": ""The span_text contains a targeted attack based on a protected category ('FAHTHICK') and a celebratory tone (\ud83d\ude02\ud83d\ude02\ud83d\ude02), indicating conflictual language.""
}";2;2;HIGH;The span_text contains a targeted attack based on a protected category ('FAHTHICK') and a celebratory tone (😂😂😂), indicating conflictual language.
1614;got rid of that femboy ass physique you'd get some;"{
  ""label"": ""CONFLICTUAL"",
   ""confidence"": ""HIGH"",
   ""rationale"": ""The span_text contains a targeted insult based on a protected category ('femboy').""
}";2;2;HIGH;The span_text contains a targeted insult based on a protected category ('femboy').
312;After having to shield at home for most of the;"{
  ""label"": ""NONE"",
   ""confidence"": ""HIGH"",
   ""rationale"": ""The span_text does not contain any conflictual language, profanity, or targeted insults.""
}";0;0;HIGH;The span_text does not contain any conflictual language, profanity, or targeted insults.
142;having anxiety is a daily battle 🙁 this shit sucks.;"{
  ""label"": ""UNHARMFUL_PROFANITY"",
   ""confidence"": ""HIGH"",
   ""rationale"": ""The presence of profanity ('shit') in the span_text, without any targeted insult or slur, justifies this classification.""
}";1;1;HIGH;The presence of profanity ('shit') in the span_text, without any targeted insult or slur, justifies this classification.
337;kinky side, a consultant with a little bit of slut.;"{
  ""label"": ""UNHARMFUL_PROFANITY"",
   ""confidence"": ""MEDIUM"",
   ""rationale"": ""The span_text contains profanity ('slut') that is not directed toward a specific entity.""
}";1;1;MEDIUM;The span_text contains profanity ('slut') that is not directed toward a specific entity.
344;@piersmorgan @BorisJohnson @MattHancock @RishiSunak And were taxed on that 1;"{
  ""label"": ""UNHARMFUL_PROFANITY"",
   ""confidence"": ""MEDIUM"",
   ""rationale"": ""The span_text contains profanity ('taxed on that 1') which is not directed toward a specific entity, but still considered UNHARMFUL_PROFANITY due to the presence of profanity.""
}";1;0;MEDIUM;The span_text contains profanity ('taxed on that 1') which is not directed toward a specific entity, but still considered UNHARMFUL_PROFANITY due to the presence of profanity.
693;the design too - assholes like you slowing shit down;"{
  ""label"": ""UNHARMFUL_PROFANITY"",
   ""confidence"": ""HIGH"",
   ""rationale"": ""The span_text contains profanity ('assholes', 'shit') without targeting a specific entity.""
}";1;2;HIGH;The span_text contains profanity ('assholes', 'shit') without targeting a specific entity.
1047;at every stage shitcunts pisspoor crap panasonicled panasonic television useless;"{
  ""label"": ""UNHARMFUL_PROFANITY"",
   ""confidence"": ""HIGH"",
   ""rationale"": ""The span contains excessive profanity, including 'shitcunts', 'pisspoor', 'crap', which are not directed towards a specific entity.""
}";1;2;HIGH;The span contains excessive profanity, including 'shitcunts', 'pisspoor', 'crap', which are not directed towards a specific entity.
1290;@user @user punch dat mofucking in da face u hated;"{
  ""label"": ""CONFLICTUAL"",
   ""confidence"": ""HIGH"",
   ""rationale"": ""The span contains a targeted insult phrase 'punch dat mofucking in da face' which is directed towards a specific entity (@user), indicating conflictual language.""
}";2;2;HIGH;The span contains a targeted insult phrase 'punch dat mofucking in da face' which is directed towards a specific entity (@user), indicating conflictual language.
521;I was doing homework. COVID made me a boring motherfucker;"{
  ""label"": ""UNHARMFUL_PROFANITY"",
   ""confidence"": ""HIGH"",
   ""rationale"": ""The presence of the profanity 'motherfucker' in the span_text, which is not directed towards a specific entity, classifies it as UNHARMFUL_PROFANITY.""
}";1;1;HIGH;The presence of the profanity 'motherfucker' in the span_text, which is not directed towards a specific entity, classifies it as UNHARMFUL_PROFANITY.
420;said scholesy stick to sucking your daughters toes mate clueless;"{
  ""label"": ""CONFLICTUAL"",
   ""confidence"": ""HIGH"",
   ""rationale"": ""The span contains targeted insult towards a protected category ('daughter') which is a form of conflictual language.""
}";2;2;HIGH;The span contains targeted insult towards a protected category ('daughter') which is a form of conflictual language.
1341;He would using for her fapping this bitch could not;"{
  ""label"": ""UNHARMFUL_PROFANITY"",
   ""confidence"": ""HIGH"",
   ""rationale"": ""The span_text contains profanity ('fapping', 'bitch') without targeting a specific entity.""
}";1;1;HIGH;The span_text contains profanity ('fapping', 'bitch') without targeting a specific entity.
1596;back in the news The bastards behind the violence are;"{
  ""label"": ""CONFLICTUAL"",
   ""confidence"": ""HIGH"",
   ""rationale"": ""The presence of the word 'bastards' is an attack based on a protected category, implying a conflictual tone.""
}";2;1;HIGH;The presence of the word 'bastards' is an attack based on a protected category, implying a conflictual tone.
616;fraudulent... it can't be both or you're a moronic idiot!!!;"{
  ""label"": ""CONFLICTUAL"",
   ""confidence"": ""HIGH"",
   ""rationale"": ""The span_text contains a targeted insult ('moronic idiot') directed at a specific entity ('you'), which is considered conflictual language.""
}";2;1;HIGH;The span_text contains a targeted insult ('moronic idiot') directed at a specific entity ('you'), which is considered conflictual language.
116;i received a news that yedam might leave treasure? the;"{
  ""label"": ""NONE"",
   ""confidence"": ""HIGH"",
   ""rationale"": ""No conflictual language, profanity, or targeted insults found in the span_text.""
}";0;0;HIGH;No conflictual language, profanity, or targeted insults found in the span_text.
713;I'd get to say that I dated fucking freddy fazbear;"{
  ""label"": ""UNHARMFUL_PROFANITY"",
   ""confidence"": ""HIGH"",
   ""rationale"": ""The span_text contains profanity ('fucking') which is not directed towards a specific entity.""
}";1;1;HIGH;The span_text contains profanity ('fucking') which is not directed towards a specific entity.
714;know no one gives a shit but I'm a year;"{
  ""label"": ""UNHARMFUL_PROFANITY"",
   ""confidence"": ""HIGH"",
   ""rationale"": ""The span_text contains profanity ('shit') without targeting a specific entity.""
}";1;1;HIGH;The span_text contains profanity ('shit') without targeting a specific entity.
589;I have pretty clear memories of going to town on;"{
  ""label"": ""NONE"",
   ""confidence"": ""HIGH"",
   ""rationale"": ""The span_text does not contain any conflictual language, profanity, or targeted insults.""
}";0;0;HIGH;The span_text does not contain any conflictual language, profanity, or targeted insults.
76;@BTS_twt Pa muchim is in the thread.. we don't understand;"{
  ""label"": ""NONE"",
   ""confidence"": ""HIGH"",
   ""rationale"": ""The span_text contains a neutral statement about not understanding a thread, without any conflictual or profane language.""
}";0;0;HIGH;The span_text contains a neutral statement about not understanding a thread, without any conflictual or profane language.
1721;If u were a vegetable.. you'd be a Cab-bitch!;"{
  ""label"": ""UNHARMFUL_PROFANITY"",
   ""confidence"": ""HIGH"",
   ""rationale"": ""The span contains profanity ('Cab-bitch') without targeting a specific entity, fitting the UNHARMFUL_PROFANITY label.""
}";1;1;HIGH;The span contains profanity ('Cab-bitch') without targeting a specific entity, fitting the UNHARMFUL_PROFANITY label.
1032;@KTLA This shit is obscene and that judge is sick.;"{
  ""label"": ""CONFLICTUAL"",
   ""confidence"": ""HIGH"",
   ""rationale"": ""The span_text contains targeted insult towards a judge, which is a protected category.""
}";2;2;HIGH;The span_text contains targeted insult towards a judge, which is a protected category.
48;this poor man up for clicks and views. Fkn pathetic;"{
  ""label"": ""UNHARMFUL_PROFANITY"",
   ""confidence"": ""HIGH"",
   ""rationale"": ""The span_text contains profanity ('Fkn') without targeting a specific entity.""
}";1;1;HIGH;The span_text contains profanity ('Fkn') without targeting a specific entity.
1421;parts of yourself. That's like fucking up your most prized;"{
  ""label"": ""UNHARMFUL_PROFANITY"",
   ""confidence"": ""MEDIUM"",
   ""rationale"": ""The presence of profanity in the span_text, specifically the word 'fucking', justifies this classification.""
}";1;1;MEDIUM;The presence of profanity in the span_text, specifically the word 'fucking', justifies this classification.
41;physically in my sweatpants studying maths, mentally in my dark;"{
  ""label"": ""NONE"",
   ""confidence"": ""HIGH"",
   ""rationale"": ""The span_text does not contain any conflictual language, excessive profanity, or targeted insults.""
}";0;0;HIGH;The span_text does not contain any conflictual language, excessive profanity, or targeted insults.
1244;@user Giving cash to the homeless makes them capitalists? Fuckin;"{
  ""label"": ""UNHARMFUL_PROFANITY"",
   ""confidence"": ""HIGH"",
   ""rationale"": ""The presence of profanity in the span_text, specifically the word 'Fuckin', is the justification for this label.""
}";1;2;HIGH;The presence of profanity in the span_text, specifically the word 'Fuckin', is the justification for this label.
497;He fell asleep still sobbing, feeling so empty physically and;"{
  ""label"": ""NONE"",
   ""confidence"": ""HIGH"",
   ""rationale"": ""The span_text does not contain any conflictual language, slurs, or excessive profanity, and does not target a specific entity.""
}";0;0;HIGH;The span_text does not contain any conflictual language, slurs, or excessive profanity, and does not target a specific entity.
472;@kilmeade @bdomenech Think you are the one who needs to;"{
  ""label"": ""CONFLICTUAL"",
   ""confidence"": ""MEDIUM"",
   ""rationale"": ""The span_text contains a targeted insult with the phrase 'Think you are the one who needs to', which implies a conflictual tone.""
}";2;0;MEDIUM;The span_text contains a targeted insult with the phrase 'Think you are the one who needs to', which implies a conflictual tone.
494;trauma dumping is not okay and really kills the mood;"{
  ""label"": ""CONFLICTUAL"",
   ""confidence"": ""MEDIUM"",
   ""rationale"": ""The span_text contains a statement that can be perceived as an attack or negative judgment on a specific behavior ('trauma dumping'), which may be considered conflictual.""
}";2;2;MEDIUM;The span_text contains a statement that can be perceived as an attack or negative judgment on a specific behavior ('trauma dumping'), which may be considered conflictual.
211;Of course he's found not guilty. He's white 🤷🏽\u200d♀️;"{
  ""label"": ""CONFLICTUAL"",
   ""confidence"": ""HIGH"",
   ""rationale"": ""The span_text contains a racial bias phrase '\ud83e\udd37\ud83c\udffd\\u200d\u2640\ufe0f' which is an emoji representing a white person, indicating a conflictual language.""
}";2;2;HIGH;The span_text contains a racial bias phrase '🤷🏽\u200d♀️' which is an emoji representing a white person, indicating a conflictual language.
28;watching mx on vacation why is kihyun so energetic first;"{
  ""label"": ""NONE"",
   ""confidence"": ""HIGH"",
   ""rationale"": ""The span_text does not contain conflictual language, profanity, or targeted insults, making it suitable for the NONE label.""
}";0;0;HIGH;The span_text does not contain conflictual language, profanity, or targeted insults, making it suitable for the NONE label.
342;get in fan wars and shit like this happens, and;"{
  ""label"": ""UNHARMFUL_PROFANITY"",
   ""confidence"": ""MEDIUM"",
   ""rationale"": ""The span_text contains profanity ('shit') which is not directed towards a specific entity, thus fitting the UNHARMFUL_PROFANITY label.""
}";1;1;MEDIUM;The span_text contains profanity ('shit') which is not directed towards a specific entity, thus fitting the UNHARMFUL_PROFANITY label.
73;yeah yeah I agree, I was just talking about the;"{
  ""label"": ""NONE"",
   ""confidence"": ""HIGH"",
   ""rationale"": ""The span_text does not contain any conflictual language, excessive profanity, or targeted insults.""
}";0;0;HIGH;The span_text does not contain any conflictual language, excessive profanity, or targeted insults.
390;You know what's depressing? Knowing the local baby pantries/supply charities;"{
  ""label"": ""NONE"",
   ""confidence"": ""HIGH"",
   ""rationale"": ""The span_text does not contain any conflictual language, profanity, or targeted insults.""
}";0;0;HIGH;The span_text does not contain any conflictual language, profanity, or targeted insults.
1627;Get away from Ranboo you slimy green bastard. All Dream;"{
  ""label"": ""CONFLICTUAL"",
   ""confidence"": ""HIGH"",
   ""rationale"": ""The span_text contains targeted insults based on protected categories ('slimy green bastard') and directed towards a specific entity ('Ranboo').""
}";2;2;HIGH;The span_text contains targeted insults based on protected categories ('slimy green bastard') and directed towards a specific entity ('Ranboo').
474;@Timcast Supporting a claim of misrepresentation with misrepresentation? He paid;"{
  ""label"": ""NONE"",
   ""confidence"": ""MEDIUM"",
   ""rationale"": ""The span_text contains a statement questioning the credibility of someone, but does not contain any profanity, slurs, or targeted insults.""
}";0;0;MEDIUM;The span_text contains a statement questioning the credibility of someone, but does not contain any profanity, slurs, or targeted insults.
1286;@user @user Your cock is totally yummy bimate🔥;"{
  ""label"": ""UNHARMFUL_PROFANITY"",
   ""confidence"": ""HIGH"",
   ""rationale"": ""The span_text contains profanity ('cock', 'bimate') without targeting a specific entity.""
}";1;1;HIGH;The span_text contains profanity ('cock', 'bimate') without targeting a specific entity.
107;@hakeemjeffries innocent until proven guilty, mr representative (guess they don't;"{
  ""label"": ""CONFLICTUAL"",
   ""confidence"": ""HIGH"",
   ""rationale"": ""The span_text contains a targeted insult towards a representative, which is a form of conflictual language.""
}";2;0;HIGH;The span_text contains a targeted insult towards a representative, which is a form of conflictual language.
748;boss just played the meanest fucking prank on me! He;"{
  ""label"": ""UNHARMFUL_PROFANITY"",
   ""confidence"": ""HIGH"",
   ""rationale"": ""The span_text contains profanity ('fucking') without targeting a specific entity.""
}";1;1;HIGH;The span_text contains profanity ('fucking') without targeting a specific entity.
1069;@barstoolsports @SpinninBackfist Looks like a bunch of fags!;"{
  ""label"": ""CONFLICTUAL"",
   ""confidence"": ""HIGH"",
   ""rationale"": ""The span_text contains a derogatory term ('fags') directed at a group of people, which is an attack based on a protected category.""
}";2;2;HIGH;The span_text contains a derogatory term ('fags') directed at a group of people, which is an attack based on a protected category.
1989;y'all niggas some straight faggies who tf sits and talks;"{
  ""label"": ""CONFLICTUAL"",
   ""confidence"": ""HIGH"",
   ""rationale"": ""The span_text contains targeted insults towards protected categories (LGBTQ+ individuals) based on explicit phrases ('faggies').""
}";2;2;HIGH;The span_text contains targeted insults towards protected categories (LGBTQ+ individuals) based on explicit phrases ('faggies').
123;Congratulations to the people who I rooted for in the;"{
  ""label"": ""NONE"",
   ""confidence"": ""HIGH"",
   ""rationale"": ""The span_text does not contain any conflictual language, excessive profanity, or targeted insults.""
}";0;0;HIGH;The span_text does not contain any conflictual language, excessive profanity, or targeted insults.
1776;Same level of lies, same level of ignorance, same bullshit.;"{
  ""label"": ""UNHARMFUL_PROFANITY"",
   ""confidence"": ""HIGH"",
   ""rationale"": ""The span_text contains profanity ('bullshit') without targeting a specific entity.""
}";1;2;HIGH;The span_text contains profanity ('bullshit') without targeting a specific entity.
1098;Like transport Cop with me and my wife. scum fuckinggrim;"{
  ""label"": ""UNHARMFUL_PROFANITY"",
   ""confidence"": ""HIGH"",
   ""rationale"": ""The span_text contains profanity ('fuckinggrim') without targeting a specific entity.""
}";1;1;HIGH;The span_text contains profanity ('fuckinggrim') without targeting a specific entity.
1245;damn tweet. Stop being purposely obtuse you absolute moron, its;"{
  ""label"": ""CONFLICTUAL"",
   ""confidence"": ""HIGH"",
   ""rationale"": ""The span_text contains a targeted insult ('absolute moron') directed towards a specific entity, which is classified as conflictual language.""
}";2;2;HIGH;The span_text contains a targeted insult ('absolute moron') directed towards a specific entity, which is classified as conflictual language.
509;8PAY IDO whitelisting is now open. BSC BSCPAD 8PAY;"{
  ""label"": ""NONE"",
   ""confidence"": ""HIGH"",
   ""rationale"": ""The span_text does not contain any conflictual language, excessive profanity, or targeted insults.""
}";0;0;HIGH;The span_text does not contain any conflictual language, excessive profanity, or targeted insults.
103;reflects on you Not weepin'' in a party bathroom Some;"{
  ""label"": ""NONE"",
   ""confidence"": ""HIGH"",
   ""rationale"": ""The span_text does not contain any conflictual language, excessive profanity, or targeted insults. It appears to be a narrative description.""
}";0;0;HIGH;The span_text does not contain any conflictual language, excessive profanity, or targeted insults. It appears to be a narrative description.
792;of my foot I transform into a vicious hateful bitch;"{
  ""label"": ""CONFLICTUAL"",
   ""confidence"": ""HIGH"",
   ""rationale"": ""The span_text contains a derogatory term ('hateful bitch') directed at a protected category ('woman').""
}";2;1;HIGH;The span_text contains a derogatory term ('hateful bitch') directed at a protected category ('woman').
1733;to me she probably already knows I like girls fucccc;"{
  ""label"": ""UNHARMFUL_PROFANITY"",
   ""confidence"": ""HIGH"",
   ""rationale"": ""The span contains profanity ('fucccc'), which is a strong indicator for UNHARMFUL_PROFANITY label.""
}";1;1;HIGH;The span contains profanity ('fucccc'), which is a strong indicator for UNHARMFUL_PROFANITY label.
417;the day fully hating everyone who thinks it's a joke;"{
  ""label"": ""CONFLICTUAL"",
   ""confidence"": ""HIGH"",
   ""rationale"": ""The span_text contains language that is an attack based on a protected category ('hating everyone'), indicating conflictual language.""
}";2;2;HIGH;The span_text contains language that is an attack based on a protected category ('hating everyone'), indicating conflictual language.
1295;@user A girlcock dipped in cake for Christmas. Yes, please.;"{
  ""label"": ""UNHARMFUL_PROFANITY"",
   ""confidence"": ""MEDIUM"",
   ""rationale"": ""The span_text contains profanity ('girlcock') which is not directed toward a specific entity.""
}";1;1;MEDIUM;The span_text contains profanity ('girlcock') which is not directed toward a specific entity.
561;@alexberesfordTV @piersmorgan Is this how @user and @GMB are choosing;"{
  ""label"": ""NONE"",
   ""confidence"": ""HIGH"",
   ""rationale"": ""The span_text contains a question and mentions of Twitter handles, but does not contain any profanity, slurs, or targeted insults.""
}";0;0;HIGH;The span_text contains a question and mentions of Twitter handles, but does not contain any profanity, slurs, or targeted insults.
1910;i would describe you as a pretentious shitrug that likes;"{
  ""label"": ""UNHARMFUL_PROFANITY"",
   ""confidence"": ""HIGH"",
   ""rationale"": ""The span_text contains profanity ('shitrug') which is not directed towards a specific entity.""
}";1;2;HIGH;The span_text contains profanity ('shitrug') which is not directed towards a specific entity.
1100;@robreiner A bunch of hypocritical wankers. Deny covid-19 but many;"{
  ""label"": ""CONFLICTUAL"",
   ""confidence"": ""HIGH"",
   ""rationale"": ""The span_text contains a targeted insult, 'hypocritical wankers', which is directed at a specific entity, @robreiner, and is based on protected categories.""
}";2;1;HIGH;The span_text contains a targeted insult, 'hypocritical wankers', which is directed at a specific entity, @robreiner, and is based on protected categories.
175;Eggs with bacon bits and mushrooms, strawberry wild blueberry spinach;"{
  ""label"": ""NONE"",
   ""confidence"": ""HIGH"",
   ""rationale"": ""The span_text contains a list of food items and does not contain any conflictual language, excessive profanity, or targeted insults.""
}";0;0;HIGH;The span_text contains a list of food items and does not contain any conflictual language, excessive profanity, or targeted insults.
188;on man don't make excuses to be a prick where's;"{
  ""label"": ""UNHARMFUL_PROFANITY"",
   ""confidence"": ""HIGH"",
   ""rationale"": ""The span contains profanity ('prick') without targeting a specific entity.""
}";1;2;HIGH;The span contains profanity ('prick') without targeting a specific entity.
323;like and then I remember shit like this happens all;"{
  ""label"": ""UNHARMFUL_PROFANITY"",
   ""confidence"": ""MEDIUM"",
   ""rationale"": ""The span_text contains profanity ('shit'), which is a reason for classification as UNHARMFUL_PROFANITY.""
}";1;1;MEDIUM;The span_text contains profanity ('shit'), which is a reason for classification as UNHARMFUL_PROFANITY.
277;anti-racism'... like, no, you absolute fuckface!!! That's all wrong! The;"{
  ""label"": ""CONFLICTUAL"",
   ""confidence"": ""HIGH"",
   ""rationale"": ""The presence of the phrase 'anti-racism' and the targeted insult 'absolute fuckface' directed at a person or group, indicates conflictual language.""
}";2;1;HIGH;The presence of the phrase 'anti-racism' and the targeted insult 'absolute fuckface' directed at a person or group, indicates conflictual language.
481;Bro got 1 follower but holding class on weewees lol;"{
  ""label"": ""NONE"",
   ""confidence"": ""HIGH"",
   ""rationale"": ""The span_text contains casual language and a joke, but no conflictual or profane content.""
}";0;0;HIGH;The span_text contains casual language and a joke, but no conflictual or profane content.
900;It's really some Duck Dynasty looking muthafucka at the crib;"{
  ""label"": ""UNHARMFUL_PROFANITY"",
   ""confidence"": ""HIGH"",
   ""rationale"": ""The span contains profanity ('muthafucka') which is not directed towards a specific entity, but the presence of the word 'looking' followed by a derogatory term suggests a negative connotation.""
}";1;2;HIGH;The span contains profanity ('muthafucka') which is not directed towards a specific entity, but the presence of the word 'looking' followed by a derogatory term suggests a negative connotation.
343;I definitely need to figure out how to get out;"{
  ""label"": ""NONE"",
   ""confidence"": ""HIGH"",
   ""rationale"": ""The span_text does not contain any conflictual language, profanity, or targeted insults.""
}";0;0;HIGH;The span_text does not contain any conflictual language, profanity, or targeted insults.
217;Cursed DnD 5e Characters that make your DM want to;"{
  ""label"": ""NONE"",
   ""confidence"": ""HIGH"",
   ""rationale"": ""The span_text contains a title for a Dungeons & Dragons (DnD) 5th edition content, which is a fictional and creative work. The language used is not conflictual, profane, or targeted at a specific entity.""
}";0;0;HIGH;The span_text contains a title for a Dungeons & Dragons (DnD) 5th edition content, which is a fictional and creative work. The language used is not conflictual, profane, or targeted at a specific entity.
715;belong!!! No doubt the thieving bastards will just get a;"{
  ""label"": ""CONFLICTUAL"",
   ""confidence"": ""HIGH"",
   ""rationale"": ""The span_text contains targeted insult phrases ('thieving bastards') which are directed towards a specific entity.""
}";2;1;HIGH;The span_text contains targeted insult phrases ('thieving bastards') which are directed towards a specific entity.
221;but i feel like everyone else gets to enjoy recovery;"{
  ""label"": ""CONFLICTUAL"",
   ""confidence"": ""MEDIUM"",
   ""rationale"": ""The span_text implies a perceived inequality or injustice, which is a form of conflictual language.""
}";2;2;MEDIUM;The span_text implies a perceived inequality or injustice, which is a form of conflictual language.
69;the jury, for those of you that are idiots unanimous;"{
  ""label"": ""CONFLICTUAL"",
   ""confidence"": ""HIGH"",
   ""rationale"": ""The span_text contains a targeted insult ('idiots') directed at a group of people ('those of you'), which is a form of conflictual language.""
}";2;2;HIGH;The span_text contains a targeted insult ('idiots') directed at a group of people ('those of you'), which is a form of conflictual language.
1898;good afternoon bitchasses, its me ur least favourite oomf krist;"{
  ""label"": ""UNHARMFUL_PROFANITY"",
   ""confidence"": ""HIGH"",
   ""rationale"": ""The span_text contains profanity ('bitchasses', 'oomf') without targeting a specific entity.""
}";1;2;HIGH;The span_text contains profanity ('bitchasses', 'oomf') without targeting a specific entity.
520;@herdyshepherd1 @RoryStewartUK Feel sorry for @herdyshepherd1 by mycreating so much;"{
  ""label"": ""NONE"",
   ""confidence"": ""HIGH"",
   ""rationale"": ""The span_text contains a neutral statement with no conflictual language, excessive profanity, or targeted insults.""
}";0;0;HIGH;The span_text contains a neutral statement with no conflictual language, excessive profanity, or targeted insults.
1268;are a badass pair of bytches... When they come for;"{
  ""label"": ""UNHARMFUL_PROFANITY"",
   ""confidence"": ""HIGH"",
   ""rationale"": ""The span_text contains profanity ('badass' and 'bytches') without targeting a specific entity.""
}";1;1;HIGH;The span_text contains profanity ('badass' and 'bytches') without targeting a specific entity.
1426;wan na feel that big fat juicy cock inside me🥵;"{
  ""label"": ""UNHARMFUL_PROFANITY"",
   ""confidence"": ""HIGH"",
   ""rationale"": ""The span_text contains profanity ('cock') without targeting a specific entity.""
}";1;1;HIGH;The span_text contains profanity ('cock') without targeting a specific entity.
784;are AT POVERTY. Way to shoot for the moon fucktards.;"{
  ""label"": ""CONFLICTUAL"",
   ""confidence"": ""HIGH"",
   ""rationale"": ""The span_text contains a targeted insult ('fucktards') and an attack based on a protected category ('shoot for the moon'), which is considered conflictual language.""
}";2;1;HIGH;The span_text contains a targeted insult ('fucktards') and an attack based on a protected category ('shoot for the moon'), which is considered conflictual language.
1280;adrenal glands, these are really evil people - may be;"{
  ""label"": ""CONFLICTUAL"",
   ""confidence"": ""HIGH"",
   ""rationale"": ""The span_text contains language that can be considered an attack based on protected categories, specifically 'these are really evil people'.""
}";2;2;HIGH;The span_text contains language that can be considered an attack based on protected categories, specifically 'these are really evil people'.
1337;like 5 minutes after talking to Kels 😂😂😂 holy shitttt;"{
  ""label"": ""UNHARMFUL_PROFANITY"",
   ""confidence"": ""HIGH"",
   ""rationale"": ""The span_text contains excessive profanity ('holy shitttt') without targeting a specific entity.""
}";1;1;HIGH;The span_text contains excessive profanity ('holy shitttt') without targeting a specific entity.
330;edtwt so racist? cant you guys just starve in peace?;"{
  ""label"": ""CONFLICTUAL"",
   ""confidence"": ""HIGH"",
   ""rationale"": ""The span_text contains a targeted insult based on a protected category ('racist') and a call to harm ('starve in peace').""
}";2;2;HIGH;The span_text contains a targeted insult based on a protected category ('racist') and a call to harm ('starve in peace').
1230;Yessir look at y'all ungrateful bastards hatin on everything 😂;"{
  ""label"": ""CONFLICTUAL"",
   ""confidence"": ""HIGH"",
   ""rationale"": ""The span_text contains targeted language towards a group, specifically 'y'all ungrateful bastards', which is an attack based on an implied category.""
}";2;1;HIGH;The span_text contains targeted language towards a group, specifically 'y'all ungrateful bastards', which is an attack based on an implied category.
769;Absolutely insane, guards wo','n't' do fuckall because I can't get;"{
  ""label"": ""UNHARMFUL_PROFANITY"",
   ""confidence"": ""HIGH"",
   ""rationale"": ""The span_text contains profanity ('fuckall') without a targeted insult.""
}";1;1;HIGH;The span_text contains profanity ('fuckall') without a targeted insult.
1060;@VillarrealCF How are you in champions league? You're' fuckong horrific;"{
  ""label"": ""CONFLICTUAL"",
   ""confidence"": ""HIGH"",
   ""rationale"": ""The span_text contains a targeted insult towards a specific entity (@VillarrealCF), which is a protected category (team).""
}";2;2;HIGH;The span_text contains a targeted insult towards a specific entity (@VillarrealCF), which is a protected category (team).
151;Dude her didn't always loath her. Also he questioned Harry;"{
  ""label"": ""NONE"",
   ""confidence"": ""HIGH"",
   ""rationale"": ""The span_text does not contain any protected category attacks, profanity, or targeted insults.""
}";0;0;HIGH;The span_text does not contain any protected category attacks, profanity, or targeted insults.
1576;Aye that rose mfka ain't no hoeeeeeee;"{
  ""label"": ""UNHARMFUL_PROFANITY"",
   ""confidence"": ""HIGH"",
   ""rationale"": ""The span_text contains excessive profanity ('mfka', 'hoeeeeeee') without targeting a specific entity.""
}";1;1;HIGH;The span_text contains excessive profanity ('mfka', 'hoeeeeeee') without targeting a specific entity.
1822;The LeftistLoons have been b-tching, 😭 & harping about THEIR;"{
  ""label"": ""CONFLICTUAL"",
   ""confidence"": ""HIGH"",
   ""rationale"": ""The presence of 'LeftistLoons' and targeted language ('THEIR') suggests conflictual language.""
}";2;2;HIGH;The presence of 'LeftistLoons' and targeted language ('THEIR') suggests conflictual language.
338;@jessphillips @user You don't seem to get it Jess. This;"{
  ""label"": ""CONFLICTUAL"",
   ""confidence"": ""HIGH"",
   ""rationale"": ""The span_text contains a targeted insult towards Jess, which is a form of conflictual language.""
}";2;0;HIGH;The span_text contains a targeted insult towards Jess, which is a form of conflictual language.
1417;you heard anything on 'red side's' thoughts on these new;"{
  ""label"": ""NONE"",
   ""confidence"": ""HIGH"",
   ""rationale"": ""The span_text does not contain conflictual language, profanity, or targeted insults.""
}";0;2;HIGH;The span_text does not contain conflictual language, profanity, or targeted insults.
1390;@user I'm' guessing you use psycho otropic drugs and bizarre;"{
  ""label"": ""CONFLICTUAL"",
   ""confidence"": ""HIGH"",
   ""rationale"": ""The span_text contains a targeted insult ('guessing you use psycho otropic drugs') which is directed at a specific entity (@user), making it conflictual.""
}";2;2;HIGH;The span_text contains a targeted insult ('guessing you use psycho otropic drugs') which is directed at a specific entity (@user), making it conflictual.
1658;walked away these two old fuckheads were like 'she spent;"{
  ""label"": ""UNHARMFUL_PROFANITY"",
   ""confidence"": ""HIGH"",
   ""rationale"": ""The span_text contains profanity ('fuckheads') without targeting a specific entity.""
}";1;1;HIGH;The span_text contains profanity ('fuckheads') without targeting a specific entity.
427;of the prom were fatphobes n cannibals or some shit;"{
  ""label"": ""CONFLICTUAL"",
   ""confidence"": ""HIGH"",
   ""rationale"": ""The span_text contains language attacking protected categories ('fatphobes'), which aligns with the definition of Conflictual language.""
}";2;2;HIGH;The span_text contains language attacking protected categories ('fatphobes'), which aligns with the definition of Conflictual language.
559;I've literally just been robbed and assaulted by a couple;"{
  ""label"": ""CONFLICTUAL"",
   ""confidence"": ""HIGH"",
   ""rationale"": ""The span_text contains a targeted description of a violent attack on the speaker by a couple, which is an attack based on the category of the perpetrators.""
}";2;0;HIGH;The span_text contains a targeted description of a violent attack on the speaker by a couple, which is an attack based on the category of the perpetrators.
285;Mandatory Vaccines, Anyone who does not make a stand against;"{
  ""label"": ""CONFLICTUAL"",
   ""confidence"": ""HIGH"",
   ""rationale"": ""The span_text contains language that is an attack based on a protected category ('make a stand against'), which is a characteristic of conflictual language.""
}";2;0;HIGH;The span_text contains language that is an attack based on a protected category ('make a stand against'), which is a characteristic of conflictual language.
993;are altered - someone is intentionally killing our populace and;"{
  ""label"": ""CONFLICTUAL"",
   ""confidence"": ""HIGH"",
   ""rationale"": ""The span_text contains language that is an attack based on the implication of intentional killing of a populace, which can be considered conflictual.""
}";2;2;HIGH;The span_text contains language that is an attack based on the implication of intentional killing of a populace, which can be considered conflictual.
351;And I can't imagine it would have taken the poor;"{
  ""label"": ""NONE"",
   ""confidence"": ""HIGH"",
   ""rationale"": ""The span_text does not contain any conflictual language, profanity, or targeted insults.""
}";0;0;HIGH;The span_text does not contain any conflictual language, profanity, or targeted insults.
1224;to Parler because of arrogant, self righteous pricks like you.;"{
  ""label"": ""CONFLICTUAL"",
   ""confidence"": ""HIGH"",
   ""rationale"": ""The span_text contains targeted insult with derogatory language ('pricks') directed towards a specific entity ('you'), which is considered conflictual.""
}";2;1;HIGH;The span_text contains targeted insult with derogatory language ('pricks') directed towards a specific entity ('you'), which is considered conflictual.
473;'Don't weather the storm, be that motherfucker' - Kevin Hart;"{
  ""label"": ""UNHARMFUL_PROFANITY"",
   ""confidence"": ""HIGH"",
   ""rationale"": ""The span_text contains profanity ('motherfucker') but is not directed toward a specific entity.""
}";1;1;HIGH;The span_text contains profanity ('motherfucker') but is not directed toward a specific entity.
838;my 21+ and bars and shit now. Where the grown;"{
  ""label"": ""UNHARMFUL_PROFANITY"",
   ""confidence"": ""HIGH"",
   ""rationale"": ""The span_text contains profanity ('shit') without targeting a specific entity, thus fitting the UNHARMFUL_PROFANITY label.""
}";1;1;HIGH;The span_text contains profanity ('shit') without targeting a specific entity, thus fitting the UNHARMFUL_PROFANITY label.
1487;see that I'm a Scrawny motherfucker with a cool hairstyle;"{
  ""label"": ""UNHARMFUL_PROFANITY"",
   ""confidence"": ""HIGH"",
   ""rationale"": ""The presence of profanity in the span_text, specifically the word 'motherfucker', justifies this classification.""
}";1;1;HIGH;The presence of profanity in the span_text, specifically the word 'motherfucker', justifies this classification.
315;him. i hate his mf gay ass so much. im;"{
  ""label"": ""CONFLICTUAL"",
   ""confidence"": ""HIGH"",
   ""rationale"": ""The span_text contains a targeted insult based on sexual orientation ('gay'), which is a protected category.""
}";2;2;HIGH;The span_text contains a targeted insult based on sexual orientation ('gay'), which is a protected category.
891;reliant' and being a bloviating asshole. Guess I'll never be;"{
  ""label"": ""CONFLICTUAL"",
   ""confidence"": ""HIGH"",
   ""rationale"": ""The span_text contains a targeted insult ('bloviating asshole') which is directed at a person, indicating conflictual language.""
}";2;1;HIGH;The span_text contains a targeted insult ('bloviating asshole') which is directed at a person, indicating conflictual language.
350;i need to find a lash tech in corpussss;"{
  ""label"": ""NONE"",
   ""confidence"": ""HIGH"",
   ""rationale"": ""The span_text does not contain any conflictual language, excessive profanity, or targeted insults.""
}";0;0;HIGH;The span_text does not contain any conflictual language, excessive profanity, or targeted insults.
122;i've been bulimic for so long my body just naturally;"{
  ""label"": ""CONFLICTUAL"",
   ""confidence"": ""HIGH"",
   ""rationale"": ""The span_text contains a reference to a serious eating disorder (bulimic), which is a sensitive and potentially triggering topic.""
}";2;0;HIGH;The span_text contains a reference to a serious eating disorder (bulimic), which is a sensitive and potentially triggering topic.
213;Drop your YouTube & Twitch links below and let's get;"{
  ""label"": ""NONE"",
   ""confidence"": ""HIGH"",
   ""rationale"": ""The span_text does not contain any conflictual language, profanity, or targeted insults.""
}";0;0;HIGH;The span_text does not contain any conflictual language, profanity, or targeted insults.
1163;@user @user @user @DrEliDavid You probably think it's a good;"{
  ""label"": ""CONFLICTUAL"",
   ""confidence"": ""HIGH"",
   ""rationale"": ""The span_text contains targeted language towards a specific entity (@DrEliDavid) and an implied attack, which is a characteristic of conflictual language.""
}";2;2;HIGH;The span_text contains targeted language towards a specific entity (@DrEliDavid) and an implied attack, which is a characteristic of conflictual language.
585;A former pharmacist was indicted by a federal grand jury;"{
  ""label"": ""NONE"",
   ""confidence"": ""HIGH"",
   ""rationale"": ""The span_text does not contain any conflictual language, profanity, or targeted insults.""
}";0;0;HIGH;The span_text does not contain any conflictual language, profanity, or targeted insults.
1113;@user + whore she was with those significantly stronger than;"{
  ""label"": ""CONFLICTUAL"",
   ""confidence"": ""HIGH"",
   ""rationale"": ""The span_text contains targeted language towards a specific entity (@user), which is considered conflictual.""
}";2;1;HIGH;The span_text contains targeted language towards a specific entity (@user), which is considered conflictual.
1112;@user * my cock precums in your womb *;"{
  ""label"": ""CONFLICTUAL"",
   ""confidence"": ""HIGH"",
   ""rationale"": ""The span_text contains language that is an attack based on protected categories, specifically a threat of violence and a derogatory term.""
}";2;1;HIGH;The span_text contains language that is an attack based on protected categories, specifically a threat of violence and a derogatory term.
1044;Road and you do pay raises every year. fucking asholes!!!;"{
  ""label"": ""UNHARMFUL_PROFANITY"",
   ""confidence"": ""HIGH"",
   ""rationale"": ""The span_text contains profanity ('fucking asholes!!!') without targeting a specific entity.""
}";1;1;HIGH;The span_text contains profanity ('fucking asholes!!!') without targeting a specific entity.
595;When did I drag BTS? Like show me? What part;"{
  ""label"": ""NONE"",
   ""confidence"": ""HIGH"",
   ""rationale"": ""The span_text does not contain conflictual language, profanity, or targeted insults, and is a question asking for evidence of an accusation.""
}";0;0;HIGH;The span_text does not contain conflictual language, profanity, or targeted insults, and is a question asking for evidence of an accusation.
766;@user Whoopi is so far wrong she'll' never find her;"{
  ""label"": ""CONFLICTUAL"",
   ""confidence"": ""HIGH"",
   ""rationale"": ""The span_text contains targeted insult towards Whoopi, which is a protected entity.""
}";2;2;HIGH;The span_text contains targeted insult towards Whoopi, which is a protected entity.
1281;wrong with a guy sucking cock. Why is BlueMAGA so;"{
  ""label"": ""UNHARMFUL_PROFANITY"",
   ""confidence"": ""HIGH"",
   ""rationale"": ""The span contains profanity ('cock') without a targeted insult.""
}";1;1;HIGH;The span contains profanity ('cock') without a targeted insult.
469;And further still, widely publicized mental health campaigns (which often;"{
  ""label"": ""NONE"",
   ""confidence"": ""HIGH"",
   ""rationale"": ""The span_text does not contain any conflictual language, profanity, or targeted insults, making it suitable for the NONE label.""
}";0;0;HIGH;The span_text does not contain any conflictual language, profanity, or targeted insults, making it suitable for the NONE label.
799;the herd You know ther fucking name They're' the fucking;"{
  ""label"": ""UNHARMFUL_PROFANITY"",
   ""confidence"": ""HIGH"",
   ""rationale"": ""The span_text contains excessive profanity ('fucking' appears twice) without targeting a specific entity.""
}";1;1;HIGH;The span_text contains excessive profanity ('fucking' appears twice) without targeting a specific entity.
512;to the crimes committed by Trash and his cronies, the;"{
  ""label"": ""CONFLICTUAL"",
   ""confidence"": ""HIGH"",
   ""rationale"": ""The span_text contains a targeted reference to 'Trash and his cronies', implying a conflictual tone.""
}";2;2;HIGH;The span_text contains a targeted reference to 'Trash and his cronies', implying a conflictual tone.
592;@GlennBBC @NicolaSturgeon She can come out with as many diktats;"{
  ""label"": ""CONFLICTUAL"",
   ""confidence"": ""HIGH"",
   ""rationale"": ""The span_text contains a targeted attack on Nicola Sturgeon, a protected category, with the phrase 'diktats' implying authoritarian or dictatorial behavior.""
}";2;0;HIGH;The span_text contains a targeted attack on Nicola Sturgeon, a protected category, with the phrase 'diktats' implying authoritarian or dictatorial behavior.
1121;deaths reported in England on Dec 24th, you daft twat.;"{
  ""label"": ""CONFLICTUAL"",
   ""confidence"": ""HIGH"",
   ""rationale"": ""The span contains targeted insult 'you daft twat', which is directed at a specific entity, making it conflictual.""
}";2;2;HIGH;The span contains targeted insult 'you daft twat', which is directed at a specific entity, making it conflictual.
1031;the guy that fathered a bastard child while cheating on;"{
  ""label"": ""CONFLICTUAL"",
   ""confidence"": ""HIGH"",
   ""rationale"": ""The span_text contains a targeted insult based on the concept of a bastard child, which implies a negative judgment on the child's legitimacy.""
}";2;1;HIGH;The span_text contains a targeted insult based on the concept of a bastard child, which implies a negative judgment on the child's legitimacy.
2;ignore the fucking heart.;"{
  ""label"": ""UNHARMFUL_PROFANITY"",
   ""confidence"": ""HIGH"",
   ""rationale"": ""The span_text contains profanity ('fucking') without targeting a specific entity.""
}";1;1;HIGH;The span_text contains profanity ('fucking') without targeting a specific entity.
1704;shit mood today. Some monkey hoodrat hopped around asking me',''whAt's;"{
  ""label"": ""UNHARMFUL_PROFANITY"",
   ""confidence"": ""MEDIUM"",
   ""rationale"": ""The span contains profanity ('shit') and derogatory slang ('monkey hoodrat'), but does not target a specific entity.""
}";1;2;MEDIUM;The span contains profanity ('shit') and derogatory slang ('monkey hoodrat'), but does not target a specific entity.
1462;This is Four Seasons Total Landscaping level dipshittery right here.;"{
  ""label"": ""UNHARMFUL_PROFANITY"",
   ""confidence"": ""HIGH"",
   ""rationale"": ""The span_text contains profanity ('dipshittery') without targeting a specific entity.""
}";1;2;HIGH;The span_text contains profanity ('dipshittery') without targeting a specific entity.
546;anyways off i go only logged on to congratulate my;"{
  ""label"": ""NONE"",
   ""confidence"": ""HIGH"",
   ""rationale"": ""The span_text does not contain any conflictual language, profanity, or targeted insults.""
}";0;0;HIGH;The span_text does not contain any conflictual language, profanity, or targeted insults.
49;Wtf does an ex cop know about handling a pandemic?;"{
  ""label"": ""UNHARMFUL_PROFANITY"",
   ""confidence"": ""MEDIUM"",
   ""rationale"": ""The span_text contains profanity ('Wtf') but does not target a specific entity or use a slur.""
}";1;2;MEDIUM;The span_text contains profanity ('Wtf') but does not target a specific entity or use a slur.
97;Then, when you have the number above the baseline, how;"{
  ""label"": ""NONE"",
   ""confidence"": ""HIGH"",
   ""rationale"": ""The span_text does not contain any conflictual language, profanity, or targeted insults.""
}";0;0;HIGH;The span_text does not contain any conflictual language, profanity, or targeted insults.
1203;Almost as decrepit as Biden. But, this zombie is retired.;"{
  ""label"": ""CONFLICTUAL"",
   ""confidence"": ""HIGH"",
   ""rationale"": ""The span_text contains a derogatory comparison of a person (Biden) based on their identity.""
}";2;2;HIGH;The span_text contains a derogatory comparison of a person (Biden) based on their identity.
1676;cus tf it's icy as fucccc outside i almost fell;"{
  ""label"": ""UNHARMFUL_PROFANITY"",
   ""confidence"": ""HIGH"",
   ""rationale"": ""The span contains excessive profanity ('fucccc') without targeting a specific entity.""
}";1;1;HIGH;The span contains excessive profanity ('fucccc') without targeting a specific entity.
1969;u big fat wh * te nasty smelling fat bitch;"{
  ""label"": ""UNHARMFUL_PROFANITY"",
   ""confidence"": ""HIGH"",
   ""rationale"": ""The span_text contains profanity ('big fat wh * te nasty smelling fat bitch') without a targeted insult, which aligns with the UNHARMFUL_PROFANITY label.""
}";1;2;HIGH;The span_text contains profanity ('big fat wh * te nasty smelling fat bitch') without a targeted insult, which aligns with the UNHARMFUL_PROFANITY label.
4;us our gun rights. These douchebags need to be stopped.;"{
  ""label"": ""CONFLICTUAL"",
   ""confidence"": ""HIGH"",
   ""rationale"": ""The span_text contains targeted language towards a group ('these douchebags') which implies a conflictual tone.""
}";2;2;HIGH;The span_text contains targeted language towards a group ('these douchebags') which implies a conflictual tone.
146;Abiding memories of Reading Festival 1980 are NWOBHM, swimming in;"{
  ""label"": ""NONE"",
   ""confidence"": ""HIGH"",
   ""rationale"": ""The span_text does not contain any conflictual language, excessive profanity, or targeted insults.""
}";0;0;HIGH;The span_text does not contain any conflictual language, excessive profanity, or targeted insults.
409;the majority of people DID ' NT. The democRATS CHEATED.;"{
  ""label"": ""CONFLICTUAL"",
   ""confidence"": ""HIGH"",
   ""rationale"": ""The span_text contains targeted insults towards a political group ('democRATS'), which is a protected category.""
}";2;2;HIGH;The span_text contains targeted insults towards a political group ('democRATS'), which is a protected category.
999;You were in the Millitary, nerd. Killing kids was your;"{
  ""label"": ""CONFLICTUAL"",
   ""confidence"": ""HIGH"",
   ""rationale"": ""The span_text contains language that is an attack based on protected categories (killing kids), which is considered conflictual.""
}";2;2;HIGH;The span_text contains language that is an attack based on protected categories (killing kids), which is considered conflictual.
239;Cot Deaths, suicides, burned bodies, fatal RTCs. Little old lady;"{
  ""label"": ""CONFLICTUAL"",
   ""confidence"": ""HIGH"",
   ""rationale"": ""The span_text contains a reference to 'fatal RTCs' which implies a conflictual tone, and the mention of a 'Little old lady' in the same context may be perceived as insensitive or dismissive.""
}";2;0;HIGH;The span_text contains a reference to 'fatal RTCs' which implies a conflictual tone, and the mention of a 'Little old lady' in the same context may be perceived as insensitive or dismissive.
72;lmaooo. Them 21 year old bitches used to treat 27;"{
  ""label"": ""UNHARMFUL_PROFANITY"",
   ""confidence"": ""HIGH"",
   ""rationale"": ""The span_text contains profanity ('bitches') without targeting a specific entity, thus fitting the UNHARMFUL_PROFANITY label.""
}";1;1;HIGH;The span_text contains profanity ('bitches') without targeting a specific entity, thus fitting the UNHARMFUL_PROFANITY label.
1587;Breaking News: Creepy handsy bastard sets up new party without;"{
  ""label"": ""CONFLICTUAL"",
   ""confidence"": ""HIGH"",
   ""rationale"": ""The span_text contains targeted derogatory language ('handsy bastard') and a targeted insult ('sets up new party without'), which is directed at a specific entity, indicating conflictual language.""
}";2;2;HIGH;The span_text contains targeted derogatory language ('handsy bastard') and a targeted insult ('sets up new party without'), which is directed at a specific entity, indicating conflictual language.
1418;@user Mmmm I'm tryna tittyfuck and fuck;"{
  ""label"": ""UNHARMFUL_PROFANITY"",
   ""confidence"": ""HIGH"",
   ""rationale"": ""The span contains profane language, specifically 'tittyfuck', which is not directed towards a specific entity.""
}";1;1;HIGH;The span contains profane language, specifically 'tittyfuck', which is not directed towards a specific entity.
223;love it when i get acid reflux because of my;"{
  ""label"": ""NONE"",
   ""confidence"": ""HIGH"",
   ""rationale"": ""The span_text does not contain any conflictual language, profanity, or targeted insults.""
}";0;0;HIGH;The span_text does not contain any conflictual language, profanity, or targeted insults.
195;It was amazinggggg every single drag queen was great -;"{
  ""label"": ""NONE"",
   ""confidence"": ""HIGH"",
   ""rationale"": ""The span_text does not contain any conflictual language, excessive profanity, or targeted insults.""
}";0;0;HIGH;The span_text does not contain any conflictual language, excessive profanity, or targeted insults.
464;@SarahKSilverman Your dishwasher washes ballsacks? Fuck I need one!! Does;"{
  ""label"": ""UNHARMFUL_PROFANITY"",
   ""confidence"": ""HIGH"",
   ""rationale"": ""The span contains profanity ('Fuck') without targeting a specific entity.""
}";1;1;HIGH;The span contains profanity ('Fuck') without targeting a specific entity.
1741;time Rangers, finish these fenian bastards today kill any sort;"{
  ""label"": ""CONFLICTUAL"",
   ""confidence"": ""HIGH"",
   ""rationale"": ""The span contains targeted conflictual language with phrases 'fenian bastards' and 'kill any sort', which are directed towards a specific group.""
}";2;2;HIGH;The span contains targeted conflictual language with phrases 'fenian bastards' and 'kill any sort', which are directed towards a specific group.
356;does not give a flying fuck if you'll' never vote;"{
  ""label"": ""UNHARMFUL_PROFANITY"",
   ""confidence"": ""HIGH"",
   ""rationale"": ""The span_text contains profanity ('fuck') without targeting a specific entity.""
}";1;1;HIGH;The span_text contains profanity ('fuck') without targeting a specific entity.
1642;Her titties make the pain go away, that's a perky;"{
  ""label"": ""UNHARMFUL_PROFANITY"",
   ""confidence"": ""MEDIUM"",
   ""rationale"": ""The span contains profanity ('titties', 'perky') that is not directed toward a specific entity, but still considered harmful.""
}";1;1;MEDIUM;The span contains profanity ('titties', 'perky') that is not directed toward a specific entity, but still considered harmful.
1659;I am a fucking dork. Here's an example! I accidentally;"{
  ""label"": ""UNHARMFUL_PROFANITY"",
   ""confidence"": ""HIGH"",
   ""rationale"": ""The span_text contains profanity ('fucking dork') without targeting a specific entity.""
}";1;1;HIGH;The span_text contains profanity ('fucking dork') without targeting a specific entity.
1311;even is their problem??? Like bitxh do i look like;"{
  ""label"": ""CONFLICTUAL"",
   ""confidence"": ""HIGH"",
   ""rationale"": ""The span contains targeted insult based on the phrase 'bitxh' which is a derogatory term.""
}";2;1;HIGH;The span contains targeted insult based on the phrase 'bitxh' which is a derogatory term.
976;the lockdowns & media scaremongering of the past 18 months!;"{
  ""label"": ""NONE"",
   ""confidence"": ""HIGH"",
   ""rationale"": ""The span_text contains a phrase expressing a negative opinion about lockdowns and media scaremongering, but it does not contain any protected category attacks, profanity, or targeted insults.""
}";0;2;HIGH;The span_text contains a phrase expressing a negative opinion about lockdowns and media scaremongering, but it does not contain any protected category attacks, profanity, or targeted insults.
1170;recognize, the bar was pretty fucking low. We need more;"{
  ""label"": ""UNHARMFUL_PROFANITY"",
   ""confidence"": ""HIGH"",
   ""rationale"": ""The span_text contains profanity ('fucking') without targeting a specific entity.""
}";1;1;HIGH;The span_text contains profanity ('fucking') without targeting a specific entity.
267;It's a crime issue whomever the alleged perpetrator. Politics and;"{
  ""label"": ""NONE"",
   ""confidence"": ""HIGH"",
   ""rationale"": ""The span_text does not contain any conflictual language, profanity, or targeted insults.""
}";0;0;HIGH;The span_text does not contain any conflictual language, profanity, or targeted insults.
80;get sick, and my workplace is full of dick-noses.: /;"{
  ""label"": ""UNHARMFUL_PROFANITY"",
   ""confidence"": ""HIGH"",
   ""rationale"": ""The span_text contains profanity ('dick-noses') without targeting a specific entity.""
}";1;2;HIGH;The span_text contains profanity ('dick-noses') without targeting a specific entity.
405;suicide in the drop switchin'' lanes;"{
  ""label"": ""UNHARMFUL_PROFANITY"",
   ""confidence"": ""MEDIUM"",
   ""rationale"": ""The span_text contains profanity ('switchin'' lanes') with no targeted insult or slur.""
}";1;0;MEDIUM;The span_text contains profanity ('switchin'' lanes') with no targeted insult or slur.
593;I am in GREAT need of a dope mosh pit.;"{
  ""label"": ""NONE"",
   ""confidence"": ""HIGH"",
   ""rationale"": ""The span_text contains a figurative expression 'dope mosh pit' which is not a targeted insult or excessive profanity.""
}";0;0;HIGH;The span_text contains a figurative expression 'dope mosh pit' which is not a targeted insult or excessive profanity.
578;the other hand FB/IG/Snap are all contributing to unhealthy body;"{
  ""label"": ""UNHARMFUL_PROFANITY"",
   ""confidence"": ""MEDIUM"",
   ""rationale"": ""The span contains profanity in the form of 'unhealthy body', which is a negative description but not directed towards a specific entity.""
}";1;2;MEDIUM;The span contains profanity in the form of 'unhealthy body', which is a negative description but not directed towards a specific entity.
1452;@user The amount of titty sucking in this car that;"{
  ""label"": ""UNHARMFUL_PROFANITY"",
   ""confidence"": ""HIGH"",
   ""rationale"": ""The span_text contains profanity ('titty sucking') without being directed towards a specific entity.""
}";1;1;HIGH;The span_text contains profanity ('titty sucking') without being directed towards a specific entity.
640;ago for no reason.. those mfs got SO many cc;"{
  ""label"": ""UNHARMFUL_PROFANITY"",
   ""confidence"": ""MEDIUM"",
   ""rationale"": ""Excessive profanity is present in the span_text ('mfs', 'SO many cc').""
}";1;1;MEDIUM;Excessive profanity is present in the span_text ('mfs', 'SO many cc').
406;My main (@niksshoelace ) got reported again so cant tweet;"{
  ""label"": ""NONE"",
   ""confidence"": ""HIGH"",
   ""rationale"": ""The span_text does not contain any conflictual language, profanity, or targeted insults.""
}";0;0;HIGH;The span_text does not contain any conflictual language, profanity, or targeted insults.
1540;I have a dump truck ass n the bikini n;"{
  ""label"": ""UNHARMFUL_PROFANITY"",
   ""confidence"": ""HIGH"",
   ""rationale"": ""The span_text contains profanity ('ass', 'n') without targeting a specific entity.""
}";1;1;HIGH;The span_text contains profanity ('ass', 'n') without targeting a specific entity.
52;my view either they are suicidal or mass murderes. Period!;"{
  ""label"": ""CONFLICTUAL"",
   ""confidence"": ""HIGH"",
   ""rationale"": ""The span_text contains a targeted attack based on a protected category ('suicidal or mass murderes') which implies a negative judgment on a group of people.""
}";2;2;HIGH;The span_text contains a targeted attack based on a protected category ('suicidal or mass murderes') which implies a negative judgment on a group of people.
326;the post was literally posted to edtwt, the person who;"{
  ""label"": ""NONE"",
   ""confidence"": ""HIGH"",
   ""rationale"": ""The span_text does not contain any conflictual language, profanity, or targeted insults.""
}";0;0;HIGH;The span_text does not contain any conflictual language, profanity, or targeted insults.
319;No',''therapy',''' will stop a trans teenager being trans. It's all;"{
  ""label"": ""CONFLICTUAL"",
   ""confidence"": ""HIGH"",
   ""rationale"": ""The span_text contains language that attacks a protected category ('trans teenager'), which is considered conflictual.""
}";2;0;HIGH;The span_text contains language that attacks a protected category ('trans teenager'), which is considered conflictual.
170;trying to throw the ball from the 1 you dolts;"{
  ""label"": ""CONFLICTUAL"",
   ""confidence"": ""HIGH"",
   ""rationale"": ""The span_text contains a targeted insult ('dolts') which is directed towards a group of people, indicating conflictual language.""
}";2;2;HIGH;The span_text contains a targeted insult ('dolts') which is directed towards a group of people, indicating conflictual language.
1166;@user @user @Keir_Starmer You still fucking here? Listen, you and;"{
  ""label"": ""CONFLICTUAL"",
   ""confidence"": ""HIGH"",
   ""rationale"": ""The span contains targeted language towards a specific entity (@Keir_Starmer), which is an attack based on a protected category.""
}";2;1;HIGH;The span contains targeted language towards a specific entity (@Keir_Starmer), which is an attack based on a protected category.
432;If I'd write a Go boook, what do you like;"{
  ""label"": ""NONE"",
   ""confidence"": ""HIGH"",
   ""rationale"": ""The span_text does not contain any conflictual language, profanity, or targeted insults.""
}";0;0;HIGH;The span_text does not contain any conflictual language, profanity, or targeted insults.
12;Just had the most sobering/depressing realisation, i've' been a latics;"{
  ""label"": ""NONE"",
   ""confidence"": ""HIGH"",
   ""rationale"": ""The span_text contains a personal realization and a team name ('latics'), without any conflictual language, profanity, or targeted insults.""
}";0;0;HIGH;The span_text contains a personal realization and a team name ('latics'), without any conflictual language, profanity, or targeted insults.
1119;major tourist hub and entitled pricks will bring it back.;"{
  ""label"": ""CONFLICTUAL"",
   ""confidence"": ""MEDIUM"",
   ""rationale"": ""The span_text contains language that can be perceived as an attack based on protected categories ('entitled pricks'), which is a form of conflictual language.""
}";2;1;MEDIUM;The span_text contains language that can be perceived as an attack based on protected categories ('entitled pricks'), which is a form of conflictual language.
1692;I seriously do hate when I see some coon shit;"{
  ""label"": ""CONFLICTUAL"",
   ""confidence"": ""HIGH"",
   ""rationale"": ""The span_text contains a targeted insult based on a protected category ('coon'), which is an attack.""
}";2;2;HIGH;The span_text contains a targeted insult based on a protected category ('coon'), which is an attack.
923;die? Youre literally the same, if not worse then them;"{
  ""label"": ""CONFLICTUAL"",
   ""confidence"": ""MEDIUM"",
   ""rationale"": ""The span_text contains a targeted comparison and a pejorative tone, which aligns with conflictual language.""
}";2;2;MEDIUM;The span_text contains a targeted comparison and a pejorative tone, which aligns with conflictual language.
176;@theneedledrop yeah i think the practice of making it look;"{
  ""label"": ""NONE"",
   ""confidence"": ""MEDIUM"",
   ""rationale"": ""The span_text does not contain any explicit harmful content, profanity, or targeted insults. However, the presence of @theneedledrop, a username, suggests a casual tone and potential for informal language, warranting a medium confidence level for the 'NONE' label.""
}";0;0;MEDIUM;The span_text does not contain any explicit harmful content, profanity, or targeted insults. However, the presence of @theneedledrop, a username, suggests a casual tone and potential for informal language, warranting a medium confidence level for the 'NONE' label.
1142;looking at that obnoxious, arrogant bastard, Hugo. It just made;"{
  ""label"": ""CONFLICTUAL"",
   ""confidence"": ""HIGH"",
   ""rationale"": ""The span_text contains targeted insult ('bastard') directed at a specific entity ('Hugo').""
}";2;1;HIGH;The span_text contains targeted insult ('bastard') directed at a specific entity ('Hugo').
881;49ers fans. Karma is a bitch when you do that;"{
  ""label"": ""UNHARMFUL_PROFANITY"",
   ""confidence"": ""HIGH"",
   ""rationale"": ""The span contains profanity ('bitch') without targeting a specific entity, aligning with the UNHARMFUL_PROFANITY label.""
}";1;1;HIGH;The span contains profanity ('bitch') without targeting a specific entity, aligning with the UNHARMFUL_PROFANITY label.
1684;like dolly and head right thotties at night aribou cay;"{
  ""label"": ""NONE"",
   ""confidence"": ""HIGH"",
   ""rationale"": ""The span_text contains nonsensical phrases and words, indicating no conflictual or profane content.""
}";0;1;HIGH;The span_text contains nonsensical phrases and words, indicating no conflictual or profane content.
1318;@user Choppa go off like muhfuckin'' fourth of July, nigga;"{
  ""label"": ""CONFLICTUAL"",
   ""confidence"": ""HIGH"",
   ""rationale"": ""The span_text contains a targeted racial slur ('nigga') which is a form of conflictual language.""
}";2;2;HIGH;The span_text contains a targeted racial slur ('nigga') which is a form of conflictual language.
884;the suicide bomber was member of China's Uyghur Muslim community.;"{
  ""label"": ""CONFLICTUAL"",
   ""confidence"": ""HIGH"",
   ""rationale"": ""The span_text contains a reference to a suicide bomber, which is a conflictual topic, and also mentions a specific ethnic and religious group, making it conflictual.""
}";2;2;HIGH;The span_text contains a reference to a suicide bomber, which is a conflictual topic, and also mentions a specific ethnic and religious group, making it conflictual.
250;revere our best. Now we idolize stupidity and mediocrity. PeopleAreDumb;"{
  ""label"": ""CONFLICTUAL"",
   ""confidence"": ""HIGH"",
   ""rationale"": ""The span_text contains a derogatory statement towards people in general ('PeopleAreDumb'), which is a targeted insult.""
}";2;2;HIGH;The span_text contains a derogatory statement towards people in general ('PeopleAreDumb'), which is a targeted insult.
11;Like why do you feel the need to lean on;"{
  ""label"": ""NONE"",
   ""confidence"": ""HIGH"",
   ""rationale"": ""The span_text does not contain any conflictual language, profanity, or targeted insults.""
}";0;0;HIGH;The span_text does not contain any conflictual language, profanity, or targeted insults.
347;my lungs out coz these bitches are dumb, now again;"{
  ""label"": ""UNHARMFUL_PROFANITY"",
   ""confidence"": ""HIGH"",
   ""rationale"": ""The span_text contains profanity ('bitches') without targeting a specific entity.""
}";1;1;HIGH;The span_text contains profanity ('bitches') without targeting a specific entity.
1586;Bitch please, pussy dripping ACE, he get flown out to;"{
  ""label"": ""UNHARMFUL_PROFANITY"",
   ""confidence"": ""HIGH"",
   ""rationale"": ""The span_text contains profanity ('Bitch', 'pussy') without targeting a specific entity.""
}";1;1;HIGH;The span_text contains profanity ('Bitch', 'pussy') without targeting a specific entity.
1009;much as I find these scumbags absolutely disgusting and appalled;"{
  ""label"": ""CONFLICTUAL"",
   ""confidence"": ""HIGH"",
   ""rationale"": ""The span_text contains targeted insult ('scumbags') which is directed towards a group of people, indicating conflictual language.""
}";2;2;HIGH;The span_text contains targeted insult ('scumbags') which is directed towards a group of people, indicating conflictual language.
81;Every squad got the: -Smoer -Real drunk alcoholic -Current/Previous Mother;"{
  ""label"": ""CONFLICTUAL"",
   ""confidence"": ""HIGH"",
   ""rationale"": ""The span_text contains a targeted insult towards a specific category (Mother), which is a protected characteristic.""
}";2;0;HIGH;The span_text contains a targeted insult towards a specific category (Mother), which is a protected characteristic.
296;for the trap let the mothafucka snap, he a real;"{
  ""label"": ""UNHARMFUL_PROFANITY"",
   ""confidence"": ""HIGH"",
   ""rationale"": ""The span_text contains profanity ('mothafucka') without targeting a specific entity.""
}";1;1;HIGH;The span_text contains profanity ('mothafucka') without targeting a specific entity.
967;Paramore is fucken awesome.;"{
  ""label"": ""UNHARMFUL_PROFANITY"",
   ""confidence"": ""HIGH"",
   ""rationale"": ""The span_text contains profanity ('fucken') without targeting a specific entity.""
}";1;1;HIGH;The span_text contains profanity ('fucken') without targeting a specific entity.
922;in and enforce laws to stop people being fucking dicks;"{
  ""label"": ""UNHARMFUL_PROFANITY"",
   ""confidence"": ""HIGH"",
   ""rationale"": ""The span_text contains profanity ('fucking dicks') without targeting a specific entity, thus fitting the UNHARMFUL_PROFANITY label.""
}";1;1;HIGH;The span_text contains profanity ('fucking dicks') without targeting a specific entity, thus fitting the UNHARMFUL_PROFANITY label.
557;I just want a skyrim fic that's' on par with;"{
  ""label"": ""NONE"",
   ""confidence"": ""HIGH"",
   ""rationale"": ""The span_text does not contain any conflictual language, profanity, or targeted insults.""
}";0;0;HIGH;The span_text does not contain any conflictual language, profanity, or targeted insults.
1525;@user its the lyrics, it's depressing asf;"{
  ""label"": ""UNHARMFUL_PROFANITY"",
   ""confidence"": ""MEDIUM"",
   ""rationale"": ""The span_text contains profanity ('asf') which is not directed towards a specific entity.""
}";1;2;MEDIUM;The span_text contains profanity ('asf') which is not directed towards a specific entity.
283;Uzaki-chan because 'small girl, big tits','''' and 'pleases pedophiles and;"{
  ""label"": ""CONFLICTUAL"",
   ""confidence"": ""HIGH"",
   ""rationale"": ""The span_text contains language that is an attack based on protected categories, specifically 'small girl, big tits' which is a derogatory and objectifying term, and 'pleases pedophiles' which is a reference to a protected category.""
}";2;1;HIGH;The span_text contains language that is an attack based on protected categories, specifically 'small girl, big tits' which is a derogatory and objectifying term, and 'pleases pedophiles' which is a reference to a protected category.
1399;but I know they ain't touching them Dill Pickle muhfuckas;"{
  ""label"": ""UNHARMFUL_PROFANITY"",
   ""confidence"": ""HIGH"",
   ""rationale"": ""The span_text contains profanity ('muhfuckas') without targeting a specific entity.""
}";1;1;HIGH;The span_text contains profanity ('muhfuckas') without targeting a specific entity.
1651;gorillas always blessed with a juicy ass and for WHAT;"{
  ""label"": ""CONFLICTUAL"",
   ""confidence"": ""HIGH"",
   ""rationale"": ""The span_text contains a targeted insult based on a protected category ('gorillas'), which is a form of conflictual language.""
}";2;1;HIGH;The span_text contains a targeted insult based on a protected category ('gorillas'), which is a form of conflictual language.
1548;@user who the hell is picking bigfoots stanky virgin ass?;"{
  ""label"": ""UNHARMFUL_PROFANITY"",
   ""confidence"": ""HIGH"",
   ""rationale"": ""The span contains profanity ('hell', 'stanky virgin ass') without targeting a specific entity.""
}";1;1;HIGH;The span contains profanity ('hell', 'stanky virgin ass') without targeting a specific entity.
185;Guys, sorry I am late.❤️ Happy SocialistSunday. If you would;"{
  ""label"": ""NONE"",
   ""confidence"": ""HIGH"",
   ""rationale"": ""The span_text contains a greeting and an expression of happiness, with no conflictual language or profanity.""
}";0;0;HIGH;The span_text contains a greeting and an expression of happiness, with no conflictual language or profanity.
1049;nobody gives a f about your fake and calculated statement,;"{
  ""label"": ""UNHARMFUL_PROFANITY"",
   ""confidence"": ""HIGH"",
   ""rationale"": ""The span contains profanity ('f') without targeting a specific entity.""
}";1;2;HIGH;The span contains profanity ('f') without targeting a specific entity.
995;about PVO here. Perhaps the numbskull gene skips a generation.;"{
  ""label"": ""UNHARMFUL_PROFANITY"",
   ""confidence"": ""HIGH"",
   ""rationale"": ""The span_text contains profanity ('numbskull') which is not directed toward a specific entity.""
}";1;2;HIGH;The span_text contains profanity ('numbskull') which is not directed toward a specific entity.
623;Stop being such a dumb bitch and twisting everything I;"{
  ""label"": ""CONFLICTUAL"",
   ""confidence"": ""HIGH"",
   ""rationale"": ""The span_text contains a targeted insult ('bitch') and an attack based on a protected category ('such a dumb'), which is conflictual language.""
}";2;2;HIGH;The span_text contains a targeted insult ('bitch') and an attack based on a protected category ('such a dumb'), which is conflictual language.
9;@user @user @BBCNews UK media is clearly bigoted & an;"{
  ""label"": ""CONFLICTUAL"",
   ""confidence"": ""HIGH"",
   ""rationale"": ""The span_text contains language that is an attack based on protected categories ('bigoted').""
}";2;2;HIGH;The span_text contains language that is an attack based on protected categories ('bigoted').
219;this shall pass too. Pappu ji can never be sexy.;"{
  ""label"": ""CONFLICTUAL"",
   ""confidence"": ""HIGH"",
   ""rationale"": ""The span_text contains targeted insult ('Pappu ji can never be sexy.') which is directed towards a specific entity.""
}";2;2;HIGH;The span_text contains targeted insult ('Pappu ji can never be sexy.') which is directed towards a specific entity.
691;around and call it a suicide prevention song??????? Big fat;"{
  ""label"": ""CONFLICTUAL"",
   ""confidence"": ""HIGH"",
   ""rationale"": ""The span_text contains a targeted insult with the phrase 'Big fat', which is directed towards a protected category.""
}";2;2;HIGH;The span_text contains a targeted insult with the phrase 'Big fat', which is directed towards a protected category.
169;Apologies for all the sadposting lately. Really been going through;"{
  ""label"": ""NONE"",
   ""confidence"": ""HIGH"",
   ""rationale"": ""The span_text is an apology and a personal statement, lacking any explicit harmful content or targeted insults.""
}";0;0;HIGH;The span_text is an apology and a personal statement, lacking any explicit harmful content or targeted insults.
1271;@user @user That's right ghost 👻 muhfuckas!!!!;"{
  ""label"": ""UNHARMFUL_PROFANITY"",
   ""confidence"": ""HIGH"",
   ""rationale"": ""The span_text contains profanity ('muhfuckas') but does not target a specific entity.""
}";1;1;HIGH;The span_text contains profanity ('muhfuckas') but does not target a specific entity.
617;was a steamy pile of shit, creative team was just;"{
  ""label"": ""UNHARMFUL_PROFANITY"",
   ""confidence"": ""HIGH"",
   ""rationale"": ""The span_text contains profanity ('shit') without targeting a specific entity.""
}";1;1;HIGH;The span_text contains profanity ('shit') without targeting a specific entity.
287;Basketball in like 2 months, shxt like riding a bike;"{
  ""label"": ""NONE"",
   ""confidence"": ""HIGH"",
   ""rationale"": ""The span_text contains a casual use of profanity, but it is not directed towards a specific entity and does not contain any conflictual language.""
}";0;1;HIGH;The span_text contains a casual use of profanity, but it is not directed towards a specific entity and does not contain any conflictual language.
1428;Especially if they're still led by a subservient, enabling wankstain;"{
  ""label"": ""CONFLICTUAL"",
   ""confidence"": ""HIGH"",
   ""rationale"": ""The span_text contains targeted conflictual language, specifically 'wankstain', which is a derogatory term.""
}";2;2;HIGH;The span_text contains targeted conflictual language, specifically 'wankstain', which is a derogatory term.
13;@ShotcallGG BRUH you didn't tell me Avori was playing... I;"{
  ""label"": ""NONE"",
   ""confidence"": ""LOW"",
   ""rationale"": ""The span_text does not contain conflictual language, excessive profanity, or targeted insults.""
}";0;0;LOW;The span_text does not contain conflictual language, excessive profanity, or targeted insults.
759;This weak-willed spineless arsehole the next step will be bootlicking!;"{
  ""label"": ""CONFLICTUAL"",
   ""confidence"": ""HIGH"",
   ""rationale"": ""The span_text contains targeted conflictual language with phrases 'weak-willed', 'spineless', and 'arsehole' which are derogatory and directed towards a person.""
}";2;2;HIGH;The span_text contains targeted conflictual language with phrases 'weak-willed', 'spineless', and 'arsehole' which are derogatory and directed towards a person.
1564;those snivelling coppers and judiciary, well rot in Hell. Such;"{
  ""label"": ""CONFLICTUAL"",
   ""confidence"": ""HIGH"",
   ""rationale"": ""The span_text contains targeted conflictual language towards the judiciary, with phrases such as 'those snivelling coppers and judiciary' and 'rot in Hell', which is an attack based on protected categories.""
}";2;2;HIGH;The span_text contains targeted conflictual language towards the judiciary, with phrases such as 'those snivelling coppers and judiciary' and 'rot in Hell', which is an attack based on protected categories.
130;@BTS_twt @Harry_Styles glad to see that y'all enjoyed well 🥺🤍;"{
  ""label"": ""NONE"",
   ""confidence"": ""HIGH"",
   ""rationale"": ""The span_text contains a neutral statement with emojis, expressing a positive sentiment towards two individuals/groups, without any conflictual or harmful language.""
}";0;0;HIGH;The span_text contains a neutral statement with emojis, expressing a positive sentiment towards two individuals/groups, without any conflictual or harmful language.
637;- they are all incompetent & out their depth Patel;"{
  ""label"": ""CONFLICTUAL"",
   ""confidence"": ""HIGH"",
   ""rationale"": ""The span_text contains a targeted insult towards a specific entity ('Patel'), which is a form of conflictual language.""
}";2;2;HIGH;The span_text contains a targeted insult towards a specific entity ('Patel'), which is a form of conflictual language.
259;uhHhhHh they lied to my friends and i about cutting;"{
  ""label"": ""CONFLICTUAL"",
   ""confidence"": ""HIGH"",
   ""rationale"": ""The span_text contains a statement of being lied to, which implies a conflict or attack based on a personal experience.""
}";2;0;HIGH;The span_text contains a statement of being lied to, which implies a conflict or attack based on a personal experience.
1503;you'd' do what I want!!' You like licking boots eh?;"{
  ""label"": ""CONFLICTUAL"",
   ""confidence"": ""HIGH"",
   ""rationale"": ""The span contains a targeted insult ('licking boots eh?'), which is directed towards a specific entity and falls under conflictual language.""
}";2;2;HIGH;The span contains a targeted insult ('licking boots eh?'), which is directed towards a specific entity and falls under conflictual language.
1256;positions by their Italian names. Bastards play a few games;"{
  ""label"": ""CONFLICTUAL"",
   ""confidence"": ""HIGH"",
   ""rationale"": ""The span_text contains a derogatory term ('bastards') that is directed towards a group of people ('those who play a few games'), which is considered conflictual language.""
}";2;1;HIGH;The span_text contains a derogatory term ('bastards') that is directed towards a group of people ('those who play a few games'), which is considered conflictual language.
131;expose publicly ur also not the mentally healthiest to be;"{
  ""label"": ""CONFLICTUAL"",
   ""confidence"": ""HIGH"",
   ""rationale"": ""The span_text contains a targeted insult, as indicated by the phrase 'ur also not the mentally healthiest', which is an attack based on a protected category.""
}";2;2;HIGH;The span_text contains a targeted insult, as indicated by the phrase 'ur also not the mentally healthiest', which is an attack based on a protected category.
848;jail term starts. He will always be a useless twat.;"{
  ""label"": ""CONFLICTUAL"",
   ""confidence"": ""HIGH"",
   ""rationale"": ""The span_text contains a derogatory term ('useless twat') which can be considered as a targeted insult, even though it's not explicitly marked as 'has_targeted_insult'.""
}";2;2;HIGH;The span_text contains a derogatory term ('useless twat') which can be considered as a targeted insult, even though it's not explicitly marked as 'has_targeted_insult'.
1691;I really have not been fucking with anyone or anything;"{
  ""label"": ""UNHARMFUL_PROFANITY"",
   ""confidence"": ""HIGH"",
   ""rationale"": ""The span_text contains profanity ('fucking') without targeting a specific entity, which aligns with the definition of UNHARMFUL_PROFANITY.""
}";1;1;HIGH;The span_text contains profanity ('fucking') without targeting a specific entity, which aligns with the definition of UNHARMFUL_PROFANITY.
121;In everything you do, remember to fear women. Dangerous motherfuckers.;"{
  ""label"": ""CONFLICTUAL"",
   ""confidence"": ""HIGH"",
   ""rationale"": ""The span_text contains a statement that promotes fear and aggression towards women, which is a targeted attack based on a protected category.""
}";2;2;HIGH;The span_text contains a statement that promotes fear and aggression towards women, which is a targeted attack based on a protected category.
399;Aya 😍🤗 dude you're so beautiful Love you and role;"{
  ""label"": ""NONE"",
   ""confidence"": ""HIGH"",
   ""rationale"": ""The span_text contains a positive sentiment and does not contain any conflictual language, excessive profanity, slur, or targeted insult.""
}";0;0;HIGH;The span_text contains a positive sentiment and does not contain any conflictual language, excessive profanity, slur, or targeted insult.
869;🙄 obviously u don't know cause u can't afford it.;"{
  ""label"": ""CONFLICTUAL"",
   ""confidence"": ""HIGH"",
   ""rationale"": ""The span_text contains a targeted insult ('u don't know cause u can't afford it') which is directed towards a specific entity, making it conflictual.""
}";2;2;HIGH;The span_text contains a targeted insult ('u don't know cause u can't afford it') which is directed towards a specific entity, making it conflictual.
453;I have not stopped staring at Venti Kokichi,,,, he is;"{
  ""label"": ""NONE"",
   ""confidence"": ""HIGH"",
   ""rationale"": ""The span_text contains a name and a subjective statement, without any conflictual language, profanity, or targeted insults.""
}";0;0;HIGH;The span_text contains a name and a subjective statement, without any conflictual language, profanity, or targeted insults.
433;@TerryMcAuliffe @user @GlennYoungkin is a racist bigot, that supports insurrection.;"{
  ""label"": ""CONFLICTUAL"",
   ""confidence"": ""HIGH"",
   ""rationale"": ""The span_text contains an attack based on a protected category ('racist bigot') and supports insurrection.""
}";2;2;HIGH;The span_text contains an attack based on a protected category ('racist bigot') and supports insurrection.
737;@user The motherfucking goat;"{
  ""label"": ""UNHARMFUL_PROFANITY"",
   ""confidence"": ""HIGH"",
   ""rationale"": ""The span_text contains profanity ('motherfucking') without targeting a specific entity.""
}";1;1;HIGH;The span_text contains profanity ('motherfucking') without targeting a specific entity.
396;use depression and suicide as a defense against animal abuse?;"{
  ""label"": ""CONFLICTUAL"",
   ""confidence"": ""HIGH"",
   ""rationale"": ""The span_text contains a reference to depression and suicide as a defense against animal abuse, which is a conflictual and harmful statement.""
}";2;2;HIGH;The span_text contains a reference to depression and suicide as a defense against animal abuse, which is a conflictual and harmful statement.
581;album sales doesn't guarantee your album is good if you;"{
  ""label"": ""NONE"",
   ""confidence"": ""HIGH"",
   ""rationale"": ""The span_text does not contain any conflictual language, profanity, or targeted insults, making it none of the specified harmful categories.""
}";0;0;HIGH;The span_text does not contain any conflictual language, profanity, or targeted insults, making it none of the specified harmful categories.
413;Rule of thumbs, don't buy performance shoes for casual wear;"{
  ""label"": ""NONE"",
   ""confidence"": ""HIGH"",
   ""rationale"": ""The span_text provides a neutral, general advice on shoe selection and does not contain any harmful or conflictual language.""
}";0;0;HIGH;The span_text provides a neutral, general advice on shoe selection and does not contain any harmful or conflictual language.
386;Well hes horrible give them some space. Just cause they're;"{
  ""label"": ""CONFLICTUAL"",
   ""confidence"": ""MEDIUM"",
   ""rationale"": ""The span_text contains a targeted insult phrase 'hes horrible' which is directed towards a specific entity, indicating conflictual language.""
}";2;0;MEDIUM;The span_text contains a targeted insult phrase 'hes horrible' which is directed towards a specific entity, indicating conflictual language.
760;Guns and butter, lil dumb mothafucka;"{
  ""label"": ""UNHARMFUL_PROFANITY"",
   ""confidence"": ""HIGH"",
   ""rationale"": ""The span_text contains profanity, specifically the word 'mothafucka', which is a strong curse word.""
}";1;2;HIGH;The span_text contains profanity, specifically the word 'mothafucka', which is a strong curse word.
1631;God, I'd love to be hypnotised by just ONE antifa;"{
  ""label"": ""CONFLICTUAL"",
   ""confidence"": ""HIGH"",
   ""rationale"": ""The span_text contains a targeted insult towards a specific group ('antifa'), which is a protected category.""
}";2;1;HIGH;The span_text contains a targeted insult towards a specific group ('antifa'), which is a protected category.
1072;@cbfowler What a tool. Clemson and SEC suckass;"{
  ""label"": ""UNHARMFUL_PROFANITY"",
   ""confidence"": ""HIGH"",
   ""rationale"": ""The span_text contains profanity ('suckass') without targeting a specific entity.""
}";1;2;HIGH;The span_text contains profanity ('suckass') without targeting a specific entity.
232;jungkook has the milfiest mannerisms;"{
  ""label"": ""NONE"",
   ""confidence"": ""HIGH"",
   ""rationale"": ""The span_text does not contain any conflictual language, profanity, or targeted insults.""
}";0;1;HIGH;The span_text does not contain any conflictual language, profanity, or targeted insults.
1050;me a fookin break you asshat! Good God! Listen to;"{
  ""label"": ""UNHARMFUL_PROFANITY"",
   ""confidence"": ""HIGH"",
   ""rationale"": ""The span contains profanity ('fookin', 'asshat') without targeting a specific entity.""
}";1;2;HIGH;The span contains profanity ('fookin', 'asshat') without targeting a specific entity.
1189;didn't say anything about sucking dick for $ 18k 😂😂😂😂😂;"{
  ""label"": ""UNHARMFUL_PROFANITY"",
   ""confidence"": ""MEDIUM"",
   ""rationale"": ""The span_text contains profanity, specifically the phrase 'sucking dick', which is a slur, but it is not directed toward a specific entity.""
}";1;1;MEDIUM;The span_text contains profanity, specifically the phrase 'sucking dick', which is a slur, but it is not directed toward a specific entity.
608;Steve it's a pile of shit. We've still got bugger;"{
  ""label"": ""UNHARMFUL_PROFANITY"",
   ""confidence"": ""HIGH"",
   ""rationale"": ""The span contains profanity ('shit', 'bugger') without targeting a specific entity.""
}";1;1;HIGH;The span contains profanity ('shit', 'bugger') without targeting a specific entity.
1647;How THE FUUUUCK do we keep going into overtime with;"{
  ""label"": ""UNHARMFUL_PROFANITY"",
   ""confidence"": ""HIGH"",
   ""rationale"": ""The span_text contains profanity ('FUUUUCK') without targeting a specific entity.""
}";1;1;HIGH;The span_text contains profanity ('FUUUUCK') without targeting a specific entity.
334;for it. i have no ass, BARELY some titties and;"{
  ""label"": ""UNHARMFUL_PROFANITY"",
   ""confidence"": ""HIGH"",
   ""rationale"": ""The presence of profanity in the span_text, specifically the word 'ass', justifies this classification.""
}";1;1;HIGH;The presence of profanity in the span_text, specifically the word 'ass', justifies this classification.
1109;@user 'that company is racist!!' you literally called black people;"{
  ""label"": ""CONFLICTUAL"",
   ""confidence"": ""HIGH"",
   ""rationale"": ""The span_text contains language that is an attack based on a protected category ('racist' and 'black people').""
}";2;2;HIGH;The span_text contains language that is an attack based on a protected category ('racist' and 'black people').
634;I saw my nigga stfu pussy damn 'Read my friend';"{
  ""label"": ""UNHARMFUL_PROFANITY"",
   ""confidence"": ""HIGH"",
   ""rationale"": ""The span_text contains profanity ('nigga', 'stfu', 'pussy', 'damn') without targeting a specific entity.""
}";1;2;HIGH;The span_text contains profanity ('nigga', 'stfu', 'pussy', 'damn') without targeting a specific entity.
348;yeah i'd definitely enjoy a nice sub from subway mmmm;"{
  ""label"": ""NONE"",
   ""confidence"": ""HIGH"",
   ""rationale"": ""The span_text does not contain any conflictual language, excessive profanity, or targeted insults. It appears to be a casual conversation about enjoying a Subway sandwich.""
}";0;0;HIGH;The span_text does not contain any conflictual language, excessive profanity, or targeted insults. It appears to be a casual conversation about enjoying a Subway sandwich.
487;like it's one thing to point out that we can;"{
  ""label"": ""NONE"",
   ""confidence"": ""HIGH"",
   ""rationale"": ""The span_text does not contain any conflictual language, profanity, or targeted insults.""
}";0;0;HIGH;The span_text does not contain any conflictual language, profanity, or targeted insults.
1364;the league, so please do your research first u knobhead;"{
  ""label"": ""CONFLICTUAL"",
   ""confidence"": ""HIGH"",
   ""rationale"": ""The span_text contains a targeted insult ('u knobhead'), which is a form of conflictual language.""
}";2;2;HIGH;The span_text contains a targeted insult ('u knobhead'), which is a form of conflictual language.
1190;na hear ur little bitchass say it all out loud;"{
  ""label"": ""UNHARMFUL_PROFANITY"",
   ""confidence"": ""HIGH"",
   ""rationale"": ""The span_text contains profanity ('bitchass') without targeting a specific entity.""
}";1;2;HIGH;The span_text contains profanity ('bitchass') without targeting a specific entity.
1183;it gets the most cheers! He is a sad mutherfucker!;"{
  ""label"": ""UNHARMFUL_PROFANITY"",
   ""confidence"": ""HIGH"",
   ""rationale"": ""The span_text contains profanity ('mutherfucker') without targeting a specific entity.""
}";1;1;HIGH;The span_text contains profanity ('mutherfucker') without targeting a specific entity.
1732;Is you stupidddddd;"{
  ""label"": ""UNHARMFUL_PROFANITY"",
   ""confidence"": ""HIGH"",
   ""rationale"": ""Excessive use of profanity ('stupidddddd') without targeting a specific entity.""
}";1;2;HIGH;Excessive use of profanity ('stupidddddd') without targeting a specific entity.
21;kinda the opposite. i used to lay it all out;"{
  ""label"": ""NONE"",
   ""confidence"": ""HIGH"",
   ""rationale"": ""The span_text does not contain any conflictual language, excessive profanity, slurs, or targeted insults.""
}";0;0;HIGH;The span_text does not contain any conflictual language, excessive profanity, slurs, or targeted insults.
395;see my thick white dick horny bwc hardpenis cockrate dickrate;"{
  ""label"": ""UNHARMFUL_PROFANITY"",
   ""confidence"": ""HIGH"",
   ""rationale"": ""The span_text contains excessive profanity, specifically 'dick', 'cock', and 'hardpenis', which are not directed towards a specific entity.""
}";1;1;HIGH;The span_text contains excessive profanity, specifically 'dick', 'cock', and 'hardpenis', which are not directed towards a specific entity.
1054;@SkySportsPL The clueless arrogant twats on here.;"{
  ""label"": ""UNHARMFUL_PROFANITY"",
   ""confidence"": ""HIGH"",
   ""rationale"": ""The span_text contains profanity ('twats') without targeting a specific entity.""
}";1;1;HIGH;The span_text contains profanity ('twats') without targeting a specific entity.
1669;much stage is such a bitch anyways. Let me help;"{
  ""label"": ""UNHARMFUL_PROFANITY"",
   ""confidence"": ""MEDIUM"",
   ""rationale"": ""The span_text contains profanity ('bitch') without targeting a specific entity.""
}";1;1;MEDIUM;The span_text contains profanity ('bitch') without targeting a specific entity.
1412;but @VancityReynolds is one sexy motherfucker no matter which what;"{
  ""label"": ""UNHARMFUL_PROFANITY"",
   ""confidence"": ""HIGH"",
   ""rationale"": ""The span contains profanity ('motherfucker') without targeting a specific entity.""
}";1;1;HIGH;The span contains profanity ('motherfucker') without targeting a specific entity.
143;@BlueBoxDave I decided i didn't want to die. Sounds stupid,;"{
  ""label"": ""NONE"",
   ""confidence"": ""HIGH"",
   ""rationale"": ""The span_text does not contain any conflictual language, profanity, or targeted insults.""
}";0;0;HIGH;The span_text does not contain any conflictual language, profanity, or targeted insults.
1085;@kthalps That goddammed Jimmy Dore.;"{
  ""label"": ""UNHARMFUL_PROFANITY"",
   ""confidence"": ""HIGH"",
   ""rationale"": ""The presence of the profanity 'goddammed' in the span_text, without any targeted insult or slur, justifies this classification.""
}";1;1;HIGH;The presence of the profanity 'goddammed' in the span_text, without any targeted insult or slur, justifies this classification.
437;his juices out of your pussy while you suck yours;"{
  ""label"": ""UNHARMFUL_PROFANITY"",
   ""confidence"": ""HIGH"",
   ""rationale"": ""The span_text contains profanity, specifically the phrase 'your pussy', which is a slur-like term, although it's not directed towards a specific entity.""
}";1;1;HIGH;The span_text contains profanity, specifically the phrase 'your pussy', which is a slur-like term, although it's not directed towards a specific entity.
1523;world to grow up and become one of these headasses.;"{
  ""label"": ""CONFLICTUAL"",
   ""confidence"": ""HIGH"",
   ""rationale"": ""The span_text contains a targeted insult ('headasses') which is directed at a group of people.""
}";2;1;HIGH;The span_text contains a targeted insult ('headasses') which is directed at a group of people.
5;Thanks Katie ❤️ I think it's hitting Mum now. She;"{
  ""label"": ""NONE"",
   ""confidence"": ""HIGH"",
   ""rationale"": ""The span_text does not contain any conflictual language, excessive profanity, or targeted insults.""
}";0;0;HIGH;The span_text does not contain any conflictual language, excessive profanity, or targeted insults.
381;Because no one wants to see how young depression and;"{
  ""label"": ""NONE"",
   ""confidence"": ""HIGH"",
   ""rationale"": ""The span_text does not contain conflictual language, profanity, or targeted insults.""
}";0;0;HIGH;The span_text does not contain conflictual language, profanity, or targeted insults.
281;I'll kiss any of my creepy stalker fans that retweet;"{
  ""label"": ""CONFLICTUAL"",
   ""confidence"": ""HIGH"",
   ""rationale"": ""The span_text contains a targeted threat ('I'll kiss any of my creepy stalker fans that retweet') which implies a form of attack or intimidation, thus qualifying as Conflictual language.""
}";2;0;HIGH;The span_text contains a targeted threat ('I'll kiss any of my creepy stalker fans that retweet') which implies a form of attack or intimidation, thus qualifying as Conflictual language.
864;do. Get off here and go get your GED. Clearly;"{
  ""label"": ""NONE"",
   ""confidence"": ""HIGH"",
   ""rationale"": ""The span_text does not contain any conflictual language, excessive profanity, slurs, or targeted insults.""
}";0;2;HIGH;The span_text does not contain any conflictual language, excessive profanity, slurs, or targeted insults.
1683;I like my bitches redbone, ass fat, Jell-O Lightskin, yellow,;"{
  ""label"": ""CONFLICTUAL"",
   ""confidence"": ""HIGH"",
   ""rationale"": ""The span_text contains targeted racial insults ('Redbone', 'Lightskin', 'yellow') which are directed towards specific ethnic groups, categorizing it as conflictual language.""
}";2;1;HIGH;The span_text contains targeted racial insults ('Redbone', 'Lightskin', 'yellow') which are directed towards specific ethnic groups, categorizing it as conflictual language.
439;me and ryn fr getting deep tonight, sadness said hello;"{
  ""label"": ""NONE"",
   ""confidence"": ""HIGH"",
   ""rationale"": ""The span_text does not contain any explicit conflictual language, excessive profanity, or targeted insults.""
}";0;0;HIGH;The span_text does not contain any explicit conflictual language, excessive profanity, or targeted insults.
383;Partially. The most interesting thing to me is the use;"{
  ""label"": ""NONE"",
   ""confidence"": ""HIGH"",
   ""rationale"": ""The span_text does not contain any conflictual language, profanity, or targeted insults.""
}";0;0;HIGH;The span_text does not contain any conflictual language, profanity, or targeted insults.
137;believe God said something about lying so I'm guessing there;"{
  ""label"": ""NONE"",
   ""confidence"": ""HIGH"",
   ""rationale"": ""The span_text does not contain any conflictual language, profanity, or targeted insults. It appears to be a speculative or uncertain statement.""
}";0;2;HIGH;The span_text does not contain any conflictual language, profanity, or targeted insults. It appears to be a speculative or uncertain statement.
558;another ytber on the verge of suicide by mocking her;"{
  ""label"": ""CONFLICTUAL"",
   ""confidence"": ""HIGH"",
   ""rationale"": ""The span_text contains targeted mocking towards a specific individual, which is a form of conflictual language.""
}";2;2;HIGH;The span_text contains targeted mocking towards a specific individual, which is a form of conflictual language.
118;one pic.😆so you better first find your own sexuality 🙂;"{
  ""label"": ""NONE"",
   ""confidence"": ""HIGH"",
   ""rationale"": ""The span_text contains a neutral emoji and a non-specific reference to finding one's own sexuality, without any explicit conflictual or profane language.""
}";0;2;HIGH;The span_text contains a neutral emoji and a non-specific reference to finding one's own sexuality, without any explicit conflictual or profane language.
1618;eating at suhur is my BF's juicy thicc ass. 🥵;"{
  ""label"": ""UNHARMFUL_PROFANITY"",
   ""confidence"": ""HIGH"",
   ""rationale"": ""The span_text contains profanity ('thicc ass') which is not directed towards a specific entity, but is still considered UNHARMFUL_PROFANITY due to its explicit nature.""
}";1;1;HIGH;The span_text contains profanity ('thicc ass') which is not directed towards a specific entity, but is still considered UNHARMFUL_PROFANITY due to its explicit nature.
1636;and casters money. Stop being shitcunts and start playing ethically.;"{
  ""label"": ""CONFLICTUAL"",
   ""confidence"": ""HIGH"",
   ""rationale"": ""The span_text contains a targeted insult with derogatory language ('shitcunts') and a reference to a protected category ('casters'), which aligns with the definition of Conflictual language.""
}";2;2;HIGH;The span_text contains a targeted insult with derogatory language ('shitcunts') and a reference to a protected category ('casters'), which aligns with the definition of Conflictual language.
1013;polltaxriotsMk2 are 100 % coming. Just a matter of time.;"{
  ""label"": ""CONFLICTUAL"",
   ""confidence"": ""HIGH"",
   ""rationale"": ""The span_text contains language that is an attack based on a protected category (race/color) as it mentions 'polltaxriotsMk2', which is a reference to the historical 'poll tax riots' in the UK, and is being used in a threatening manner.""
}";2;2;HIGH;The span_text contains language that is an attack based on a protected category (race/color) as it mentions 'polltaxriotsMk2', which is a reference to the historical 'poll tax riots' in the UK, and is being used in a threatening manner.
445;So, we got our son a cheap amazon kiddie tablet;"{
  ""label"": ""NONE"",
   ""confidence"": ""HIGH"",
   ""rationale"": ""The span_text does not contain any conflictual language, excessive profanity, or targeted insults.""
}";0;0;HIGH;The span_text does not contain any conflictual language, excessive profanity, or targeted insults.
1696;no reason, yet these same fucktards cant even sit in;"{
  ""label"": ""UNHARMFUL_PROFANITY"",
   ""confidence"": ""HIGH"",
   ""rationale"": ""The span_text contains profanity ('fucktards') without targeting a specific entity.""
}";1;1;HIGH;The span_text contains profanity ('fucktards') without targeting a specific entity.
402;yeah ik you prolly accidentally clicked on the wrong link;"{
  ""label"": ""NONE"",
   ""confidence"": ""HIGH"",
   ""rationale"": ""The span_text does not contain any conflictual language, profanity, or targeted insults.""
}";0;0;HIGH;The span_text does not contain any conflictual language, profanity, or targeted insults.
1613;the head just because your dick big... I need shrimp;"{
  ""label"": ""UNHARMFUL_PROFANITY"",
   ""confidence"": ""HIGH"",
   ""rationale"": ""The span_text contains profanity ('dick') without targeting a specific entity.""
}";1;1;HIGH;The span_text contains profanity ('dick') without targeting a specific entity.
299;of rape threats remain untouched on here for years, found;"{
  ""label"": ""CONFLICTUAL"",
   ""confidence"": ""HIGH"",
   ""rationale"": ""The span_text contains language related to 'rape threats', which is a targeted attack and thus considered conflictual.""
}";2;2;HIGH;The span_text contains language related to 'rape threats', which is a targeted attack and thus considered conflictual.
1300;is cuckolding and big dick/pussy stretching 🤔 I've never called;"{
  ""label"": ""UNHARMFUL_PROFANITY"",
   ""confidence"": ""MEDIUM"",
   ""rationale"": ""The span contains profanity ('big dick/pussy stretching') without targeting a specific entity.""
}";1;1;MEDIUM;The span contains profanity ('big dick/pussy stretching') without targeting a specific entity.
63;Yasssss, that's what i want to hear!!;"{
  ""label"": ""NONE"",
   ""confidence"": ""HIGH"",
   ""rationale"": ""The span_text does not contain any conflictual language, profanity, or targeted insults.""
}";0;0;HIGH;The span_text does not contain any conflictual language, profanity, or targeted insults.
215;Sitting here, in the same room I couldn't stand leaving;"{
  ""label"": ""NONE"",
   ""confidence"": ""HIGH"",
   ""rationale"": ""The span_text does not contain any conflictual language, profanity, or targeted insults.""
}";0;0;HIGH;The span_text does not contain any conflictual language, profanity, or targeted insults.
16;I wish my job didn't severely destroy my mental health;"{
  ""label"": ""CONFLICTUAL"",
   ""confidence"": ""HIGH"",
   ""rationale"": ""The span_text contains a statement about job severely destroying mental health, which can be perceived as a conflictual statement due to its negative impact on a protected category (mental health).""
}";2;0;HIGH;The span_text contains a statement about job severely destroying mental health, which can be perceived as a conflictual statement due to its negative impact on a protected category (mental health).
540;The zookeeper died in September at age 53 and on;"{
  ""label"": ""NONE"",
   ""confidence"": ""HIGH"",
   ""rationale"": ""The span_text does not contain any conflictual language, profanity, or targeted insults.""
}";0;0;HIGH;The span_text does not contain any conflictual language, profanity, or targeted insults.
727;been 3x that many military suicides tho. Fuck off gman;"{
  ""label"": ""CONFLICTUAL"",
   ""confidence"": ""MEDIUM"",
   ""rationale"": ""The span contains a targeted insult ('gman'), which is directed at a specific entity.""
}";2;1;MEDIUM;The span contains a targeted insult ('gman'), which is directed at a specific entity.
352;@user you haven't taken your psychotic meds and it shows;"{
  ""label"": ""CONFLICTUAL"",
   ""confidence"": ""HIGH"",
   ""rationale"": ""The span_text contains a targeted insult towards someone's mental health, which is a protected category.""
}";2;2;HIGH;The span_text contains a targeted insult towards someone's mental health, which is a protected category.
1479;@user What a sluty face baby;"{
  ""label"": ""UNHARMFUL_PROFANITY"",
   ""confidence"": ""HIGH"",
   ""rationale"": ""The span_text contains profanity ('sluty') without targeting a specific entity.""
}";1;1;HIGH;The span_text contains profanity ('sluty') without targeting a specific entity.
1115;think that they can be dicks to me because of;"{
  ""label"": ""CONFLICTUAL"",
   ""confidence"": ""HIGH"",
   ""rationale"": ""The span_text contains the phrase 'dicks to me because of', which implies a targeted attack on a protected category, specifically the speaker's identity or group affiliation.""
}";2;1;HIGH;The span_text contains the phrase 'dicks to me because of', which implies a targeted attack on a protected category, specifically the speaker's identity or group affiliation.
304;random, but always remember that you only have to a;"{
  ""label"": ""NONE"",
   ""confidence"": ""HIGH"",
   ""rationale"": ""The span_text does not contain any conflictual language, excessive profanity, or targeted insults.""
}";0;0;HIGH;The span_text does not contain any conflictual language, excessive profanity, or targeted insults.
606;for us all < 333 bye bye 2020 you bitchhhh;"{
  ""label"": ""CONFLICTUAL"",
   ""confidence"": ""HIGH"",
   ""rationale"": ""The span_text contains a targeted insult ('you bitchhhh'), which is a form of conflictual language.""
}";2;1;HIGH;The span_text contains a targeted insult ('you bitchhhh'), which is a form of conflictual language.
346;Sometimes it's just one person singing and the rest are;"{
  ""label"": ""NONE"",
   ""confidence"": ""HIGH"",
   ""rationale"": ""The span_text does not contain any conflictual language, profanity, or targeted insults.""
}";0;0;HIGH;The span_text does not contain any conflictual language, profanity, or targeted insults.
216;I guess she was','n't' the only survivor after all. I'm;"{
  ""label"": ""NONE"",
   ""confidence"": ""HIGH"",
   ""rationale"": ""The span_text does not contain any conflictual language, profanity, or targeted insults.""
}";0;0;HIGH;The span_text does not contain any conflictual language, profanity, or targeted insults.
180;@AyoCaesar @oliverburkeman What a ghoul you are. Quote tweeting this;"{
  ""label"": ""CONFLICTUAL"",
   ""confidence"": ""HIGH"",
   ""rationale"": ""The span_text contains a targeted insult ('ghoul') directed at a specific entity (@oliverburkeman), which is a form of conflictual language.""
}";2;2;HIGH;The span_text contains a targeted insult ('ghoul') directed at a specific entity (@oliverburkeman), which is a form of conflictual language.
68;@khanumarfa People wake up be sensible save urself we do;"{
  ""label"": ""CONFLICTUAL"",
   ""confidence"": ""HIGH"",
   ""rationale"": ""The span_text contains a targeted attack on a specific entity (@khanumarfa), which is a characteristic of conflictual language.""
}";2;0;HIGH;The span_text contains a targeted attack on a specific entity (@khanumarfa), which is a characteristic of conflictual language.
1132;@RobGronkowski You're an idiot. His wife can't stand that orange;"{
  ""label"": ""CONFLICTUAL"",
   ""confidence"": ""HIGH"",
   ""rationale"": ""The span_text contains a targeted insult ('You're an idiot') which is directed at a specific entity (@RobGronkowski)""
}";2;2;HIGH;The span_text contains a targeted insult ('You're an idiot') which is directed at a specific entity (@RobGronkowski)
508;Rt = retweet aka the latest tweet you retweeted and;"{
  ""label"": ""NONE"",
   ""confidence"": ""HIGH"",
   ""rationale"": ""The span_text does not contain any conflictual language, profanity, or targeted insults.""
}";0;0;HIGH;The span_text does not contain any conflictual language, profanity, or targeted insults.
183;sure it'll' be intense, insane and triggering asf! FXonHulu Hulu;"{
  ""label"": ""NONE"",
   ""confidence"": ""MEDIUM"",
   ""rationale"": ""The span contains profanity ('asf') but it's not directed towards a specific entity, and it's not conflictual in nature.""
}";0;1;MEDIUM;The span contains profanity ('asf') but it's not directed towards a specific entity, and it's not conflictual in nature.
868;the fact that he raised hella money for his mom;"{
  ""label"": ""NONE"",
   ""confidence"": ""HIGH"",
   ""rationale"": ""The span_text does not contain conflictual language, profanity, or targeted insults.""
}";0;1;HIGH;The span_text does not contain conflictual language, profanity, or targeted insults.
1045;hard for a bigoted little shitweasel like you to take,;"{
  ""label"": ""CONFLICTUAL"",
   ""confidence"": ""HIGH"",
   ""rationale"": ""The span contains a targeted insult ('bigoted little shitweasel') which is directed towards a specific entity, making it conflictual.""
}";2;2;HIGH;The span contains a targeted insult ('bigoted little shitweasel') which is directed towards a specific entity, making it conflictual.
854;Real niggas don't bump that weird ass nigga lil nas;"{
  ""label"": ""UNHARMFUL_PROFANITY"",
   ""confidence"": ""HIGH"",
   ""rationale"": ""The span_text contains profanity ('nigga') without targeting a specific entity, meeting the criteria for UNHARMFUL_PROFANITY.""
}";1;1;HIGH;The span_text contains profanity ('nigga') without targeting a specific entity, meeting the criteria for UNHARMFUL_PROFANITY.
709;stigmatised… IT ' S REALLY FUCKING INTIMATE I MEAN THINK;"{
  ""label"": ""UNHARMFUL_PROFANITY"",
   ""confidence"": ""HIGH"",
   ""rationale"": ""The span_text contains profanity ('FUCKING') without targeting a specific entity.""
}";1;1;HIGH;The span_text contains profanity ('FUCKING') without targeting a specific entity.
1759;Maguire is trash la, sell this motherfker pls;"{
  ""label"": ""UNHARMFUL_PROFANITY"",
   ""confidence"": ""HIGH"",
   ""rationale"": ""The span contains profanity ('motherfker') without targeting a specific entity.""
}";1;2;HIGH;The span contains profanity ('motherfker') without targeting a specific entity.
750;they delivering at 3:15 pm mothafucka it's 6:39 pm y'all;"{
  ""label"": ""UNHARMFUL_PROFANITY"",
   ""confidence"": ""HIGH"",
   ""rationale"": ""The span_text contains profanity ('mothafucka') without targeting a specific entity.""
}";1;1;HIGH;The span_text contains profanity ('mothafucka') without targeting a specific entity.
262;final hour of trading. Worst broker ever. Happening two to;"{
  ""label"": ""CONFLICTUAL"",
   ""confidence"": ""HIGH"",
   ""rationale"": ""The span_text contains a targeted insult towards a specific entity, a 'broker'.""
}";2;2;HIGH;The span_text contains a targeted insult towards a specific entity, a 'broker'.
1465;@user This u? Cuz its such a pussyy ayy;"{
  ""label"": ""UNHARMFUL_PROFANITY"",
   ""confidence"": ""HIGH"",
   ""rationale"": ""The span contains profanity ('pussyy', 'ayy') without targeting a specific entity.""
}";1;1;HIGH;The span contains profanity ('pussyy', 'ayy') without targeting a specific entity.
488;Swipe and get a shlong in your pics. Lovely. 🤣😬;"{
  ""label"": ""UNHARMFUL_PROFANITY"",
   ""confidence"": ""HIGH"",
   ""rationale"": ""The span contains profanity ('shlong') which is not directed toward a specific entity.""
}";1;1;HIGH;The span contains profanity ('shlong') which is not directed toward a specific entity.
353;communist, not a spineless imperialist weasel democrat who supports drone;"{
  ""label"": ""CONFLICTUAL"",
   ""confidence"": ""HIGH"",
   ""rationale"": ""The span_text contains a targeted insult ('spineless imperialist weasel democrat') and a derogatory term ('communist') that is directed at a protected category, indicating conflictual language.""
}";2;2;HIGH;The span_text contains a targeted insult ('spineless imperialist weasel democrat') and a derogatory term ('communist') that is directed at a protected category, indicating conflictual language.
115;iiii bitch, I'll charge you extra just for being dumb.;"{
  ""label"": ""CONFLICTUAL"",
   ""confidence"": ""HIGH"",
   ""rationale"": ""The span_text contains targeted insult ('dumb') directed at a specific entity ('you'), which is considered conflictual language.""
}";2;2;HIGH;The span_text contains targeted insult ('dumb') directed at a specific entity ('you'), which is considered conflictual language.
92;@BTS_twt @user yay! taehyung ost is coming omgggg I'm' so;"{
  ""label"": ""NONE"",
   ""confidence"": ""HIGH"",
   ""rationale"": ""The span_text contains enthusiastic language and does not contain any conflictual language, excessive profanity, or targeted insults.""
}";0;0;HIGH;The span_text contains enthusiastic language and does not contain any conflictual language, excessive profanity, or targeted insults.
631;need a UK CNN to call the lying bastards out.;"{
  ""label"": ""CONFLICTUAL"",
   ""confidence"": ""HIGH"",
   ""rationale"": ""The span_text contains a targeted insult ('lying bastards') which is directed towards a specific entity ('UK CNN').""
}";2;1;HIGH;The span_text contains a targeted insult ('lying bastards') which is directed towards a specific entity ('UK CNN').
422;I'm' re-reading all the stuff I wrote after I found;"{
  ""label"": ""NONE"",
   ""confidence"": ""HIGH"",
   ""rationale"": ""The span_text does not contain any conflictual language, excessive profanity, or targeted insults.""
}";0;0;HIGH;The span_text does not contain any conflictual language, excessive profanity, or targeted insults.
1120;you were offended and emotional. Nope, double down on dickheadedness.;"{
  ""label"": ""CONFLICTUAL"",
   ""confidence"": ""HIGH"",
   ""rationale"": ""The span_text contains a targeted insult ('dickheadedness') which is directed towards a specific entity (the person who was 'double down[ing]'), indicating conflictual language.""
}";2;2;HIGH;The span_text contains a targeted insult ('dickheadedness') which is directed towards a specific entity (the person who was 'double down[ing]'), indicating conflictual language.
1327;Feminists are devising ways to eradicate this misogynistic evolutionary 'construct',''''.;"{
  ""label"": ""CONFLICTUAL"",
   ""confidence"": ""HIGH"",
   ""rationale"": ""The span_text contains targeted language towards a protected category ('misogynistic' and 'Feminists') which is considered conflictual.""
}";2;2;HIGH;The span_text contains targeted language towards a protected category ('misogynistic' and 'Feminists') which is considered conflictual.
1601;is here forever. However, the douchenozzles who CAN NOT just;"{
  ""label"": ""CONFLICTUAL"",
   ""confidence"": ""HIGH"",
   ""rationale"": ""The span_text contains a targeted insult ('douchenozzles') which is directed towards a group of people, making it conflictual.""
}";2;2;HIGH;The span_text contains a targeted insult ('douchenozzles') which is directed towards a group of people, making it conflictual.
113;sign to tell that it's on the verge of death,;"{
  ""label"": ""NONE"",
   ""confidence"": ""HIGH"",
   ""rationale"": ""The span_text does not contain any conflictual language, profanity, or targeted insults.""
}";0;2;HIGH;The span_text does not contain any conflictual language, profanity, or targeted insults.
1675;I got my titties tittying at the hobby lobby, these;"{
  ""label"": ""UNHARMFUL_PROFANITY"",
   ""confidence"": ""HIGH"",
   ""rationale"": ""The span_text contains profanity ('titties') without a targeted insult.""
}";1;1;HIGH;The span_text contains profanity ('titties') without a targeted insult.
300;What really scares me are😱 people who don't wash their;"{
  ""label"": ""NONE"",
   ""confidence"": ""HIGH"",
   ""rationale"": ""The span_text does not contain conflictual language, slurs, or excessive profanity, and is not a targeted insult.""
}";0;0;HIGH;The span_text does not contain conflictual language, slurs, or excessive profanity, and is not a targeted insult.
1365;I never thought of it that way but holy shitttt😭;"{
  ""label"": ""UNHARMFUL_PROFANITY"",
   ""confidence"": ""HIGH"",
   ""rationale"": ""The span_text contains profanity ('holy shitttt') without targeting a specific entity.""
}";1;1;HIGH;The span_text contains profanity ('holy shitttt') without targeting a specific entity.
335;How the hell would 'superbisexuality','''' even work? Bisexuality is inherently;"{
  ""label"": ""CONFLICTUAL"",
   ""confidence"": ""HIGH"",
   ""rationale"": ""The span_text contains a derogatory term ('superbisexuality') and a question that implies a negative view of bisexuality, which is a protected category.""
}";2;0;HIGH;The span_text contains a derogatory term ('superbisexuality') and a question that implies a negative view of bisexuality, which is a protected category.
1039;4 of those corrupt bastards need to go to prison.;"{
  ""label"": ""CONFLICTUAL"",
   ""confidence"": ""HIGH"",
   ""rationale"": ""The span_text contains a targeted insult, with the phrase 'those corrupt bastards' being directed at a specific group.""
}";2;2;HIGH;The span_text contains a targeted insult, with the phrase 'those corrupt bastards' being directed at a specific group.
576;stop trauma dumping on stream ❤️;"{
  ""label"": ""NONE"",
   ""confidence"": ""HIGH"",
   ""rationale"": ""The span_text does not contain conflictual language, profanity, or targeted insults.""
}";0;0;HIGH;The span_text does not contain conflictual language, profanity, or targeted insults.
378;to me when you can pitchfork a motherfucker to death;"{
  ""label"": ""CONFLICTUAL"",
   ""confidence"": ""HIGH"",
   ""rationale"": ""The span_text contains a violent and aggressive phrase ('pitchfork a motherfucker to death'), which is directed towards a person and can be considered as an attack.""
}";2;1;HIGH;The span_text contains a violent and aggressive phrase ('pitchfork a motherfucker to death'), which is directed towards a person and can be considered as an attack.
1199;life work….. in reality that shit don't matter. Like ya;"{
  ""label"": ""UNHARMFUL_PROFANITY"",
   ""confidence"": ""HIGH"",
   ""rationale"": ""The span contains profanity ('shit') without targeting a specific entity.""
}";1;1;HIGH;The span contains profanity ('shit') without targeting a specific entity.
824;they are all in some way severely DAMAGED and corrupt.;"{
  ""label"": ""CONFLICTUAL"",
   ""confidence"": ""HIGH"",
   ""rationale"": ""The phrase 'severely DAMAGED and corrupt' implies a negative judgment on a group, which aligns with conflictual language.""
}";2;2;HIGH;The phrase 'severely DAMAGED and corrupt' implies a negative judgment on a group, which aligns with conflictual language.
1507;they are partnered with Walmart, quit being a raging fagg0t.;"{
  ""label"": ""CONFLICTUAL"",
   ""confidence"": ""HIGH"",
   ""rationale"": ""The span_text contains a targeted insult based on protected categories ('fagg0t' is a slur against the LGBTQ+ community) and a derogatory term ('raging').""
}";2;2;HIGH;The span_text contains a targeted insult based on protected categories ('fagg0t' is a slur against the LGBTQ+ community) and a derogatory term ('raging').
318;@user Stop ramming your sexual gender dysphoria on the masses;"{
  ""label"": ""CONFLICTUAL"",
   ""confidence"": ""HIGH"",
   ""rationale"": ""The span_text contains a targeted attack based on protected category 'sexual gender dysphoria'.""
}";2;2;HIGH;The span_text contains a targeted attack based on protected category 'sexual gender dysphoria'.
664;@user No wonder the cnut is selling off his stock;"{
  ""label"": ""CONFLICTUAL"",
   ""confidence"": ""HIGH"",
   ""rationale"": ""The span_text contains a targeted insult ('cnut') directed at a specific entity ('the user').""
}";2;1;HIGH;The span_text contains a targeted insult ('cnut') directed at a specific entity ('the user').
42;A window and we only had 3 minutes to get;"{
  ""label"": ""NONE"",
   ""confidence"": ""HIGH"",
   ""rationale"": ""The span_text does not contain any conflictual language, profanity, or targeted insults.""
}";0;0;HIGH;The span_text does not contain any conflictual language, profanity, or targeted insults.
162;//MCD, Bkkr, suicide (vague), Soulmates (skin writing), just a tiny;"{
  ""label"": ""UNHARMFUL_PROFANITY"",
   ""confidence"": ""MEDIUM"",
   ""rationale"": ""The span_text contains profanity ('tiny') and potentially sensitive content ('suicide'), but no targeted insults or slurs.""
}";1;0;MEDIUM;The span_text contains profanity ('tiny') and potentially sensitive content ('suicide'), but no targeted insults or slurs.
1157;can I call those morons rioting at Capitol Hill morons?;"{
  ""label"": ""CONFLICTUAL"",
   ""confidence"": ""HIGH"",
   ""rationale"": ""The span_text contains targeted conflictual language with the phrase 'morons' directed towards a specific group of people, 'rioters at Capitol Hill'.""
}";2;2;HIGH;The span_text contains targeted conflictual language with the phrase 'morons' directed towards a specific group of people, 'rioters at Capitol Hill'.
58;Folks had already started to come by and take selfie's';"{
  ""label"": ""NONE"",
   ""confidence"": ""HIGH"",
   ""rationale"": ""The span_text does not contain any conflictual language, profanity, or targeted insults. It appears to be a casual, neutral statement.""
}";0;0;HIGH;The span_text does not contain any conflictual language, profanity, or targeted insults. It appears to be a casual, neutral statement.
67;He has reached Menopause of ideas, he becomes moody.;"{
  ""label"": ""NONE"",
   ""confidence"": ""HIGH"",
   ""rationale"": ""The span_text describes a person's emotional state due to a lack of ideas, which is not a conflictual or profane statement.""
}";0;0;HIGH;The span_text describes a person's emotional state due to a lack of ideas, which is not a conflictual or profane statement.
202;It is a little odd. I'm equally as interested in;"{
  ""label"": ""NONE"",
   ""confidence"": ""HIGH"",
   ""rationale"": ""The span_text does not contain any conflictual language, profanity, or targeted insults.""
}";0;0;HIGH;The span_text does not contain any conflictual language, profanity, or targeted insults.
128;@drmistercody Rogan's entire shtick is giving a soapbox to the;"{
  ""label"": ""CONFLICTUAL"",
   ""confidence"": ""HIGH"",
   ""rationale"": ""The span_text contains a targeted insult ('Rogan's entire shtick') which is directed towards a specific entity ('Rogan').""
}";2;0;HIGH;The span_text contains a targeted insult ('Rogan's entire shtick') which is directed towards a specific entity ('Rogan').
1161;Will he get cancer? Grow a tail? A third nipple?;"{
  ""label"": ""NONE"",
   ""confidence"": ""HIGH"",
   ""rationale"": ""The span_text contains a rhetorical question with no profanity or targeted insult.""
}";0;2;HIGH;The span_text contains a rhetorical question with no profanity or targeted insult.
209;@barriecassidy bc',''criminal',''' standards of guilt have a very high bar.;"{
  ""label"": ""NONE"",
   ""confidence"": ""HIGH"",
   ""rationale"": ""The span_text contains a statement about standards of guilt, which is a neutral and factual topic, and does not contain any conflictual language, profanity, or targeted insults.""
}";0;0;HIGH;The span_text contains a statement about standards of guilt, which is a neutral and factual topic, and does not contain any conflictual language, profanity, or targeted insults.
1026;@JDVance1 My god you are a feckless cunt.;"{
  ""label"": ""CONFLICTUAL"",
   ""confidence"": ""HIGH"",
   ""rationale"": ""The span_text contains targeted insult ('cunt') directed towards a specific entity (@JDVance1), which falls under conflictual language.""
}";2;1;HIGH;The span_text contains targeted insult ('cunt') directed towards a specific entity (@JDVance1), which falls under conflictual language.
1441;hot mouth watering pink pretty pussy. Those perfect lips 😍🤤;"{
  ""label"": ""UNHARMFUL_PROFANITY"",
   ""confidence"": ""HIGH"",
   ""rationale"": ""The span_text contains profanity ('pussy') which is not directed toward a specific entity, but still considered harmful.""
}";1;1;HIGH;The span_text contains profanity ('pussy') which is not directed toward a specific entity, but still considered harmful.
204;Your life is meaningless without me Findom finsub paypig paysub;"{
  ""label"": ""CONFLICTUAL"",
   ""confidence"": ""HIGH"",
   ""rationale"": ""The span_text contains a targeted emotional manipulation and control ('Findom finsub paypig paysub'), which is a form of conflictual language.""
}";2;2;HIGH;The span_text contains a targeted emotional manipulation and control ('Findom finsub paypig paysub'), which is a form of conflictual language.
423;Few things more depressing than receiving your Google Timeline during;"{
  ""label"": ""NONE"",
   ""confidence"": ""HIGH"",
   ""rationale"": ""The span_text does not contain conflictual language, profanity, or targeted insults, making it suitable for the NONE label.""
}";0;0;HIGH;The span_text does not contain conflictual language, profanity, or targeted insults, making it suitable for the NONE label.
412;I don't mind there being fewer morons on the planet.;"{
  ""label"": ""CONFLICTUAL"",
   ""confidence"": ""MEDIUM"",
   ""rationale"": ""The span_text contains derogatory language ('morons') directed at a group of people.""
}";2;2;MEDIUM;The span_text contains derogatory language ('morons') directed at a group of people.
276;And that's where we differ, let these youngsters grow into;"{
  ""label"": ""NONE"",
   ""confidence"": ""HIGH"",
   ""rationale"": ""The span_text does not contain any conflictual language, excessive profanity, or targeted insults.""
}";0;0;HIGH;The span_text does not contain any conflictual language, excessive profanity, or targeted insults.
1844;This trend of 'bored white suburban wives uploading food cringe;"{
  ""label"": ""UNHARMFUL_PROFANITY"",
   ""confidence"": ""HIGH"",
   ""rationale"": ""The span_text contains profanity ('cringe') which is not directed toward a specific entity.""
}";1;2;HIGH;The span_text contains profanity ('cringe') which is not directed toward a specific entity.
181;@WMerciaPolice i think you need to fire one of your;"{
  ""label"": ""CONFLICTUAL"",
   ""confidence"": ""MEDIUM"",
   ""rationale"": ""The span contains a targeted insult towards a specific entity (@WMerciaPolice), which is a form of conflictual language.""
}";2;0;MEDIUM;The span contains a targeted insult towards a specific entity (@WMerciaPolice), which is a form of conflictual language.
249;I feel like the Draft in general is a gamble,;"{
  ""label"": ""NONE"",
   ""confidence"": ""HIGH"",
   ""rationale"": ""The span_text does not contain any conflictual language, profanity, or targeted insults.""
}";0;0;HIGH;The span_text does not contain any conflictual language, profanity, or targeted insults.
1333;head. A big plate of titties a side of anal;"{
  ""label"": ""UNHARMFUL_PROFANITY"",
   ""confidence"": ""HIGH"",
   ""rationale"": ""The span_text contains profanity ('titties', 'anal') without targeting a specific entity.""
}";1;1;HIGH;The span_text contains profanity ('titties', 'anal') without targeting a specific entity.
549;This is both sad and depressing to witness 😢;"{
  ""label"": ""NONE"",
   ""confidence"": ""HIGH"",
   ""rationale"": ""The span_text contains a neutral emotional statement without any explicit profanity, slurs, or targeted insults.""
}";0;0;HIGH;The span_text contains a neutral emotional statement without any explicit profanity, slurs, or targeted insults.
228;@JeremyDSchwartz @user Mmmmm yummy... I have a 20 % allocation;"{
  ""label"": ""NONE"",
   ""confidence"": ""HIGH"",
   ""rationale"": ""The span_text does not contain any conflictual language, profanity, or targeted insults.""
}";0;0;HIGH;The span_text does not contain any conflictual language, profanity, or targeted insults.
1090;was calling Sanjay the Mo... Fo. He just meant it;"{
  ""label"": ""CONFLICTUAL"",
   ""confidence"": ""HIGH"",
   ""rationale"": ""The span contains targeted insult with derogatory term 'Mo... Fo' directed towards Sanjay, which is a form of conflictual language.""
}";2;2;HIGH;The span contains targeted insult with derogatory term 'Mo... Fo' directed towards Sanjay, which is a form of conflictual language.
1029;fuck unity. i don't want unity with treasonous bastards. and;"{
  ""label"": ""UNHARMFUL_PROFANITY"",
   ""confidence"": ""HIGH"",
   ""rationale"": ""The span contains profanity ('fuck'), but does not target a specific entity.""
}";1;2;HIGH;The span contains profanity ('fuck'), but does not target a specific entity.
339;Call me precum the way I'm dripping 🥶;"{
  ""label"": ""UNHARMFUL_PROFANITY"",
   ""confidence"": ""MEDIUM"",
   ""rationale"": ""The span_text contains profanity ('precum') without targeting a specific entity.""
}";1;1;MEDIUM;The span_text contains profanity ('precum') without targeting a specific entity.
527;Naysayers used to really bother me but now they make;"{
  ""label"": ""NONE"",
   ""confidence"": ""HIGH"",
   ""rationale"": ""The span_text does not contain any conflictual language, excessive profanity, or targeted insults.""
}";0;0;HIGH;The span_text does not contain any conflictual language, excessive profanity, or targeted insults.
1415;@user Love to taste that lovely asspussy...;"{
  ""label"": ""UNHARMFUL_PROFANITY"",
   ""confidence"": ""HIGH"",
   ""rationale"": ""The span_text contains profanity ('asspussy') without being directed towards a specific entity.""
}";1;1;HIGH;The span_text contains profanity ('asspussy') without being directed towards a specific entity.
375;sucking toes is no problem. spreading sti's is a problem.;"{
  ""label"": ""NONE"",
   ""confidence"": ""HIGH"",
   ""rationale"": ""The span_text does not contain conflictual language, profanity, or targeted insults, making it suitable for the 'NONE' label.""
}";0;0;HIGH;The span_text does not contain conflictual language, profanity, or targeted insults, making it suitable for the 'NONE' label.
332;@Milliganreports @user @user Does that included the ones that suicided;"{
  ""label"": ""CONFLICTUAL"",
   ""confidence"": ""HIGH"",
   ""rationale"": ""The span_text contains language that could be considered an attack or reference to suicide, which is a sensitive and conflictual topic.""
}";2;0;HIGH;The span_text contains language that could be considered an attack or reference to suicide, which is a sensitive and conflictual topic.
324;im not ready to see my own spofity wrapped yall,;"{
  ""label"": ""UNHARMFUL_PROFANITY"",
   ""confidence"": ""MEDIUM"",
   ""rationale"": ""The span_text contains profanity ('spofity') which is not directed toward a specific entity.""
}";1;0;MEDIUM;The span_text contains profanity ('spofity') which is not directed toward a specific entity.
619;had to tell shawty her pussy stink, she was cryin;"{
  ""label"": ""UNHARMFUL_PROFANITY"",
   ""confidence"": ""HIGH"",
   ""rationale"": ""The span_text contains profanity, specifically the phrase 'pussy stink', which is a derogatory term.""
}";1;1;HIGH;The span_text contains profanity, specifically the phrase 'pussy stink', which is a derogatory term.
971;the repugnant coddling of drug abusers. It's sickening to behold.;"{
  ""label"": ""CONFLICTUAL"",
   ""confidence"": ""HIGH"",
   ""rationale"": ""The span_text contains a targeted attack on a specific group ('drug abusers'), which is considered conflictual language.""
}";2;2;HIGH;The span_text contains a targeted attack on a specific group ('drug abusers'), which is considered conflictual language.
572;The AlcoholChallenge is proof that many Nigerians are suicidal. Check;"{
  ""label"": ""CONFLICTUAL"",
   ""confidence"": ""HIGH"",
   ""rationale"": ""The span_text contains a statement that attacks a protected category ('many Nigerians') and implies a suicidal intent.""
}";2;0;HIGH;The span_text contains a statement that attacks a protected category ('many Nigerians') and implies a suicidal intent.
639;all. Tony was an alcoholic asshole that came from a;"{
  ""label"": ""UNHARMFUL_PROFANITY"",
   ""confidence"": ""HIGH"",
   ""rationale"": ""The span_text contains profanity, specifically the word 'asshole', which is a slur and profanity.""
}";1;1;HIGH;The span_text contains profanity, specifically the word 'asshole', which is a slur and profanity.
1711;i wan na do hoodrat shit with my friends man;"{
  ""label"": ""UNHARMFUL_PROFANITY"",
   ""confidence"": ""MEDIUM"",
   ""rationale"": ""The span_text contains profanity ('hoodrat shit') but does not target a specific entity.""
}";1;1;MEDIUM;The span_text contains profanity ('hoodrat shit') but does not target a specific entity.
1597;coursehero and study. com are enemies of progress. Everlasting bastards;"{
  ""label"": ""CONFLICTUAL"",
   ""confidence"": ""HIGH"",
   ""rationale"": ""The span_text contains targeted insults towards 'coursehero and study. com' using derogatory phrases such as 'enemies of progress' and 'Everlasting bastards', which is conflictual language.""
}";2;1;HIGH;The span_text contains targeted insults towards 'coursehero and study. com' using derogatory phrases such as 'enemies of progress' and 'Everlasting bastards', which is conflictual language.
1264;@user @user Pair of cuntz!;"{
  ""label"": ""UNHARMFUL_PROFANITY"",
   ""confidence"": ""HIGH"",
   ""rationale"": ""The span_text contains profanity ('cuntz') without targeting a specific entity.""
}";1;1;HIGH;The span_text contains profanity ('cuntz') without targeting a specific entity.
983;sex appeal to the horny bastards and then rip off;"{
  ""label"": ""UNHARMFUL_PROFANITY"",
   ""confidence"": ""HIGH"",
   ""rationale"": ""The span_text contains profanity ('bastards') and an explicit phrase ('rip off') which suggests a high level of harm, but the lack of targeted insult and slur indicates it's more profanity than conflictual.""
}";1;1;HIGH;The span_text contains profanity ('bastards') and an explicit phrase ('rip off') which suggests a high level of harm, but the lack of targeted insult and slur indicates it's more profanity than conflictual.
1530;point you just dicksuckin da lil nigga. one day you'll;"{
  ""label"": ""CONFLICTUAL"",
   ""confidence"": ""HIGH"",
   ""rationale"": ""The span_text contains a targeted insult based on protected category 'nigga', which is a racial slur.""
}";2;2;HIGH;The span_text contains a targeted insult based on protected category 'nigga', which is a racial slur.
1927;being a creep to asian women and fetishizing/sexualizing them. hed;"{
  ""label"": ""CONFLICTUAL"",
   ""confidence"": ""HIGH"",
   ""rationale"": ""The span_text contains language that attacks a protected category ('asian women'), indicating conflictual language.""
}";2;2;HIGH;The span_text contains language that attacks a protected category ('asian women'), indicating conflictual language.
23;I need to: - win the lottery - buy a;"{
  ""label"": ""NONE"",
   ""confidence"": ""HIGH"",
   ""rationale"": ""The span_text does not contain any conflictual language, profanity, or targeted insults.""
}";0;0;HIGH;The span_text does not contain any conflictual language, profanity, or targeted insults.
1136;joke. Criticsism is fine but that's some wildly arrogant dipshittery.;"{
  ""label"": ""CONFLICTUAL"",
   ""confidence"": ""HIGH"",
   ""rationale"": ""The span_text contains a targeted insult ('dipshittery') which is directed towards a specific entity, making it conflictual.""
}";2;2;HIGH;The span_text contains a targeted insult ('dipshittery') which is directed towards a specific entity, making it conflictual.
607;but there's hundreds of white celebs that also get dark;"{
  ""label"": ""NONE"",
   ""confidence"": ""HIGH"",
   ""rationale"": ""The span_text does not contain any conflictual language, profanity, or targeted insults.""
}";0;2;HIGH;The span_text does not contain any conflictual language, profanity, or targeted insults.
1150;in world class category 😂😂😂 what a pile of wank;"{
  ""label"": ""UNHARMFUL_PROFANITY"",
   ""confidence"": ""HIGH"",
   ""rationale"": ""The span_text contains profanity ('wank') without targeting a specific entity.""
}";1;1;HIGH;The span_text contains profanity ('wank') without targeting a specific entity.
551;can really put you down bitch you waiting on the;"{
  ""label"": ""UNHARMFUL_PROFANITY"",
   ""confidence"": ""HIGH"",
   ""rationale"": ""The presence of profanity in the span_text, specifically the word 'bitch', warrants this classification.""
}";1;1;HIGH;The presence of profanity in the span_text, specifically the word 'bitch', warrants this classification.
1686;from @reformparty_uk now he gets on my tits. His ego;"{
  ""label"": ""CONFLICTUAL"",
   ""confidence"": ""HIGH"",
   ""rationale"": ""The span_text contains targeted language with 'gets on my tits', which is an attack based on a protected category.""
}";2;1;HIGH;The span_text contains targeted language with 'gets on my tits', which is an attack based on a protected category.
133;tw / hate speech, emotional & mental abuse block these;"{
  ""label"": ""CONFLICTUAL"",
   ""confidence"": ""HIGH"",
   ""rationale"": ""The span_text contains hate speech and mentions blocking, which implies a targeted action against a specific entity or group, aligning with conflictual language.""
}";2;0;HIGH;The span_text contains hate speech and mentions blocking, which implies a targeted action against a specific entity or group, aligning with conflictual language.
542;Monday, February 15, 2021. Soup: beef with rice, mushroom barley,;"{
  ""label"": ""NONE"",
   ""confidence"": ""HIGH"",
   ""rationale"": ""No conflictual language, profanity, or slurs found in the span text, which appears to be a neutral description of food.""
}";0;0;HIGH;No conflictual language, profanity, or slurs found in the span text, which appears to be a neutral description of food.
1315;@user Ca','n't' wait for the youngest to give a hand;"{
  ""label"": ""NONE"",
   ""confidence"": ""HIGH"",
   ""rationale"": ""The span_text does not contain any conflictual language, profanity, or targeted insults.""
}";0;2;HIGH;The span_text does not contain any conflictual language, profanity, or targeted insults.
82;@MaryVought @DonaldJTrumpJr It most certainly was. We've had to pay;"{
  ""label"": ""CONFLICTUAL"",
   ""confidence"": ""MEDIUM"",
   ""rationale"": ""The presence of @DonaldJTrumpJr, a public figure and member of a prominent family, and the direct address (@MaryVought) suggests a conflictual tone, potentially targeting a protected category (family or public figure).""
}";2;0;MEDIUM;The presence of @DonaldJTrumpJr, a public figure and member of a prominent family, and the direct address (@MaryVought) suggests a conflictual tone, potentially targeting a protected category (family or public figure).
506;you're guilt tripping and attention seeking in your latest tweets,;"{
  ""label"": ""CONFLICTUAL"",
   ""confidence"": ""HIGH"",
   ""rationale"": ""The span_text contains a targeted insult ('guilt tripping and attention seeking') which is directed towards a specific entity ('your latest tweets', implying the person who posted the tweets).""
}";2;0;HIGH;The span_text contains a targeted insult ('guilt tripping and attention seeking') which is directed towards a specific entity ('your latest tweets', implying the person who posted the tweets).
105;you should be more embarrassed on what your agency did;"{
  ""label"": ""CONFLICTUAL"",
   ""confidence"": ""MEDIUM"",
   ""rationale"": ""The span_text contains a targeted criticism of a specific entity ('your agency'), which is a protected category, making it conflictual.""
}";2;2;MEDIUM;The span_text contains a targeted criticism of a specific entity ('your agency'), which is a protected category, making it conflictual.
1630;him I bet that jigaboo coon boy can't do quadratic;"{
  ""label"": ""CONFLICTUAL"",
   ""confidence"": ""HIGH"",
   ""rationale"": ""The span_text contains targeted conflictual language, specifically 'jigaboo coon boy', which is an attack based on protected categories.""
}";2;2;HIGH;The span_text contains targeted conflictual language, specifically 'jigaboo coon boy', which is an attack based on protected categories.
434;@RexChapman Crazy view of the domestic terrorism suicide bombing in;"{
  ""label"": ""CONFLICTUAL"",
   ""confidence"": ""HIGH"",
   ""rationale"": ""The span_text contains a reference to 'domestic terrorism suicide bombing' which implies conflictual language.""
}";2;0;HIGH;The span_text contains a reference to 'domestic terrorism suicide bombing' which implies conflictual language.
894;my throat is like yeah okay bitch, try that again!;"{
  ""label"": ""UNHARMFUL_PROFANITY"",
   ""confidence"": ""HIGH"",
   ""rationale"": ""The span_text contains profanity ('bitch') without a targeted insult.""
}";1;1;HIGH;The span_text contains profanity ('bitch') without a targeted insult.
340;@franklinleonard Favorite one was one of Sudekis'' last times as;"{
  ""label"": ""NONE"",
   ""confidence"": ""HIGH"",
   ""rationale"": ""The span_text does not contain any conflictual language, profanity, or targeted insults.""
}";0;0;HIGH;The span_text does not contain any conflictual language, profanity, or targeted insults.
1602;Cw boypussy M! nh0 using a clit pump on j!;"{
  ""label"": ""UNHARMFUL_PROFANITY"",
   ""confidence"": ""HIGH"",
   ""rationale"": ""The span contains profanity ('boypussy', 'nh0', 'clit pump') without targeting a specific entity.""
}";1;1;HIGH;The span contains profanity ('boypussy', 'nh0', 'clit pump') without targeting a specific entity.
415;else does with their life. shit never made any sense;"{
  ""label"": ""UNHARMFUL_PROFANITY"",
   ""confidence"": ""HIGH"",
   ""rationale"": ""The span_text contains profanity ('shit') which is not directed towards a specific entity.""
}";1;1;HIGH;The span_text contains profanity ('shit') which is not directed towards a specific entity.
761;A lot of these hoe ass mfs content with bein;"{
  ""label"": ""UNHARMFUL_PROFANITY"",
   ""confidence"": ""HIGH"",
   ""rationale"": ""The span_text contains profanity ('hoe ass mfs') that is not directed towards a specific entity, but rather used as an insult in general.""
}";1;2;HIGH;The span_text contains profanity ('hoe ass mfs') that is not directed towards a specific entity, but rather used as an insult in general.
1517;that someone's face is as ugly as my butt goes;"{
  ""label"": ""UNHARMFUL_PROFANITY"",
   ""confidence"": ""HIGH"",
   ""rationale"": ""The span_text contains profanity ('butt') without targeting a specific entity.""
}";1;2;HIGH;The span_text contains profanity ('butt') without targeting a specific entity.
451;Oh I love crybaby a lot it's a really good;"{
  ""label"": ""NONE"",
   ""confidence"": ""HIGH"",
   ""rationale"": ""The span_text contains a neutral statement with no conflictual language, profanity, or targeted insults.""
}";0;0;HIGH;The span_text contains a neutral statement with no conflictual language, profanity, or targeted insults.
700;assembly will not misbehave as the did last time, Dishonourable.;"{
  ""label"": ""CONFLICTUAL"",
   ""confidence"": ""HIGH"",
   ""rationale"": ""The span_text contains a targeted insult with the word 'Dishonourable', which is a form of conflictual language.""
}";2;2;HIGH;The span_text contains a targeted insult with the word 'Dishonourable', which is a form of conflictual language.
1547;@user who the hell cares, you ugly asf little nigguh;"{
  ""label"": ""CONFLICTUAL"",
   ""confidence"": ""HIGH"",
   ""rationale"": ""The span contains a targeted racial slur ('nigguh'), which is a form of conflictual language.""
}";2;1;HIGH;The span contains a targeted racial slur ('nigguh'), which is a form of conflictual language.
263;@BTS_twt Mh.. I have' n't' planned to write all of;"{
  ""label"": ""NONE"",
   ""confidence"": ""HIGH"",
   ""rationale"": ""The span_text does not contain any conflictual language, slurs, or excessive profanity.""
}";0;0;HIGH;The span_text does not contain any conflictual language, slurs, or excessive profanity.
513;milf adalah mbak-mbak i',''d' like to follow;"{
  ""label"": ""CONFLICTUAL"",
   ""confidence"": ""HIGH"",
   ""rationale"": ""The span_text contains conflictual language as it uses a slur ('milf') which is derogatory and targeted towards a specific group.""
}";2;0;HIGH;The span_text contains conflictual language as it uses a slur ('milf') which is derogatory and targeted towards a specific group.
1403;Their club is filled with whiny losers and arrogant pricks;"{
  ""label"": ""CONFLICTUAL"",
   ""confidence"": ""HIGH"",
   ""rationale"": ""The span_text contains targeted insults, specifically 'whiny losers' and 'arrogant pricks', which are directed towards a group of people, making it conflictual language.""
}";2;2;HIGH;The span_text contains targeted insults, specifically 'whiny losers' and 'arrogant pricks', which are directed towards a group of people, making it conflictual language.
6;@BTS_twt Hey Nam!! Today I took an English test you;"{
  ""label"": ""NONE"",
   ""confidence"": ""HIGH"",
   ""rationale"": ""The span_text does not contain any conflictual language, profanity, or targeted insults.""
}";0;0;HIGH;The span_text does not contain any conflictual language, profanity, or targeted insults.
1141;down and when ur meaty cock pops out i stare;"{
  ""label"": ""UNHARMFUL_PROFANITY"",
   ""confidence"": ""HIGH"",
   ""rationale"": ""The span_text contains profanity ('meaty cock') without targeting a specific entity.""
}";1;1;HIGH;The span_text contains profanity ('meaty cock') without targeting a specific entity.
1338;@user He's a freaking spiteful little btchass asshole. After the;"{
  ""label"": ""CONFLICTUAL"",
   ""confidence"": ""HIGH"",
   ""rationale"": ""The span contains targeted derogatory language ('btchass asshole') directed at a specific entity (@user 'He'), which is considered conflictual.""
}";2;2;HIGH;The span contains targeted derogatory language ('btchass asshole') directed at a specific entity (@user 'He'), which is considered conflictual.
1383;rising, given the misinformation and censorship from the MSM, gaslighting;"{
  ""label"": ""CONFLICTUAL"",
   ""confidence"": ""HIGH"",
   ""rationale"": ""The span_text contains language attacking the MSM, which is a protected category, and the phrase 'gaslighting' implies manipulation, indicating a conflictual tone.""
}";2;2;HIGH;The span_text contains language attacking the MSM, which is a protected category, and the phrase 'gaslighting' implies manipulation, indicating a conflictual tone.
220;'I'm' fucking bitches, them bum bitches you fuck idolize' ~Conway;"{
  ""label"": ""CONFLICTUAL"",
   ""confidence"": ""HIGH"",
   ""rationale"": ""The span_text contains targeted conflictual language with phrases 'fucking bitches' and 'bum bitches', which are directed towards a specific group.""
}";2;2;HIGH;The span_text contains targeted conflictual language with phrases 'fucking bitches' and 'bum bitches', which are directed towards a specific group.
385;common denominator of you /pol/ rejects, you're sad, disenfranchised, and;"{
  ""label"": ""CONFLICTUAL"",
   ""confidence"": ""HIGH"",
   ""rationale"": ""The span_text contains targeted language towards a specific group ('/pol/ rejects'), which is indicative of conflictual speech.""
}";2;2;HIGH;The span_text contains targeted language towards a specific group ('/pol/ rejects'), which is indicative of conflictual speech.
516;@page88 @user And plus, you should know better goddammit! For;"{
  ""label"": ""UNHARMFUL_PROFANITY"",
   ""confidence"": ""HIGH"",
   ""rationale"": ""The span_text contains profanity ('goddammit') which is not directed towards a specific entity.""
}";1;0;HIGH;The span_text contains profanity ('goddammit') which is not directed towards a specific entity.
96;@BTS_twt glad you're all bundled up! hope you're having a;"{
  ""label"": ""NONE"",
   ""confidence"": ""HIGH"",
   ""rationale"": ""The span_text does not contain any conflictual language, excessive profanity, or targeted insults.""
}";0;0;HIGH;The span_text does not contain any conflictual language, excessive profanity, or targeted insults.
1512;@user dayumn this is so hard.. but i think i'll';"{
  ""label"": ""NONE"",
   ""confidence"": ""HIGH"",
   ""rationale"": ""The span_text does not contain conflictual language, excessive profanity, or targeted insults.""
}";0;1;HIGH;The span_text does not contain conflictual language, excessive profanity, or targeted insults.
141;2. There is no question Trump should be convicted (even;"{
  ""label"": ""CONFLICTUAL"",
   ""confidence"": ""HIGH"",
   ""rationale"": ""The span_text contains a statement suggesting conviction of a specific individual (Trump), which implies a targeted attack or conflictual language.""
}";2;2;HIGH;The span_text contains a statement suggesting conviction of a specific individual (Trump), which implies a targeted attack or conflictual language.
1165;is it just all rainbows and hairy ass for you?;"{
  ""label"": ""UNHARMFUL_PROFANITY"",
   ""confidence"": ""MEDIUM"",
   ""rationale"": ""The span_text contains profanity ('hairy ass') without targeting a specific entity.""
}";1;2;MEDIUM;The span_text contains profanity ('hairy ass') without targeting a specific entity.
238;potential danger than some EDL dickhead D) It's a private;"{
  ""label"": ""CONFLICTUAL"",
   ""confidence"": ""HIGH"",
   ""rationale"": ""The presence of 'EDL dickhead' which is an attack based on a protected category""
}";2;1;HIGH;The presence of 'EDL dickhead' which is an attack based on a protected category
1394;coochies of Democrats, then you must be: 1) a Trumpleton;"{
  ""label"": ""CONFLICTUAL"",
   ""confidence"": ""HIGH"",
   ""rationale"": ""The span_text contains targeted insult towards a specific group ('Democrats') and a derogatory term ('Trumpleton') which is a pejorative term for Trump supporters.""
}";2;2;HIGH;The span_text contains targeted insult towards a specific group ('Democrats') and a derogatory term ('Trumpleton') which is a pejorative term for Trump supporters.
1430;to them. Absolute arseholes of the highest order. I hate;"{
  ""label"": ""CONFLICTUAL"",
   ""confidence"": ""HIGH"",
   ""rationale"": ""The span_text contains targeted insult language ('Absolute arseholes') directed towards a group, which aligns with the definition of conflictual language.""
}";2;2;HIGH;The span_text contains targeted insult language ('Absolute arseholes') directed towards a group, which aligns with the definition of conflictual language.
522;by rival fans seemed useless by now and they might;"{
  ""label"": ""NONE"",
   ""confidence"": ""HIGH"",
   ""rationale"": ""The span_text does not contain any conflictual language, excessive profanity, or targeted insults.""
}";0;0;HIGH;The span_text does not contain any conflictual language, excessive profanity, or targeted insults.
25;don't got time for dat shit when I park. My;"{
  ""label"": ""UNHARMFUL_PROFANITY"",
   ""confidence"": ""HIGH"",
   ""rationale"": ""The presence of profanity ('shit') in the span_text, without any indication of targeted insult or slur, justifies this classification.""
}";1;1;HIGH;The presence of profanity ('shit') in the span_text, without any indication of targeted insult or slur, justifies this classification.
407;personally a big fan of the hawaiian shirt + booty;"{
  ""label"": ""UNHARMFUL_PROFANITY"",
   ""confidence"": ""MEDIUM"",
   ""rationale"": ""The span contains profanity ('booty') without targeting a specific entity.""
}";1;0;MEDIUM;The span contains profanity ('booty') without targeting a specific entity.
1934;matt lucas and david walliams are absolute scumbags who did;"{
  ""label"": ""CONFLICTUAL"",
   ""confidence"": ""HIGH"",
   ""rationale"": ""The span_text contains targeted insult towards 'matt lucas and david walliams' which is a form of conflictual language.""
}";2;2;HIGH;The span_text contains targeted insult towards 'matt lucas and david walliams' which is a form of conflictual language.
187;방탄소년단 RM 'mono' now surpassed 356M streams on Spotify! Congratulations;"{
  ""label"": ""NONE"",
   ""confidence"": ""HIGH"",
   ""rationale"": ""The span_text contains a congratulatory message with a specific achievement, lacking any conflictual or profane language.""
}";0;0;HIGH;The span_text contains a congratulatory message with a specific achievement, lacking any conflictual or profane language.
258;Saying: 'HasbunAllah' (Allah is sufficient for us) strengthens our iman,;"{
  ""label"": ""NONE"",
   ""confidence"": ""HIGH"",
   ""rationale"": ""The span_text is a quote from a religious text and does not contain any conflictual language, profanity, or slurs.""
}";0;0;HIGH;The span_text is a quote from a religious text and does not contain any conflictual language, profanity, or slurs.
485;y'all defend any borderline racist shit in rap behind 'freedom;"{
  ""label"": ""CONFLICTUAL"",
   ""confidence"": ""HIGH"",
   ""rationale"": ""The span_text contains language that can be interpreted as defending borderline racist content, which falls under conflictual language.""
}";2;1;HIGH;The span_text contains language that can be interpreted as defending borderline racist content, which falls under conflictual language.
1897;godammit fallen aces keeps freezing and crashing in the intro:;"{
  ""label"": ""UNHARMFUL_PROFANITY"",
   ""confidence"": ""MEDIUM"",
   ""rationale"": ""The span_text contains profanity ('godammit') but no targeted insult or slur.""
}";1;2;MEDIUM;The span_text contains profanity ('godammit') but no targeted insult or slur.
1181;@user @user @user @user Our dicks get smaller from the;"{
  ""label"": ""UNHARMFUL_PROFANITY"",
   ""confidence"": ""MEDIUM"",
   ""rationale"": ""The span contains profanity ('dicks') but is not directed towards a specific entity.""
}";1;1;MEDIUM;The span contains profanity ('dicks') but is not directed towards a specific entity.
1108;lmao, these rappers be deceitful & over exaggerating abilities, their;"{
  ""label"": ""UNHARMFUL_PROFANITY"",
   ""confidence"": ""MEDIUM"",
   ""rationale"": ""The span_text contains profanity ('deceitful') without targeting a specific entity.""
}";1;2;MEDIUM;The span_text contains profanity ('deceitful') without targeting a specific entity.
528;Do you think Gi-hun ever got a hug during that;"{
  ""label"": ""NONE"",
   ""confidence"": ""HIGH"",
   ""rationale"": ""The span_text does not contain any conflictual language, profanity, or targeted insults.""
}";0;0;HIGH;The span_text does not contain any conflictual language, profanity, or targeted insults.
519;She is not healing, she is depressed... She hates herself;"{
  ""label"": ""CONFLICTUAL"",
   ""confidence"": ""HIGH"",
   ""rationale"": ""The span_text contains a targeted emotional attack ('hates herself') which is directed at the subject's mental health and self-worth, indicating conflictual language.""
}";2;0;HIGH;The span_text contains a targeted emotional attack ('hates herself') which is directed at the subject's mental health and self-worth, indicating conflictual language.
997;the fascist Boomer: ur fashisss, looser Fuck, can we just;"{
  ""label"": ""CONFLICTUAL"",
   ""confidence"": ""HIGH"",
   ""rationale"": ""The span_text contains targeted conflictual language, specifically 'fascist' and 'looser', which are directed towards a specific entity, and the phrase 'can we just' is not sufficient to mitigate the conflictual nature of the span.""
}";2;2;HIGH;The span_text contains targeted conflictual language, specifically 'fascist' and 'looser', which are directed towards a specific entity, and the phrase 'can we just' is not sufficient to mitigate the conflictual nature of the span.
555;meds yesterday. so, clinical depression, anxiety, and a shit memory?!;"{
  ""label"": ""UNHARMFUL_PROFANITY"",
   ""confidence"": ""HIGH"",
   ""rationale"": ""The span_text contains profanity ('shit') without targeting a specific entity, which aligns with the UNHARMFUL_PROFANITY label.""
}";1;1;HIGH;The span_text contains profanity ('shit') without targeting a specific entity, which aligns with the UNHARMFUL_PROFANITY label.
316;NIP fanboys on suicidal watch;"{
  ""label"": ""CONFLICTUAL"",
   ""confidence"": ""HIGH"",
   ""rationale"": ""The presence of 'NIP fanboys' is an attack based on a protected category (team affiliation), which is considered conflictual language.""
}";2;2;HIGH;The presence of 'NIP fanboys' is an attack based on a protected category (team affiliation), which is considered conflictual language.
119;❔ ResearcherReflections❓ What is happening with the collected & possibly;"{
  ""label"": ""NONE"",
   ""confidence"": ""HIGH"",
   ""rationale"": ""The span_text does not contain any conflictual language, profanity, or targeted insults.""
}";0;0;HIGH;The span_text does not contain any conflictual language, profanity, or targeted insults.
870;@Jim_Jordan You are a deceitful bullshit artist. Happy to lie;"{
  ""label"": ""CONFLICTUAL"",
   ""confidence"": ""HIGH"",
   ""rationale"": ""The span_text contains a targeted insult ('You are a deceitful bullshit artist') which is directed at a specific entity (@Jim_Jordan)""
}";2;2;HIGH;The span_text contains a targeted insult ('You are a deceitful bullshit artist') which is directed at a specific entity (@Jim_Jordan)
27;I just payed to resend my transcripts dumbasss admissions;"{
  ""label"": ""CONFLICTUAL"",
   ""confidence"": ""HIGH"",
   ""rationale"": ""The span_text contains a targeted insult ('dumbasss'), which is directed at a specific entity ('admissions').""
}";2;1;HIGH;The span_text contains a targeted insult ('dumbasss'), which is directed at a specific entity ('admissions').
272;like i'm hot i know but like i can't look;"{
  ""label"": ""NONE"",
   ""confidence"": ""HIGH"",
   ""rationale"": ""The span_text does not contain any conflictual language, profanity, or targeted insults. It appears to be a casual, informal statement.""
}";0;0;HIGH;The span_text does not contain any conflictual language, profanity, or targeted insults. It appears to be a casual, informal statement.
1664;I can't wait to be abused on the pitch again...;"{
  ""label"": ""CONFLICTUAL"",
   ""confidence"": ""HIGH"",
   ""rationale"": ""The span_text contains a targeted threat of abuse, which is a form of conflictual language.""
}";2;2;HIGH;The span_text contains a targeted threat of abuse, which is a form of conflictual language.
1619;horizon of awesome ahead of you. and Second: fuckohio. fightforever;"{
  ""label"": ""UNHARMFUL_PROFANITY"",
   ""confidence"": ""HIGH"",
   ""rationale"": ""The span contains profanity ('fuckohio') that is not directed towards a specific entity, but is still considered harmful.""
}";1;1;HIGH;The span contains profanity ('fuckohio') that is not directed towards a specific entity, but is still considered harmful.
364;Rather amazed at at the number of mass shootings happening;"{
  ""label"": ""NONE"",
   ""confidence"": ""HIGH"",
   ""rationale"": ""The span_text expresses concern about mass shootings without containing any conflictual language, profanity, or targeted insults.""
}";0;0;HIGH;The span_text expresses concern about mass shootings without containing any conflictual language, profanity, or targeted insults.
1236;yeah cos the motor and tranny no shim))). Them go;"{
  ""label"": ""NONE"",
   ""confidence"": ""HIGH"",
   ""rationale"": ""The span_text does not contain conflictual language, profanity, or targeted insults.""
}";0;2;HIGH;The span_text does not contain conflictual language, profanity, or targeted insults.
1652;he allowed to sleep? Drag this fucker out in to;"{
  ""label"": ""UNHARMFUL_PROFANITY"",
   ""confidence"": ""HIGH"",
   ""rationale"": ""The span contains profanity ('fuck') without targeting a specific entity.""
}";1;2;HIGH;The span contains profanity ('fuck') without targeting a specific entity.
359;@samgeorgegh Homosexualism is not a psychological disorder according to GPA;"{
  ""label"": ""NONE"",
   ""confidence"": ""HIGH"",
   ""rationale"": ""The span_text contains a statement about a psychological disorder, which is a neutral topic. There is no conflictual language, profanity, or targeted insult.""
}";0;0;HIGH;The span_text contains a statement about a psychological disorder, which is a neutral topic. There is no conflictual language, profanity, or targeted insult.
1634;morning girls and ladies any last minute requests for cocktributes;"{
  ""label"": ""UNHARMFUL_PROFANITY"",
   ""confidence"": ""HIGH"",
   ""rationale"": ""The span_text contains profanity ('cocktributes') that is not directed toward a specific entity.""
}";1;1;HIGH;The span_text contains profanity ('cocktributes') that is not directed toward a specific entity.
1567;All these fucking whores better look the other way I;"{
  ""label"": ""UNHARMFUL_PROFANITY"",
   ""confidence"": ""HIGH"",
   ""rationale"": ""The span_text contains profanity ('fucking', 'whores') without targeting a specific entity.""
}";1;1;HIGH;The span_text contains profanity ('fucking', 'whores') without targeting a specific entity.
476;of his elven babe. 'Your pussy is so wet, so;"{
  ""label"": ""CONFLICTUAL"",
   ""confidence"": ""HIGH"",
   ""rationale"": ""The span_text contains a targeted, derogatory comment towards a protected category ('elven babe' and 'pussy'), which is considered conflictual language.""
}";2;1;HIGH;The span_text contains a targeted, derogatory comment towards a protected category ('elven babe' and 'pussy'), which is considered conflictual language.
321;Every few weeks I have a Pandemic Wobble. That's where;"{
  ""label"": ""NONE"",
   ""confidence"": ""HIGH"",
   ""rationale"": ""The span_text does not contain any conflictual language, excessive profanity, or targeted insults.""
}";0;0;HIGH;The span_text does not contain any conflictual language, excessive profanity, or targeted insults.
754;literally called me a nigger & blackie @user end her;"{
  ""label"": ""CONFLICTUAL"",
   ""confidence"": ""HIGH"",
   ""rationale"": ""The span_text contains targeted racial insults ('nigger', 'blackie') which are considered conflictual language.""
}";2;2;HIGH;The span_text contains targeted racial insults ('nigger', 'blackie') which are considered conflictual language.
1118;@user @CBCAlerts They tested positive for covid you dumbass. You;"{
  ""label"": ""CONFLICTUAL"",
   ""confidence"": ""HIGH"",
   ""rationale"": ""The span contains targeted insult ('you dumbass') directed at a specific entity (@user), which is considered conflictual language.""
}";2;2;HIGH;The span contains targeted insult ('you dumbass') directed at a specific entity (@user), which is considered conflictual language.
147;About 60 % of Lawrence's' pass attempts also came in;"{
  ""label"": ""NONE"",
   ""confidence"": ""HIGH"",
   ""rationale"": ""The span_text does not contain any conflictual language, profanity, or targeted insults.""
}";0;0;HIGH;The span_text does not contain any conflictual language, profanity, or targeted insults.
354;Game analysis gave our program a template on 'How We;"{
  ""label"": ""NONE"",
   ""confidence"": ""HIGH"",
   ""rationale"": ""The span_text does not contain conflictual language, profanity, or targeted insults.""
}";0;0;HIGH;The span_text does not contain conflictual language, profanity, or targeted insults.
363;Hey shitass, wan na see me milk a Bird?;"{
  ""label"": ""UNHARMFUL_PROFANITY"",
   ""confidence"": ""HIGH"",
   ""rationale"": ""The span_text contains profanity ('shitass') without targeting a specific entity.""
}";1;2;HIGH;The span_text contains profanity ('shitass') without targeting a specific entity.
858;I would like a big fat dick to play with,;"{
  ""label"": ""UNHARMFUL_PROFANITY"",
   ""confidence"": ""HIGH"",
   ""rationale"": ""The span_text contains profanity ('dick') without targeting a specific entity, fitting the UNHARMFUL_PROFANITY label.""
}";1;1;HIGH;The span_text contains profanity ('dick') without targeting a specific entity, fitting the UNHARMFUL_PROFANITY label.
256;dangerous racist lying cheating incompetent criminal corrupt seditious mass murderer;"{
  ""label"": ""CONFLICTUAL"",
   ""confidence"": ""HIGH"",
   ""rationale"": ""The span_text contains conflictual language such as 'racist', 'seditious', and 'mass murderer' which are attacks based on protected categories.""
}";2;2;HIGH;The span_text contains conflictual language such as 'racist', 'seditious', and 'mass murderer' which are attacks based on protected categories.
788;As expected. Many QAnon supporters are low-life criminals, not caring;"{
  ""label"": ""CONFLICTUAL"",
   ""confidence"": ""HIGH"",
   ""rationale"": ""The span_text contains targeted insult towards QAnon supporters, which is a protected category, and also uses derogatory language to describe them as 'low-life criminals'.""
}";2;2;HIGH;The span_text contains targeted insult towards QAnon supporters, which is a protected category, and also uses derogatory language to describe them as 'low-life criminals'.
1159;division two we would survive anything not like dole dossers;"{
  ""label"": ""NONE"",
   ""confidence"": ""HIGH"",
   ""rationale"": ""The span_text does not contain any conflictual language, excessive profanity, or targeted insults.""
}";0;2;HIGH;The span_text does not contain any conflictual language, excessive profanity, or targeted insults.
536;then it got out of hand after that. soon, she;"{
  ""label"": ""NONE"",
   ""confidence"": ""HIGH"",
   ""rationale"": ""The span_text does not contain any conflictual language, profanity, or targeted insults.""
}";0;0;HIGH;The span_text does not contain any conflictual language, profanity, or targeted insults.
94;Lmao depression and suicidal tendencies come with all birth control,;"{
  ""label"": ""CONFLICTUAL"",
   ""confidence"": ""HIGH"",
   ""rationale"": ""The span_text contains a reference to depression and suicidal tendencies as a consequence of birth control, which can be considered conflictual language.""
}";2;0;HIGH;The span_text contains a reference to depression and suicidal tendencies as a consequence of birth control, which can be considered conflictual language.
117;and possibly as much competence as a suicidal penguine! The;"{
  ""label"": ""CONFLICTUAL"",
   ""confidence"": ""HIGH"",
   ""rationale"": ""The span_text contains a derogatory comparison to a protected category (suicidal penguin), implying a lack of competence based on a sensitive attribute.""
}";2;2;HIGH;The span_text contains a derogatory comparison to a protected category (suicidal penguin), implying a lack of competence based on a sensitive attribute.
401;These bitches are truly sick in the head. Who raised;"{
  ""label"": ""UNHARMFUL_PROFANITY"",
   ""confidence"": ""HIGH"",
   ""rationale"": ""The span_text contains profanity ('bitches') without targeting a specific entity.""
}";1;2;HIGH;The span_text contains profanity ('bitches') without targeting a specific entity.
397;Young men just know that thee time for test and;"{
  ""label"": ""NONE"",
   ""confidence"": ""HIGH"",
   ""rationale"": ""Lack of conflictual language, profanity, and targeted insults in the span_text.""
}";0;0;HIGH;Lack of conflictual language, profanity, and targeted insults in the span_text.
328;literally getting those antibodies without getting sick, stupid fucking idiots;"{
  ""label"": ""CONFLICTUAL"",
   ""confidence"": ""HIGH"",
   ""rationale"": ""The span_text contains targeted insult ('stupid fucking idiots') which is directed towards a specific entity ('idiots'), making it conflictual.""
}";2;1;HIGH;The span_text contains targeted insult ('stupid fucking idiots') which is directed towards a specific entity ('idiots'), making it conflictual.
1515;guess im both a depressed bastard and a dumbass thot....;"{
  ""label"": ""UNHARMFUL_PROFANITY"",
   ""confidence"": ""HIGH"",
   ""rationale"": ""The span_text contains profanity ('bastard', 'dumbass', 'thot') without targeting a specific entity.""
}";1;1;HIGH;The span_text contains profanity ('bastard', 'dumbass', 'thot') without targeting a specific entity.
1405;@user Just tell them fuckfaces to fuck off.;"{
  ""label"": ""UNHARMFUL_PROFANITY"",
   ""confidence"": ""HIGH"",
   ""rationale"": ""The span contains profanity ('fuckfaces', 'fuck off') without targeting a specific entity.""
}";1;1;HIGH;The span contains profanity ('fuckfaces', 'fuck off') without targeting a specific entity.
1486;@user Why do these ring wingnut snowflakes always feel the;"{
  ""label"": ""CONFLICTUAL"",
   ""confidence"": ""HIGH"",
   ""rationale"": ""The span_text contains a derogatory term ('ring wingnut snowflakes') which is directed towards a specific group, indicating conflictual language.""
}";2;2;HIGH;The span_text contains a derogatory term ('ring wingnut snowflakes') which is directed towards a specific group, indicating conflictual language.
1501;doctor prescribed Murray. It will help. You're losing your mind.;"{
  ""label"": ""CONFLICTUAL"",
   ""confidence"": ""HIGH"",
   ""rationale"": ""The span_text contains a targeted insult ('You're losing your mind') which is directed at a specific entity (Murray), thus classified as conflictual.""
}";2;2;HIGH;The span_text contains a targeted insult ('You're losing your mind') which is directed at a specific entity (Murray), thus classified as conflictual.
588;This fluid maintains a pressure in the eye that remains;"{
  ""label"": ""NONE"",
   ""confidence"": ""HIGH"",
   ""rationale"": ""The span_text does not contain any conflictual language, profanity, or targeted insults, making it suitable for the 'NONE' label.""
}";0;0;HIGH;The span_text does not contain any conflictual language, profanity, or targeted insults, making it suitable for the 'NONE' label.
571;african american using aave sound like a fuckin bozo anyways;"{
  ""label"": ""CONFLICTUAL"",
   ""confidence"": ""HIGH"",
   ""rationale"": ""The span_text contains a targeted insult based on racial category ('african american'), which is a protected attribute.""
}";2;1;HIGH;The span_text contains a targeted insult based on racial category ('african american'), which is a protected attribute.
484;Lmfao yassss! A bop!;"{
  ""label"": ""NONE"",
   ""confidence"": ""HIGH"",
   ""rationale"": ""The span_text contains no conflictual language, excessive profanity, or targeted insults.""
}";0;0;HIGH;The span_text contains no conflictual language, excessive profanity, or targeted insults.
584;dream please sleepytwt and dttwt just started making out again;"{
  ""label"": ""NONE"",
   ""confidence"": ""HIGH"",
   ""rationale"": ""The span_text contains innocuous phrases such as 'dream please sleepytwt' and 'dttwt just started making out again', indicating no conflictual or harmful language.""
}";0;0;HIGH;The span_text contains innocuous phrases such as 'dream please sleepytwt' and 'dttwt just started making out again', indicating no conflictual or harmful language.
171;I m just learning myself from tweets of @user and;"{
  ""label"": ""NONE"",
   ""confidence"": ""HIGH"",
   ""rationale"": ""The span_text does not contain any conflictual language, profanity, or targeted insults.""
}";0;0;HIGH;The span_text does not contain any conflictual language, profanity, or targeted insults.
1687;neeed my nipples licked, my dick sucked, my ass fucked,;"{
  ""label"": ""UNHARMFUL_PROFANITY"",
   ""confidence"": ""HIGH"",
   ""rationale"": ""The span contains explicit profanity such as 'licked', 'sucked', and 'fucked' without targeting a specific entity.""
}";1;1;HIGH;The span contains explicit profanity such as 'licked', 'sucked', and 'fucked' without targeting a specific entity.
1798;he CAN suck Trump ass with the best of them,;"{
  ""label"": ""CONFLICTUAL"",
   ""confidence"": ""HIGH"",
   ""rationale"": ""The span contains a targeted insult towards a protected category (Trump and his supporters) and an attack based on it.""
}";2;2;HIGH;The span contains a targeted insult towards a protected category (Trump and his supporters) and an attack based on it.
327;shame no one kicked the crumpled fuckwit into the river;"{
  ""label"": ""UNHARMFUL_PROFANITY"",
   ""confidence"": ""HIGH"",
   ""rationale"": ""The span_text contains profanity ('fuckwit') without targeting a specific entity, which aligns with the UNHARMFUL_PROFANITY label.""
}";1;1;HIGH;The span_text contains profanity ('fuckwit') without targeting a specific entity, which aligns with the UNHARMFUL_PROFANITY label.
1174;politic. And Trump was a barrel full of hydrochloric acid.;"{
  ""label"": ""CONFLICTUAL"",
   ""confidence"": ""HIGH"",
   ""rationale"": ""The span_text contains a targeted insult towards a specific entity ('Trump'), which is a protected category.""
}";2;2;HIGH;The span_text contains a targeted insult towards a specific entity ('Trump'), which is a protected category.
1206;Oh go and get fucked your absolute cock head wanka!;"{
  ""label"": ""UNHARMFUL_PROFANITY"",
   ""confidence"": ""HIGH"",
   ""rationale"": ""The span_text contains profanity ('fucked', 'cock head', 'wanka') without targeting a specific entity.""
}";1;2;HIGH;The span_text contains profanity ('fucked', 'cock head', 'wanka') without targeting a specific entity.
1414;and I'll be good. Some niggss just don't give a;"{
  ""label"": ""UNHARMFUL_PROFANITY"",
   ""confidence"": ""MEDIUM"",
   ""rationale"": ""The span_text contains profanity ('niggss') without a targeted insult.""
}";1;1;MEDIUM;The span_text contains profanity ('niggss') without a targeted insult.
1125;pain I won't start a fucking debate on vitals alterations,;"{
  ""label"": ""UNHARMFUL_PROFANITY"",
   ""confidence"": ""HIGH"",
   ""rationale"": ""The span contains profanity ('fucking') without targeting a specific entity.""
}";1;1;HIGH;The span contains profanity ('fucking') without targeting a specific entity.
865;to the ccs because holy fuck traumatizing and I dont;"{
  ""label"": ""UNHARMFUL_PROFANITY"",
   ""confidence"": ""HIGH"",
   ""rationale"": ""The span contains profanity ('holy fuck') which is not directed towards a specific entity, thus meeting the criteria for UNHARMFUL_PROFANITY.""
}";1;1;HIGH;The span contains profanity ('holy fuck') which is not directed towards a specific entity, thus meeting the criteria for UNHARMFUL_PROFANITY.
441;Doctor Who is the first thing, the first piece of;"{
  ""label"": ""NONE"",
   ""confidence"": ""HIGH"",
   ""rationale"": ""The span_text does not contain any conflictual language, profanity, or targeted insults.""
}";0;0;HIGH;The span_text does not contain any conflictual language, profanity, or targeted insults.
1583;only person experiencing the same fuckwittage from this joke of;"{
  ""label"": ""UNHARMFUL_PROFANITY"",
   ""confidence"": ""HIGH"",
   ""rationale"": ""The span contains profanity ('fuckwittage') without targeting a specific entity, matching the UNHARMFUL_PROFANITY label.""
}";1;1;HIGH;The span contains profanity ('fuckwittage') without targeting a specific entity, matching the UNHARMFUL_PROFANITY label.
376;no i searched thinspo weightloss thread tiktok on twitter and;"{
  ""label"": ""NONE"",
   ""confidence"": ""HIGH"",
   ""rationale"": ""The span_text does not contain any conflictual language, excessive profanity, or targeted insults.""
}";0;0;HIGH;The span_text does not contain any conflictual language, excessive profanity, or targeted insults.
533;@ANI Wat is a right wing extermist doing in TN?;"{
  ""label"": ""CONFLICTUAL"",
   ""confidence"": ""HIGH"",
   ""rationale"": ""The span_text contains conflictual language, specifically targeting a group based on political ideology ('right wing extremist').""
}";2;0;HIGH;The span_text contains conflictual language, specifically targeting a group based on political ideology ('right wing extremist').
177;@BrandonStraka Well Georgia is still cheating they stopped counting in;"{
  ""label"": ""CONFLICTUAL"",
   ""confidence"": ""HIGH"",
   ""rationale"": ""The span_text contains a targeted accusation of cheating, which is a conflictual statement.""
}";2;0;HIGH;The span_text contains a targeted accusation of cheating, which is a conflictual statement.
22;@DaRealMiniToon i love how minitoon is constantly healing my crippling;"{
  ""label"": ""CONFLICTUAL"",
   ""confidence"": ""HIGH"",
   ""rationale"": ""The span_text contains a targeted insult with a protected category ('crippling'), which is a clear indicator of conflictual language.""
}";2;0;HIGH;The span_text contains a targeted insult with a protected category ('crippling'), which is a clear indicator of conflictual language.
470;suck my dick you cock sucking mother fucking ass holes.;"{
  ""label"": ""CONFLICTUAL"",
   ""confidence"": ""HIGH"",
   ""rationale"": ""The span_text contains targeted insults and conflictual language, specifically 'cock sucking mother fucking ass holes', which is directed at a protected category.""
}";2;2;HIGH;The span_text contains targeted insults and conflictual language, specifically 'cock sucking mother fucking ass holes', which is directed at a protected category.
194;or is peppy just a crybaby on twitter over the;"{
  ""label"": ""NONE"",
   ""confidence"": ""HIGH"",
   ""rationale"": ""The span_text does not contain conflictual language, profanity, or targeted insults.""
}";0;2;HIGH;The span_text does not contain conflictual language, profanity, or targeted insults.
444;Ugh, I'm' doing the same thing right now. It's exhausting,;"{
  ""label"": ""NONE"",
   ""confidence"": ""HIGH"",
   ""rationale"": ""The span_text does not contain any conflictual language, profanity, or targeted insults.""
}";0;0;HIGH;The span_text does not contain any conflictual language, profanity, or targeted insults.
1391;once I would. Get the fuck out of my club;"{
  ""label"": ""UNHARMFUL_PROFANITY"",
   ""confidence"": ""HIGH"",
   ""rationale"": ""The span_text contains profanity ('Get the fuck out') without a targeted insult.""
}";1;1;HIGH;The span_text contains profanity ('Get the fuck out') without a targeted insult.
1106;Today has been neutral as hell today. Horny is not;"{
  ""label"": ""UNHARMFUL_PROFANITY"",
   ""confidence"": ""MEDIUM"",
   ""rationale"": ""The span_text contains profanity ('hell') without targeting a specific entity.""
}";1;1;MEDIUM;The span_text contains profanity ('hell') without targeting a specific entity.
550;apparently non mbbs on ktwt are telling joo that he;"{
  ""label"": ""CONFLICTUAL"",
   ""confidence"": ""HIGH"",
   ""rationale"": ""The span_text contains a targeted insult towards a specific group ('joo'), which is a protected category.""
}";2;0;HIGH;The span_text contains a targeted insult towards a specific group ('joo'), which is a protected category.
524;they have a manager that rotates. ours rotates only when;"{
  ""label"": ""NONE"",
   ""confidence"": ""HIGH"",
   ""rationale"": ""The span_text does not contain any conflictual language, excessive profanity, or targeted insults.""
}";0;0;HIGH;The span_text does not contain any conflictual language, excessive profanity, or targeted insults.
425;Listened to the ESPN pod and listening to @Marcotti slagging;"{
  ""label"": ""NONE"",
   ""confidence"": ""HIGH"",
   ""rationale"": ""The span_text contains a neutral statement about listening to a pod and does not contain any conflictual language, excessive profanity, or targeted insults.""
}";0;0;HIGH;The span_text contains a neutral statement about listening to a pod and does not contain any conflictual language, excessive profanity, or targeted insults.
163;Okay. Mind wanders while at work. Anywho, I don't really;"{
  ""label"": ""NONE"",
   ""confidence"": ""HIGH"",
   ""rationale"": ""The span_text does not contain any conflictual language, excessive profanity, or targeted insults.""
}";0;0;HIGH;The span_text does not contain any conflictual language, excessive profanity, or targeted insults.
879;by murderous and lying Tory bastards is not worth having.;"{
  ""label"": ""CONFLICTUAL"",
   ""confidence"": ""HIGH"",
   ""rationale"": ""The span_text contains targeted conflictual language towards a specific group ('Tory bastards'), which is an attack based on a protected category.""
}";2;1;HIGH;The span_text contains targeted conflictual language towards a specific group ('Tory bastards'), which is an attack based on a protected category.
389;Patients who are stigmatized for their vitiligo condition may experience;"{
  ""label"": ""NONE"",
   ""confidence"": ""HIGH"",
   ""rationale"": ""The span_text discusses a medical condition and its potential impact on patients, without containing any conflictual language, profanity, or targeted insults.""
}";0;0;HIGH;The span_text discusses a medical condition and its potential impact on patients, without containing any conflictual language, profanity, or targeted insults.
1894;system (s), and they wan na charge $ 700+ for;"{
  ""label"": ""NONE"",
   ""confidence"": ""HIGH"",
   ""rationale"": ""The span_text does not contain conflictual language, excessive profanity, or targeted insults. It appears to be a complaint about a service charge.""
}";0;2;HIGH;The span_text does not contain conflictual language, excessive profanity, or targeted insults. It appears to be a complaint about a service charge.
357;twitter user discovers that a history of social ostracism and;"{
  ""label"": ""NONE"",
   ""confidence"": ""HIGH"",
   ""rationale"": ""The span_text does not contain conflictual language, profanity, or targeted insults, making it suitable for the NONE label.""
}";0;0;HIGH;The span_text does not contain conflictual language, profanity, or targeted insults, making it suitable for the NONE label.
1575;Ay them crackas showed Roberta that shit wurk or sum😭;"{
  ""label"": ""UNHARMFUL_PROFANITY"",
   ""confidence"": ""HIGH"",
   ""rationale"": ""The span_text contains profanity ('shit') without targeting a specific entity.""
}";1;2;HIGH;The span_text contains profanity ('shit') without targeting a specific entity.
31;I know how you feel 🤣🤣 I'd love to find;"{
  ""label"": ""NONE"",
   ""confidence"": ""HIGH"",
   ""rationale"": ""The span_text does not contain any conflictual language, profanity, or targeted insults.""
}";0;0;HIGH;The span_text does not contain any conflictual language, profanity, or targeted insults.
106;No he don't have a point it's not like Ruby;"{
  ""label"": ""NONE"",
   ""confidence"": ""HIGH"",
   ""rationale"": ""The span_text does not contain any conflictual language, excessive profanity, slurs, or targeted insults.""
}";0;0;HIGH;The span_text does not contain any conflictual language, excessive profanity, slurs, or targeted insults.
1635;wrong train like an absolute shitcunt. Just sitting here at;"{
  ""label"": ""UNHARMFUL_PROFANITY"",
   ""confidence"": ""HIGH"",
   ""rationale"": ""The span_text contains profanity ('shitcunt') without targeting a specific entity.""
}";1;1;HIGH;The span_text contains profanity ('shitcunt') without targeting a specific entity.
1329;camaraderie, getting them over the fuckkin Andes (well he tried);"{
  ""label"": ""NONE"",
   ""confidence"": ""HIGH"",
   ""rationale"": ""The span_text contains profanity but it is not directed towards a specific entity and does not contain conflictual language or slurs.""
}";0;1;HIGH;The span_text contains profanity but it is not directed towards a specific entity and does not contain conflictual language or slurs.
1043;@MrHarryCole How about we ignore the bald headed bastard?;"{
  ""label"": ""CONFLICTUAL"",
   ""confidence"": ""HIGH"",
   ""rationale"": ""The span_text contains a targeted insult based on physical appearance ('bald headed'), which is considered conflictual language.""
}";2;2;HIGH;The span_text contains a targeted insult based on physical appearance ('bald headed'), which is considered conflictual language.
240;Also yes many men are pussies these days, luckily they;"{
  ""label"": ""CONFLICTUAL"",
   ""confidence"": ""HIGH"",
   ""rationale"": ""The span_text contains conflictual language with derogatory term 'pussies' directed towards a group of people.""
}";2;2;HIGH;The span_text contains conflictual language with derogatory term 'pussies' directed towards a group of people.
93;why did u say that under this tweet gnsmfkacjkskfmsn;"{
  ""label"": ""NONE"",
   ""confidence"": ""HIGH"",
   ""rationale"": ""The span_text does not contain any conflictual language, excessive profanity, slur, or targeted insult.""
}";0;0;HIGH;The span_text does not contain any conflictual language, excessive profanity, slur, or targeted insult.
252;@ETCanada Media wanted a skin racist headline.. more racism to;"{
  ""label"": ""CONFLICTUAL"",
   ""confidence"": ""HIGH"",
   ""rationale"": ""The span contains a racist statement, specifically mentioning 'skin racist' which is a direct attack based on a protected category.""
}";2;0;HIGH;The span contains a racist statement, specifically mentioning 'skin racist' which is a direct attack based on a protected category.
212;Will Maxwell suffer the same fate as Epstein... 'involuntary suicide'?;"{
  ""label"": ""CONFLICTUAL"",
   ""confidence"": ""HIGH"",
   ""rationale"": ""The span_text contains a reference to a specific individual's ('Epstein') potential fate, which could be perceived as a targeted attack or threat, and the phrase 'involuntary suicide' implies a violent or coercive act.""
}";2;0;HIGH;The span_text contains a reference to a specific individual's ('Epstein') potential fate, which could be perceived as a targeted attack or threat, and the phrase 'involuntary suicide' implies a violent or coercive act.
1423;to get our silly little espressos and talk shop (cuntitecture);"{
  ""label"": ""UNHARMFUL_PROFANITY"",
   ""confidence"": ""HIGH"",
   ""rationale"": ""The span_text contains profanity ('cuntitecture') which is not directed toward a specific entity.""
}";1;1;HIGH;The span_text contains profanity ('cuntitecture') which is not directed toward a specific entity.
499;ya I can go down on my knees now but;"{
  ""label"": ""NONE"",
   ""confidence"": ""HIGH"",
   ""rationale"": ""The span_text does not contain any conflictual language, excessive profanity, slur, or targeted insult.""
}";0;0;HIGH;The span_text does not contain any conflictual language, excessive profanity, slur, or targeted insult.
60;@JamaalBowmanNY @AOC What happened to being innocent until proven guilty??;"{
  ""label"": ""CONFLICTUAL"",
   ""confidence"": ""HIGH"",
   ""rationale"": ""The span_text contains a question implying guilt without a trial, which is a conflictual statement.""
}";2;0;HIGH;The span_text contains a question implying guilt without a trial, which is a conflictual statement.
594;my eyes ima have to open them mfkas right bk;"{
  ""label"": ""UNHARMFUL_PROFANITY"",
   ""confidence"": ""HIGH"",
   ""rationale"": ""The span_text contains profanity ('mfkas') without targeting a specific entity.""
}";1;1;HIGH;The span_text contains profanity ('mfkas') without targeting a specific entity.
457;the first time it's happened. Control your cocks fellas x;"{
  ""label"": ""UNHARMFUL_PROFANITY"",
   ""confidence"": ""HIGH"",
   ""rationale"": ""The span_text contains profanity ('cocks') without targeting a specific entity.""
}";1;1;HIGH;The span_text contains profanity ('cocks') without targeting a specific entity.
1094;no delivery but the Cindy boot lickers still love her;"{
  ""label"": ""CONFLICTUAL"",
   ""confidence"": ""HIGH"",
   ""rationale"": ""The span_text contains a targeted insult ('Cindy boot lickers') which is directed towards a specific group of people, making it conflictual.""
}";2;2;HIGH;The span_text contains a targeted insult ('Cindy boot lickers') which is directed towards a specific group of people, making it conflictual.
1554;shot up into the Bot's pussy! Stuffing up her womb;"{
  ""label"": ""CONFLICTUAL"",
   ""confidence"": ""HIGH"",
   ""rationale"": ""The span_text contains a targeted and derogatory phrase ('shot up into the Bot's pussy! Stuffing up her womb') that is an attack based on a protected category (gender).""
}";2;1;HIGH;The span_text contains a targeted and derogatory phrase ('shot up into the Bot's pussy! Stuffing up her womb') that is an attack based on a protected category (gender).
377;@BBCRadioStoke 😃 I'm shamed to say I have only tried;"{
  ""label"": ""NONE"",
   ""confidence"": ""HIGH"",
   ""rationale"": ""The span text contains a casual expression and a mention of a radio station, but no conflictual language, excessive profanity, or targeted insults.""
}";0;0;HIGH;The span text contains a casual expression and a mention of a radio station, but no conflictual language, excessive profanity, or targeted insults.
1346;in these situations at times. Torn faces cunts our league.;"{
  ""label"": ""CONFLICTUAL"",
   ""confidence"": ""HIGH"",
   ""rationale"": ""The span_text contains targeted derogatory language towards women ('cunts'), which is a form of conflictual language.""
}";2;2;HIGH;The span_text contains targeted derogatory language towards women ('cunts'), which is a form of conflictual language.
1578;Ayooooo that hot ass shower still feel good got damnnnnnn.;"{
  ""label"": ""UNHARMFUL_PROFANITY"",
   ""confidence"": ""MEDIUM"",
   ""rationale"": ""The span_text contains profanity ('damnnnnnn') without targeting a specific entity.""
}";1;1;MEDIUM;The span_text contains profanity ('damnnnnnn') without targeting a specific entity.
1350;of those narrowly-defined areas of acceptable male vanity. Masculinity +;"{
  ""label"": ""NONE"",
   ""confidence"": ""HIGH"",
   ""rationale"": ""The span_text does not contain conflictual language, profanity, or slurs, and is not a targeted insult.""
}";0;2;HIGH;The span_text does not contain conflictual language, profanity, or slurs, and is not a targeted insult.
201;@mmpadellan He needs to be found guilty!!;"{
  ""label"": ""CONFLICTUAL"",
   ""confidence"": ""HIGH"",
   ""rationale"": ""The span_text contains a call for someone to be found guilty, which implies a conflictual tone and potentially targeted language.""
}";2;0;HIGH;The span_text contains a call for someone to be found guilty, which implies a conflictual tone and potentially targeted language.
205;Why tf do I need to write plain html code;"{
  ""label"": ""UNHARMFUL_PROFANITY"",
   ""confidence"": ""MEDIUM"",
   ""rationale"": ""The span_text contains profanity ('tf') which is not directed towards a specific entity.""
}";1;0;MEDIUM;The span_text contains profanity ('tf') which is not directed towards a specific entity.
580;I'd rather someone say 'I don't know what to say',;"{
  ""label"": ""NONE"",
   ""confidence"": ""HIGH"",
   ""rationale"": ""The span_text does not contain conflictual language, profanity, or targeted insults.""
}";0;0;HIGH;The span_text does not contain conflictual language, profanity, or targeted insults.
1265;weird goofball. Dantonio was just a smug asshole who happened;"{
  ""label"": ""UNHARMFUL_PROFANITY"",
   ""confidence"": ""MEDIUM"",
   ""rationale"": ""The span_text contains profanity ('asshole') which is not targeted towards a specific entity.""
}";1;2;MEDIUM;The span_text contains profanity ('asshole') which is not targeted towards a specific entity.
1076;as meth or cocaine is fucking racist as shit and;"{
  ""label"": ""CONFLICTUAL"",
   ""confidence"": ""HIGH"",
   ""rationale"": ""The span_text contains language attacking a protected category ('racist') which aligns with the definition of Conflictual language.""
}";2;2;HIGH;The span_text contains language attacking a protected category ('racist') which aligns with the definition of Conflictual language.
1623;Fuck of u bald cunt;"{
  ""label"": ""UNHARMFUL_PROFANITY"",
   ""confidence"": ""HIGH"",
   ""rationale"": ""The span_text contains excessive profanity ('Fuck', 'cunt') without targeting a specific entity.""
}";1;2;HIGH;The span_text contains excessive profanity ('Fuck', 'cunt') without targeting a specific entity.
510;I feel her with every piece of my body and;"{
  ""label"": ""NONE"",
   ""confidence"": ""HIGH"",
   ""rationale"": ""The span_text does not contain any conflictual language, profanity, or targeted insults.""
}";0;0;HIGH;The span_text does not contain any conflictual language, profanity, or targeted insults.
1770;Myanmar polices and soldiers are mothefuckers!!!;"{
  ""label"": ""UNHARMFUL_PROFANITY"",
   ""confidence"": ""HIGH"",
   ""rationale"": ""The span contains profanity ('mothefuckers') without targeting a specific entity.""
}";1;2;HIGH;The span contains profanity ('mothefuckers') without targeting a specific entity.
1147;always have seen your bunch been misogynist pricks with her;"{
  ""label"": ""CONFLICTUAL"",
   ""confidence"": ""HIGH"",
   ""rationale"": ""The span_text contains a targeted insult with misogynistic language ('misogynist pricks'), which is directed towards a specific entity ('her').""
}";2;2;HIGH;The span_text contains a targeted insult with misogynistic language ('misogynist pricks'), which is directed towards a specific entity ('her').
1607;Damn life is a muthafucker...;"{
  ""label"": ""UNHARMFUL_PROFANITY"",
   ""confidence"": ""HIGH"",
   ""rationale"": ""The span_text contains excessive profanity ('Damn', 'muthafucker') that is not directed towards a specific entity.""
}";1;1;HIGH;The span_text contains excessive profanity ('Damn', 'muthafucker') that is not directed towards a specific entity.
1511;she's' so meaty 😳😳 that pussy and asshole look so;"{
  ""label"": ""CONFLICTUAL"",
   ""confidence"": ""HIGH"",
   ""rationale"": ""The span contains targeted insults towards protected categories, specifically 'pussy' and 'asshole', which are derogatory terms for female genitalia and anus.""
}";2;1;HIGH;The span contains targeted insults towards protected categories, specifically 'pussy' and 'asshole', which are derogatory terms for female genitalia and anus.
292;The Giants have reached their lowest point I can remember;"{
  ""label"": ""NONE"",
   ""confidence"": ""HIGH"",
   ""rationale"": ""The span_text does not contain any conflictual language, profanity, or targeted insults.""
}";0;0;HIGH;The span_text does not contain any conflictual language, profanity, or targeted insults.
563;with disgraceful immature teenagers who act like fucking douchebags and;"{
  ""label"": ""UNHARMFUL_PROFANITY"",
   ""confidence"": ""HIGH"",
   ""rationale"": ""The span contains profanity ('fucking' and 'douchebags') without targeting a specific entity.""
}";1;2;HIGH;The span contains profanity ('fucking' and 'douchebags') without targeting a specific entity.
414;Ethanol or ethylene.? The cotton swab should have nothing on;"{
  ""label"": ""NONE"",
   ""confidence"": ""HIGH"",
   ""rationale"": ""The span_text does not contain any conflictual language, profanity, or targeted insults.""
}";0;0;HIGH;The span_text does not contain any conflictual language, profanity, or targeted insults.
89;the most annoying thing in the world is when you're;"{
  ""label"": ""NONE"",
   ""confidence"": ""HIGH"",
   ""rationale"": ""The span_text does not contain any explicit profanity, slurs, or targeted insults.""
}";0;0;HIGH;The span_text does not contain any explicit profanity, slurs, or targeted insults.
467;@narendramodi Honourable Prime Minister sir, I had the honour of;"{
  ""label"": ""NONE"",
   ""confidence"": ""HIGH"",
   ""rationale"": ""The span_text contains a respectful address to the Prime Minister, indicating a lack of conflictual or harmful language.""
}";0;0;HIGH;The span_text contains a respectful address to the Prime Minister, indicating a lack of conflictual or harmful language.
1168;@user @user @user @jameelajamil Are you stupid? Accidents happen. Injuries;"{
  ""label"": ""CONFLICTUAL"",
   ""confidence"": ""HIGH"",
   ""rationale"": ""The span_text contains a targeted insult ('Are you stupid?') directed towards a specific entity (@jameelajamil), which is classified as conflictual language.""
}";2;2;HIGH;The span_text contains a targeted insult ('Are you stupid?') directed towards a specific entity (@jameelajamil), which is classified as conflictual language.
1626;DAMN THIS FUCCKKING RACIST, SEXIST, MISOGYNISTIC, HOMOPHOBIC SEWER SHITTT! ALONG;"{
  ""label"": ""CONFLICTUAL"",
   ""confidence"": ""HIGH"",
   ""rationale"": ""The span_text contains multiple derogatory terms targeting protected categories, including racist, sexist, misogynistic, and homophobic language.""
}";2;2;HIGH;The span_text contains multiple derogatory terms targeting protected categories, including racist, sexist, misogynistic, and homophobic language.
829;prove a woman has ever touched you. You also suck;"{
  ""label"": ""CONFLICTUAL"",
   ""confidence"": ""HIGH"",
   ""rationale"": ""The span_text contains language that is an attack based on gender, specifically targeting women.""
}";2;2;HIGH;The span_text contains language that is an attack based on gender, specifically targeting women.
305;manzana verde I choose Map of the soul: 7 by;"{
  ""label"": ""NONE"",
   ""confidence"": ""HIGH"",
   ""rationale"": ""The span_text does not contain any conflictual language, excessive profanity, or targeted insults.""
}";0;0;HIGH;The span_text does not contain any conflictual language, excessive profanity, or targeted insults.
1205;Does that mean violence against every Republican should be legal?;"{
  ""label"": ""CONFLICTUAL"",
   ""confidence"": ""HIGH"",
   ""rationale"": ""The span_text contains a statement about violence against a specific group (Republicans), which is a protected category.""
}";2;2;HIGH;The span_text contains a statement about violence against a specific group (Republicans), which is a protected category.
1148;everybody know how much of an incompetent fuckhead u are;"{
  ""label"": ""CONFLICTUAL"",
   ""confidence"": ""HIGH"",
   ""rationale"": ""The span contains targeted insult language ('incompetent fuckhead') directed at a specific entity ('u are'), which is considered conflictual.""
}";2;2;HIGH;The span contains targeted insult language ('incompetent fuckhead') directed at a specific entity ('u are'), which is considered conflictual.
1229;@user @user @user Y'all are headasses and it's too early;"{
  ""label"": ""CONFLICTUAL"",
   ""confidence"": ""HIGH"",
   ""rationale"": ""The span_text contains a targeted insult ('headasses') which is directed at a group of people ('y'all'), indicating conflictual language.""
}";2;1;HIGH;The span_text contains a targeted insult ('headasses') which is directed at a group of people ('y'all'), indicating conflictual language.
391;A less depressing thought is I'm convinced Gaara from Naruto;"{
  ""label"": ""NONE"",
   ""confidence"": ""HIGH"",
   ""rationale"": ""The span_text is a neutral statement referencing a fictional character from Naruto, without any conflictual or profane language.""
}";0;0;HIGH;The span_text is a neutral statement referencing a fictional character from Naruto, without any conflictual or profane language.
297;you are near the Welsh border I suppose. Close enough;"{
  ""label"": ""NONE"",
   ""confidence"": ""HIGH"",
   ""rationale"": ""The span_text does not contain any conflictual language, profanity, or targeted insults.""
}";0;2;HIGH;The span_text does not contain any conflictual language, profanity, or targeted insults.
322;The last antibiotic class that was successfully introduced as treatment;"{
  ""label"": ""NONE"",
   ""confidence"": ""HIGH"",
   ""rationale"": ""The span_text does not contain conflictual language, profanity, or targeted insults.""
}";0;0;HIGH;The span_text does not contain conflictual language, profanity, or targeted insults.
1257;eating them of some gorgeous tits.. well the tits are;"{
  ""label"": ""UNHARMFUL_PROFANITY"",
   ""confidence"": ""MEDIUM"",
   ""rationale"": ""The span contains profanity ('tits') without targeting a specific entity.""
}";1;1;MEDIUM;The span contains profanity ('tits') without targeting a specific entity.
1571;sex horny pussy cum dick asshole cumslut penis anal peg;"{
  ""label"": ""UNHARMFUL_PROFANITY"",
   ""confidence"": ""HIGH"",
   ""rationale"": ""The span_text contains excessive profanity, including words like 'cum', 'dick', 'asshole', and 'cumslut', which are not directed towards a specific entity but are considered harmful due to their explicit nature.""
}";1;1;HIGH;The span_text contains excessive profanity, including words like 'cum', 'dick', 'asshole', and 'cumslut', which are not directed towards a specific entity but are considered harmful due to their explicit nature.
1657;2.) crows feet and saggy tits would be a better;"{
  ""label"": ""CONFLICTUAL"",
   ""confidence"": ""HIGH"",
   ""rationale"": ""The span_text contains targeted derogatory language ('saggy tits') directed towards a specific entity (women), which is considered conflictual.""
}";2;1;HIGH;The span_text contains targeted derogatory language ('saggy tits') directed towards a specific entity (women), which is considered conflictual.
1123;would realize how ignorant and insensitive your comment is. A;"{
  ""label"": ""CONFLICTUAL"",
   ""confidence"": ""HIGH"",
   ""rationale"": ""The span_text contains language that is an attack based on ignorance and insensitivity, which is a protected category.""
}";2;2;HIGH;The span_text contains language that is an attack based on ignorance and insensitivity, which is a protected category.
410;Only two of the mini purple mushrooms left!;"{
  ""label"": ""NONE"",
   ""confidence"": ""HIGH"",
   ""rationale"": ""The span_text does not contain any conflictual language, profanity, or targeted insults.""
}";0;0;HIGH;The span_text does not contain any conflictual language, profanity, or targeted insults.
149;@ChronicleNUFC What separated Rafa from any other manager we've appointed;"{
  ""label"": ""NONE"",
   ""confidence"": ""HIGH"",
   ""rationale"": ""The span_text is a neutral question and does not contain any conflictual language, profanity, or targeted insults.""
}";0;0;HIGH;The span_text is a neutral question and does not contain any conflictual language, profanity, or targeted insults.
75;may have to be both. Fan-fucking-tastic. Jessica Jones x Supernatural;"{
  ""label"": ""NONE"",
   ""confidence"": ""HIGH"",
   ""rationale"": ""The span_text contains a phrase 'Fan-fucking-tastic' which is profanity, but it is not directed toward a specific entity. However, the presence of profanity does not make it conflictual or targeted insult.""
}";0;1;HIGH;The span_text contains a phrase 'Fan-fucking-tastic' which is profanity, but it is not directed toward a specific entity. However, the presence of profanity does not make it conflictual or targeted insult.
482;They',''re' in favor of decriminalization, but they've also historically opposed;"{
  ""label"": ""NONE"",
   ""confidence"": ""HIGH"",
   ""rationale"": ""The span_text does not contain any conflictual language, profanity, or targeted insults, and is discussing a neutral topic.""
}";0;0;HIGH;The span_text does not contain any conflictual language, profanity, or targeted insults, and is discussing a neutral topic.
591;I can't bring myself to utter these words myself but;"{
  ""label"": ""NONE"",
   ""confidence"": ""HIGH"",
   ""rationale"": ""The span_text does not contain any explicit profanity, slurs, or targeted insults. The phrase 'I can't bring myself to utter these words myself but' implies hesitation or reluctance, which does not meet the criteria for conflictual or harmful language.""
}";0;0;HIGH;The span_text does not contain any explicit profanity, slurs, or targeted insults. The phrase 'I can't bring myself to utter these words myself but' implies hesitation or reluctance, which does not meet the criteria for conflictual or harmful language.
654;Fucking bus wankers refused my son on the bus because;"{
  ""label"": ""UNHARMFUL_PROFANITY"",
   ""confidence"": ""HIGH"",
   ""rationale"": ""The span_text contains profanity ('Fucking') which is not directed towards a specific entity, but the presence of this profanity is excessive and warrants a high confidence level for the UNHARMFUL_PROFANITY label.""
}";1;2;HIGH;The span_text contains profanity ('Fucking') which is not directed towards a specific entity, but the presence of this profanity is excessive and warrants a high confidence level for the UNHARMFUL_PROFANITY label.
241;be funny, except stories like this do impact libertards who;"{
  ""label"": ""CONFLICTUAL"",
   ""confidence"": ""HIGH"",
   ""rationale"": ""The span_text contains a targeted insult ('libertards') which is directed towards a specific entity, indicating conflictual language.""
}";2;2;HIGH;The span_text contains a targeted insult ('libertards') which is directed towards a specific entity, indicating conflictual language.
98;Sometimes I wish I can remove Buju's verses & chorus;"{
  ""label"": ""CONFLICTUAL"",
   ""confidence"": ""HIGH"",
   ""rationale"": ""The span_text contains a targeted insult towards Buju, a specific entity, which is a form of conflictual language.""
}";2;0;HIGH;The span_text contains a targeted insult towards Buju, a specific entity, which is a form of conflictual language.
192;Eef Laura runs for Orifice who will stop Earache from;"{
  ""label"": ""NONE"",
   ""confidence"": ""HIGH"",
   ""rationale"": ""The span_text contains nonsensical words and phrases ('Eef', 'Orifice', 'Earache') which do not align with any known conflictual or profane language patterns.""
}";0;0;HIGH;The span_text contains nonsensical words and phrases ('Eef', 'Orifice', 'Earache') which do not align with any known conflictual or profane language patterns.
952;Ok, I get it... Lying mofos gon na lie. But,;"{
  ""label"": ""UNHARMFUL_PROFANITY"",
   ""confidence"": ""MEDIUM"",
   ""rationale"": ""The presence of profanity in the span_text, specifically the word 'mofos', warrants this classification.""
}";1;1;MEDIUM;The presence of profanity in the span_text, specifically the word 'mofos', warrants this classification.
155;with Koemanball and playing with instagram models and overpaid shitters.;"{
  ""label"": ""CONFLICTUAL"",
   ""confidence"": ""HIGH"",
   ""rationale"": ""The presence of 'shitters' is a targeted insult and 'overpaid' is a derogatory term, indicating conflictual language.""
}";2;2;HIGH;The presence of 'shitters' is a targeted insult and 'overpaid' is a derogatory term, indicating conflictual language.
102;@treasuremembers To our vitamin A B C D E F;"{
  ""label"": ""NONE"",
   ""confidence"": ""HIGH"",
   ""rationale"": ""The span_text does not contain any conflictual language, profanity, or targeted insults, making it suitable for the NONE label.""
}";0;0;HIGH;The span_text does not contain any conflictual language, profanity, or targeted insults, making it suitable for the NONE label.
1;@WhiteHouse @CarlHeastie @TishJames @RepMaloney @SenSchumer @CNN @MSNBC @NY1 @NYDailyNews @MKramerTV;"{
  ""label"": ""CONFLICTUAL"",
   ""confidence"": ""HIGH"",
   ""rationale"": ""The span_text contains targeted entities (@WhiteHouse, @CarlHeastie, @TishJames, @RepMaloney, @SenSchumer) which indicates conflictual language.""
}";2;0;HIGH;The span_text contains targeted entities (@WhiteHouse, @CarlHeastie, @TishJames, @RepMaloney, @SenSchumer) which indicates conflictual language.
1485;like infantilising and whatever the fuck else is the hot;"{
  ""label"": ""UNHARMFUL_PROFANITY"",
   ""confidence"": ""HIGH"",
   ""rationale"": ""The span_text contains profanity ('the fuck') without targeting a specific entity, thus fitting the UNHARMFUL_PROFANITY label.""
}";1;1;HIGH;The span_text contains profanity ('the fuck') without targeting a specific entity, thus fitting the UNHARMFUL_PROFANITY label.
214;1st week in middle school bashed by students for being;"{
  ""label"": ""CONFLICTUAL"",
   ""confidence"": ""MEDIUM"",
   ""rationale"": ""The span_text contains language that implies being 'bashed' by students, which is a form of attack or conflict.""
}";2;2;MEDIUM;The span_text contains language that implies being 'bashed' by students, which is a form of attack or conflict.
111;don't get offended because I said your fans were dickheads.;"{
  ""label"": ""CONFLICTUAL"",
   ""confidence"": ""HIGH"",
   ""rationale"": ""The span_text contains a targeted insult ('dickheads') directed at a specific entity ('your fans'), which is considered conflictual language.""
}";2;2;HIGH;The span_text contains a targeted insult ('dickheads') directed at a specific entity ('your fans'), which is considered conflictual language.
814;same old, same old tweet. Is that all you got?;"{
  ""label"": ""NONE"",
   ""confidence"": ""HIGH"",
   ""rationale"": ""The span_text contains a rhetorical question and a phrase of frustration, but no explicit profanity, slurs, or targeted insults.""
}";0;2;HIGH;The span_text contains a rhetorical question and a phrase of frustration, but no explicit profanity, slurs, or targeted insults.
1126;this disprove my initial comment about Antifa being commie dirtbags?;"{
  ""label"": ""CONFLICTUAL"",
   ""confidence"": ""HIGH"",
   ""rationale"": ""The span_text contains targeted derogatory language towards a specific group ('commie dirtbags') which refers to Antifa, indicating conflictual language.""
}";2;2;HIGH;The span_text contains targeted derogatory language towards a specific group ('commie dirtbags') which refers to Antifa, indicating conflictual language.
1312;@user Bullisht and masshitve run?;"{
  ""label"": ""UNHARMFUL_PROFANITY"",
   ""confidence"": ""HIGH"",
   ""rationale"": ""The span contains profanity ('Bullisht', 'masshitve') without targeting a specific entity.""
}";1;1;HIGH;The span contains profanity ('Bullisht', 'masshitve') without targeting a specific entity.
809;time as Alicia did, her cunt gushing and squirting a;"{
  ""label"": ""UNHARMFUL_PROFANITY"",
   ""confidence"": ""HIGH"",
   ""rationale"": ""The span_text contains profanity ('cunt') that is not directed toward a specific entity.""
}";1;1;HIGH;The span_text contains profanity ('cunt') that is not directed toward a specific entity.
325;to know you (r monster cock) more and to fall;"{
  ""label"": ""CONFLICTUAL"",
   ""confidence"": ""HIGH"",
   ""rationale"": ""The span_text contains a targeted insult with a derogatory term ('monster cock') that is directed towards a specific entity, indicating conflictual language.""
}";2;1;HIGH;The span_text contains a targeted insult with a derogatory term ('monster cock') that is directed towards a specific entity, indicating conflictual language.
526;I take a prescription antihistamine right before bed. Seems to;"{
  ""label"": ""NONE"",
   ""confidence"": ""HIGH"",
   ""rationale"": ""The span_text does not contain any conflictual language, profanity, or targeted insults.""
}";0;0;HIGH;The span_text does not contain any conflictual language, profanity, or targeted insults.
817;effects of drugs and alcohol mixed with fascist white supremacy!;"{
  ""label"": ""CONFLICTUAL"",
   ""confidence"": ""HIGH"",
   ""rationale"": ""The presence of 'fascist white supremacy' is a targeted attack based on protected categories, indicating conflictual language.""
}";2;2;HIGH;The presence of 'fascist white supremacy' is a targeted attack based on protected categories, indicating conflictual language.
545;@WesMitchellGC @GCChrisClark Of course... queue all the low-lifes trashing him;"{
  ""label"": ""CONFLICTUAL"",
   ""confidence"": ""HIGH"",
   ""rationale"": ""The span_text contains targeted language towards 'low-lifes', which can be considered an attack based on a protected category.""
}";2;0;HIGH;The span_text contains targeted language towards 'low-lifes', which can be considered an attack based on a protected category.
382;i should be SLEEPING but no i'm confused and scared;"{
  ""label"": ""NONE"",
   ""confidence"": ""HIGH"",
   ""rationale"": ""The span_text does not contain any conflictual language, profanity, or targeted insults. It appears to be a personal expression of confusion and fear.""
}";0;0;HIGH;The span_text does not contain any conflictual language, profanity, or targeted insults. It appears to be a personal expression of confusion and fear.
562;No crimes committed by the dead in the pits... they;"{
  ""label"": ""NONE"",
   ""confidence"": ""HIGH"",
   ""rationale"": ""The span_text does not contain any harmful language, profanity, or targeted insults.""
}";0;0;HIGH;The span_text does not contain any harmful language, profanity, or targeted insults.
244;that tone of 'you fucking idiot, this should be entirely;"{
  ""label"": ""CONFLICTUAL"",
   ""confidence"": ""HIGH"",
   ""rationale"": ""The span_text contains a targeted insult ('you fucking idiot') which is directed towards a specific entity, indicating conflictual language.""
}";2;1;HIGH;The span_text contains a targeted insult ('you fucking idiot') which is directed towards a specific entity, indicating conflictual language.
531;Bruno and all ffs These motherfuckers are the biggest problem;"{
  ""label"": ""CONFLICTUAL"",
   ""confidence"": ""HIGH"",
   ""rationale"": ""The span_text contains targeted insults towards a group of people ('These motherfuckers'), which is a form of conflictual language.""
}";2;1;HIGH;The span_text contains targeted insults towards a group of people ('These motherfuckers'), which is a form of conflictual language.
1720;clothes it's not okay, he's a faggot. Why?',''Cause' society finds;"{
  ""label"": ""CONFLICTUAL"",
   ""confidence"": ""HIGH"",
   ""rationale"": ""The span_text contains a targeted insult based on protected category ('faggot'), which is considered conflictual language.""
}";2;2;HIGH;The span_text contains a targeted insult based on protected category ('faggot'), which is considered conflictual language.
268;@user Bro I'm fuckin tired of these mfers bro I;"{
  ""label"": ""UNHARMFUL_PROFANITY"",
   ""confidence"": ""HIGH"",
   ""rationale"": ""The span_text contains profanity ('fuckin', 'mfers') without targeting a specific entity.""
}";1;2;HIGH;The span_text contains profanity ('fuckin', 'mfers') without targeting a specific entity.
266;can be lyrical. Just like niggas talking about girls, drugs;"{
  ""label"": ""UNHARMFUL_PROFANITY"",
   ""confidence"": ""MEDIUM"",
   ""rationale"": ""The span_text contains profanity ('niggas') without a targeted insult, indicating a less severe form of harmful language.""
}";1;2;MEDIUM;The span_text contains profanity ('niggas') without a targeted insult, indicating a less severe form of harmful language.
1549;@user will get tentacle-fucked if she's not careful. Oi is;"{
  ""label"": ""CONFLICTUAL"",
   ""confidence"": ""HIGH"",
   ""rationale"": ""The span_text contains a threat of violence ('tentacle-fucked') based on a protected category ('she'), indicating conflictual language.""
}";2;2;HIGH;The span_text contains a threat of violence ('tentacle-fucked') based on a protected category ('she'), indicating conflictual language.
480;Right like when I'm having a bad day it makes;"{
  ""label"": ""NONE"",
   ""confidence"": ""HIGH"",
   ""rationale"": ""The span_text does not contain any conflictual language, excessive profanity, or targeted insults.""
}";0;0;HIGH;The span_text does not contain any conflictual language, excessive profanity, or targeted insults.
694;are you incapable of doing the work? Get lost pussy;"{
  ""label"": ""CONFLICTUAL"",
   ""confidence"": ""HIGH"",
   ""rationale"": ""The span_text contains a targeted insult ('Get lost') and a derogatory term ('pussy'), which is directed towards a specific entity, making it conflictual.""
}";2;1;HIGH;The span_text contains a targeted insult ('Get lost') and a derogatory term ('pussy'), which is directed towards a specific entity, making it conflictual.
302;off. Guy needs to be kicked out of football. Nobody;"{
  ""label"": ""CONFLICTUAL"",
   ""confidence"": ""HIGH"",
   ""rationale"": ""The span_text contains a targeted attack on a person's involvement in football, which can be considered conflictual language.""
}";2;2;HIGH;The span_text contains a targeted attack on a person's involvement in football, which can be considered conflictual language.
1137;@NHS God You flower emoji Karen's are the worst people;"{
  ""label"": ""CONFLICTUAL"",
   ""confidence"": ""HIGH"",
   ""rationale"": ""The span_text contains a targeted insult towards a specific group of people ('Karen's') and uses a derogatory term ('worst people'), which is an attack based on a protected category.""
}";2;2;HIGH;The span_text contains a targeted insult towards a specific group of people ('Karen's') and uses a derogatory term ('worst people'), which is an attack based on a protected category.
388;I want to scream cause my Dad is 89 and;"{
  ""label"": ""NONE"",
   ""confidence"": ""HIGH"",
   ""rationale"": ""The span_text does not contain any conflictual language, profanity, or targeted insults.""
}";0;0;HIGH;The span_text does not contain any conflictual language, profanity, or targeted insults.
229;No one that encounters prosperity does not also encounter danger.';"{
  ""label"": ""NONE"",
   ""confidence"": ""HIGH"",
   ""rationale"": ""The span_text is a neutral statement about the coexistence of prosperity and danger, without any conflictual or profane content.""
}";0;0;HIGH;The span_text is a neutral statement about the coexistence of prosperity and danger, without any conflictual or profane content.
458;@user He a whore. Not a slut.;"{
  ""label"": ""CONFLICTUAL"",
   ""confidence"": ""HIGH"",
   ""rationale"": ""The span_text contains targeted derogatory language towards a specific individual ('whore') which is considered conflictual.""
}";2;1;HIGH;The span_text contains targeted derogatory language towards a specific individual ('whore') which is considered conflictual.
1237;you don't know what the fuck you are talking about.....;"{
  ""label"": ""UNHARMFUL_PROFANITY"",
   ""confidence"": ""HIGH"",
   ""rationale"": ""The span contains profanity ('fuck') without targeting a specific entity.""
}";1;1;HIGH;The span contains profanity ('fuck') without targeting a specific entity.
1638;Hate a complacent nxgga. Don't let a false sense of;"{
  ""label"": ""CONFLICTUAL"",
   ""confidence"": ""HIGH"",
   ""rationale"": ""The span_text contains a targeted insult based on a protected category ('nxgga'), which is a form of conflictual language.""
}";2;2;HIGH;The span_text contains a targeted insult based on a protected category ('nxgga'), which is a form of conflictual language.
225;"minded, strong armed, strong lunged; just strong as a muthafucka.";"{
  ""label"": ""UNHARMFUL_PROFANITY"",
   ""confidence"": ""HIGH"",
   ""rationale"": ""The span contains profanity ('muthafucka') without targeting a specific entity.""
}";1;1;HIGH;The span contains profanity ('muthafucka') without targeting a specific entity.
455;momma twt moots needs to approve the boy huh? /j;"{
  ""label"": ""NONE"",
   ""confidence"": ""HIGH"",
   ""rationale"": ""The span_text does not contain conflictual language, excessive profanity, or targeted insults.""
}";0;0;HIGH;The span_text does not contain conflictual language, excessive profanity, or targeted insults.
898;fools to back the fuck off or they WILL handle;"{
  ""label"": ""CONFLICTUAL"",
   ""confidence"": ""HIGH"",
   ""rationale"": ""The span_text contains a threat ('WILL handle') which implies a potential attack or conflict.""
}";2;1;HIGH;The span_text contains a threat ('WILL handle') which implies a potential attack or conflict.
424;laundry day means wearing the thotty crop top at home;"{
  ""label"": ""UNHARMFUL_PROFANITY"",
   ""confidence"": ""MEDIUM"",
   ""rationale"": ""The span_text contains profanity ('thotty') which is not directed towards a specific entity.""
}";1;0;MEDIUM;The span_text contains profanity ('thotty') which is not directed towards a specific entity.
917;trauma dumping. even if the person understands paran ang unfair;"{
  ""label"": ""CONFLICTUAL"",
   ""confidence"": ""HIGH"",
   ""rationale"": ""The span_text contains a targeted insult (paran ang unfair) which is directed towards a specific entity, making it conflictual.""
}";2;2;HIGH;The span_text contains a targeted insult (paran ang unfair) which is directed towards a specific entity, making it conflictual.
878;girls can watch it.' 'OMG they edited it, those bastards.';"{
  ""label"": ""CONFLICTUAL"",
   ""confidence"": ""HIGH"",
   ""rationale"": ""The span_text contains a targeted insult ('those bastards') directed at a group of people ('those bastards' implies the editors).""
}";2;2;HIGH;The span_text contains a targeted insult ('those bastards') directed at a group of people ('those bastards' implies the editors).
1519;eminem song in which he calls charlotte clymer a faggot;"{
  ""label"": ""CONFLICTUAL"",
   ""confidence"": ""HIGH"",
   ""rationale"": ""The span_text contains a targeted insult, specifically a slur directed at a protected category ('faggot'), which is considered conflictual language.""
}";2;1;HIGH;The span_text contains a targeted insult, specifically a slur directed at a protected category ('faggot'), which is considered conflictual language.
1783;On @LBC DavidDavis spouts incoherent waffle and casual lies to;"{
  ""label"": ""NONE"",
   ""confidence"": ""HIGH"",
   ""rationale"": ""The span_text contains a statement about someone's speech being 'incoherent waffle and casual lies', which is an opinion and not a targeted insult or profanity.""
}";0;2;HIGH;The span_text contains a statement about someone's speech being 'incoherent waffle and casual lies', which is an opinion and not a targeted insult or profanity.
289;Which market in Richmond has the new flamin hot mtn;"{
  ""label"": ""NONE"",
   ""confidence"": ""HIGH"",
   ""rationale"": ""The span_text contains a question about a product and does not contain any conflictual language, excessive profanity, or targeted insults.""
}";0;0;HIGH;The span_text contains a question about a product and does not contain any conflictual language, excessive profanity, or targeted insults.
872;top part is the two mothers/milfs and bottom row is;"{
  ""label"": ""NONE"",
   ""confidence"": ""HIGH"",
   ""rationale"": ""The span_text does not contain conflictual language, excessive profanity, or targeted insults.""
}";0;1;HIGH;The span_text does not contain conflictual language, excessive profanity, or targeted insults.
449;The thong to flip-flop transition took place when I was;"{
  ""label"": ""NONE"",
   ""confidence"": ""HIGH"",
   ""rationale"": ""The span_text does not contain any conflictual language, excessive profanity, slur, or targeted insult.""
}";0;0;HIGH;The span_text does not contain any conflictual language, excessive profanity, slur, or targeted insult.
301;Before it was called CAMHS: I saw the psych maybe;"{
  ""label"": ""NONE"",
   ""confidence"": ""HIGH"",
   ""rationale"": ""The span_text does not contain any conflictual language, profanity, or targeted insults.""
}";0;0;HIGH;The span_text does not contain any conflictual language, profanity, or targeted insults.
1404;@user Just blocked the pathetic hairy ole asshole.;"{
  ""label"": ""UNHARMFUL_PROFANITY"",
   ""confidence"": ""HIGH"",
   ""rationale"": ""The span contains profanity ('asshole') without targeting a specific entity.""
}";1;1;HIGH;The span contains profanity ('asshole') without targeting a specific entity.
178;@user CrisisActor and a horrible one at that! rittenhouseisguilty;"{
  ""label"": ""CONFLICTUAL"",
   ""confidence"": ""HIGH"",
   ""rationale"": ""The span_text contains a targeted insult towards a specific entity ('CrisisActor') and also contains a conflictual statement ('rittenhouseisguilty') which can be interpreted as an attack on a protected category.""
}";2;2;HIGH;The span_text contains a targeted insult towards a specific entity ('CrisisActor') and also contains a conflictual statement ('rittenhouseisguilty') which can be interpreted as an attack on a protected category.
1287;are dying everywhere England is fucked. so if you guys;"{
  ""label"": ""CONFLICTUAL"",
   ""confidence"": ""HIGH"",
   ""rationale"": ""The span_text contains conflictual language, specifically targeting a nation ('England is fucked').""
}";2;1;HIGH;The span_text contains conflictual language, specifically targeting a nation ('England is fucked').
234;resist this 'parampara pratishtha anushasan' BS It's hyper triggering for;"{
  ""label"": ""CONFLICTUAL"",
   ""confidence"": ""HIGH"",
   ""rationale"": ""The span_text contains conflictual language with a direct attack on a 'parampara pratishtha anushasan', which is a specific entity, and the phrase 'hyper triggering' implies a strong emotional response.""
}";2;1;HIGH;The span_text contains conflictual language with a direct attack on a 'parampara pratishtha anushasan', which is a specific entity, and the phrase 'hyper triggering' implies a strong emotional response.
553;blue city soyboys - ready to fight. New York's' civilians;"{
  ""label"": ""CONFLICTUAL"",
   ""confidence"": ""HIGH"",
   ""rationale"": ""The span_text contains a targeted insult based on a protected category ('city soyboys') and a threat of violence ('ready to fight').""
}";2;2;HIGH;The span_text contains a targeted insult based on a protected category ('city soyboys') and a threat of violence ('ready to fight').
135;My booty a little dirty whore 🤦🏾\u200d♀️;"{
  ""label"": ""UNHARMFUL_PROFANITY"",
   ""confidence"": ""HIGH"",
   ""rationale"": ""The span_text contains profanity ('whore') and emojis that are often used to intensify the language, indicating a high level of profanity.""
}";1;1;HIGH;The span_text contains profanity ('whore') and emojis that are often used to intensify the language, indicating a high level of profanity.
625;then why did you fuck all the nursing homes over?;"{
  ""label"": ""UNHARMFUL_PROFANITY"",
   ""confidence"": ""HIGH"",
   ""rationale"": ""The span contains profanity ('fuck') without a targeted insult.""
}";1;2;HIGH;The span contains profanity ('fuck') without a targeted insult.
577;Well if there's a history of documented discrimination then it's;"{
  ""label"": ""CONFLICTUAL"",
   ""confidence"": ""HIGH"",
   ""rationale"": ""The span_text implies a history of documented discrimination, which is a protected category.""
}";2;0;HIGH;The span_text implies a history of documented discrimination, which is a protected category.
543;@BreeNewsome 'We knew we couldn't make it illegal to be;"{
  ""label"": ""NONE"",
   ""confidence"": ""HIGH"",
   ""rationale"": ""The span_text does not contain conflictual language, excessive profanity, or targeted insults. It appears to be a quote from a person (@BreeNewsome) stating a fact.""
}";0;0;HIGH;The span_text does not contain conflictual language, excessive profanity, or targeted insults. It appears to be a quote from a person (@BreeNewsome) stating a fact.
152;um i just for head hunted by a company in;"{
  ""label"": ""NONE"",
   ""confidence"": ""HIGH"",
   ""rationale"": ""The span_text does not contain any conflictual language, profanity, or targeted insults, making it suitable for the NONE label.""
}";0;0;HIGH;The span_text does not contain any conflictual language, profanity, or targeted insults, making it suitable for the NONE label.
1734;and is normal. America is violent asf and sadistic asf;"{
  ""label"": ""CONFLICTUAL"",
   ""confidence"": ""HIGH"",
   ""rationale"": ""The span_text contains conflictual language, specifically phrases 'violent asf' and 'sadistic asf', which imply aggression and harm, targeting the United States.""
}";2;2;HIGH;The span_text contains conflictual language, specifically phrases 'violent asf' and 'sadistic asf', which imply aggression and harm, targeting the United States.
345;handle tightly. And Ed? A pain, similar to the one;"{
  ""label"": ""NONE"",
   ""confidence"": ""HIGH"",
   ""rationale"": ""The span_text does not contain any conflictual language, excessive profanity, slurs, or targeted insults. It appears to be a description of physical pain.""
}";0;0;HIGH;The span_text does not contain any conflictual language, excessive profanity, slurs, or targeted insults. It appears to be a description of physical pain.
436;•When u just can't stop binge eating, just do ur;"{
  ""label"": ""UNHARMFUL_PROFANITY"",
   ""confidence"": ""MEDIUM"",
   ""rationale"": ""The span contains profanity ('binge eating') that is not directed towards a specific entity.""
}";1;0;MEDIUM;The span contains profanity ('binge eating') that is not directed towards a specific entity.
544;some are lovely, some are numbskulls. it all depends on;"{
  ""label"": ""NONE"",
   ""confidence"": ""HIGH"",
   ""rationale"": ""The span_text contains a subjective opinion with no explicit profanity, slurs, or targeted insults.""
}";0;0;HIGH;The span_text contains a subjective opinion with no explicit profanity, slurs, or targeted insults.
71;Should someone take @joerogan for an interview, just to make;"{
  ""label"": ""NONE"",
   ""confidence"": ""HIGH"",
   ""rationale"": ""The span_text does not contain conflictual language, profanity, or targeted insults.""
}";0;0;HIGH;The span_text does not contain conflictual language, profanity, or targeted insults.
43;the shops, try tweeting them shitheads see if any can;"{
  ""label"": ""UNHARMFUL_PROFANITY"",
   ""confidence"": ""HIGH"",
   ""rationale"": ""The span_text contains profanity ('shitheads') without targeting a specific entity.""
}";1;1;HIGH;The span_text contains profanity ('shitheads') without targeting a specific entity.
1381;hilarious, and it winds these wankers up so much because;"{
  ""label"": ""UNHARMFUL_PROFANITY"",
   ""confidence"": ""MEDIUM"",
   ""rationale"": ""The presence of the word 'wankers' is a profane term, but it is not directed towards a specific entity, making it UNHARMFUL_PROFANITY.""
}";1;1;MEDIUM;The presence of the word 'wankers' is a profane term, but it is not directed towards a specific entity, making it UNHARMFUL_PROFANITY.
288;@TheRoyalButler How exactly does the spoon help me preventing suicidal;"{
  ""label"": ""CONFLICTUAL"",
   ""confidence"": ""HIGH"",
   ""rationale"": ""The span_text contains language related to suicidal prevention, which is a sensitive topic and could be perceived as conflictual.""
}";2;0;HIGH;The span_text contains language related to suicidal prevention, which is a sensitive topic and could be perceived as conflictual.
1175;a bit of an arrogant twat though. I would imagine;"{
  ""label"": ""UNHARMFUL_PROFANITY"",
   ""confidence"": ""HIGH"",
   ""rationale"": ""The span_text contains the profanity 'twat', which is a slur, but it's not directed toward a specific entity.""
}";1;1;HIGH;The span_text contains the profanity 'twat', which is a slur, but it's not directed toward a specific entity.
308;come up? 🥴 stop Dick eating me and my peace;"{
  ""label"": ""CONFLICTUAL"",
   ""confidence"": ""HIGH"",
   ""rationale"": ""The span_text contains targeted language towards a specific entity ('Dick'), making it conflictual.""
}";2;1;HIGH;The span_text contains targeted language towards a specific entity ('Dick'), making it conflictual.
95;No, I don't remember when last I was physically tired.;"{
  ""label"": ""NONE"",
   ""confidence"": ""HIGH"",
   ""rationale"": ""The span_text does not contain any conflictual language, profanity, or targeted insults.""
}";0;0;HIGH;The span_text does not contain any conflictual language, profanity, or targeted insults.
688;intervention and get this GD stuff done!!! And stop repeating;"{
  ""label"": ""CONFLICTUAL"",
   ""confidence"": ""HIGH"",
   ""rationale"": ""The span_text contains the phrase 'stop repeating' which can be interpreted as an attack or a command, indicating conflictual language.""
}";2;1;HIGH;The span_text contains the phrase 'stop repeating' which can be interpreted as an attack or a command, indicating conflictual language.
275;He might still might be a bit bitter about that.;"{
  ""label"": ""NONE"",
   ""confidence"": ""HIGH"",
   ""rationale"": ""The span_text does not contain any conflictual language, profanity, or targeted insults.""
}";0;0;HIGH;The span_text does not contain any conflictual language, profanity, or targeted insults.
64;Eyes wide Open it's hard for me to blink;"{
  ""label"": ""NONE"",
   ""confidence"": ""HIGH"",
   ""rationale"": ""The span_text does not contain any conflictual language, profanity, or targeted insults.""
}";0;0;HIGH;The span_text does not contain any conflictual language, profanity, or targeted insults.
1453;@user The dick throbbed. Could she really handle it? The;"{
  ""label"": ""UNHARMFUL_PROFANITY"",
   ""confidence"": ""HIGH"",
   ""rationale"": ""The span_text contains profanity ('dick throbbed' and 'dick') which is not directed toward a specific entity.""
}";1;1;HIGH;The span_text contains profanity ('dick throbbed' and 'dick') which is not directed toward a specific entity.
483;@MSNBC When do we stop treating the overweight, the alcoholic;"{
  ""label"": ""CONFLICTUAL"",
   ""confidence"": ""HIGH"",
   ""rationale"": ""The span_text contains language attacking a specific group based on their weight and alcoholism, which is a protected category.""
}";2;0;HIGH;The span_text contains language attacking a specific group based on their weight and alcoholism, which is a protected category.
394;@TheGrapevineTV Black cultures worldwide are being appropriated as we all;"{
  ""label"": ""CONFLICTUAL"",
   ""confidence"": ""MEDIUM"",
   ""rationale"": ""The phrase 'Black cultures worldwide are being appropriated' implies a conflictual tone, targeting a specific group.""
}";2;0;MEDIUM;The phrase 'Black cultures worldwide are being appropriated' implies a conflictual tone, targeting a specific group.
30;again around 6 in the fucking morning to eat pepero;"{
  ""label"": ""UNHARMFUL_PROFANITY"",
   ""confidence"": ""HIGH"",
   ""rationale"": ""The presence of the profanity 'fucking' in the span_text, despite the context being unrelated to a specific entity, is sufficient to classify the span as UNHARMFUL_PROFANITY.""
}";1;1;HIGH;The presence of the profanity 'fucking' in the span_text, despite the context being unrelated to a specific entity, is sufficient to classify the span as UNHARMFUL_PROFANITY.
612;than you might be the Joker or a fucking idiot','''';"{
  ""label"": ""UNHARMFUL_PROFANITY"",
   ""confidence"": ""HIGH"",
   ""rationale"": ""The presence of profanity ('fucking idiot') in the span_text, without any targeted insult or slur, justifies this classification.""
}";1;2;HIGH;The presence of profanity ('fucking idiot') in the span_text, without any targeted insult or slur, justifies this classification.
298;@gmbutts So you can actually do math? Where were these;"{
  ""label"": ""NONE"",
   ""confidence"": ""HIGH"",
   ""rationale"": ""The span_text does not contain conflictual language, profanity, or targeted insults.""
}";0;0;HIGH;The span_text does not contain conflictual language, profanity, or targeted insults.
496;depressing that someone as unserious and hateful as you is;"{
  ""label"": ""CONFLICTUAL"",
   ""confidence"": ""HIGH"",
   ""rationale"": ""The span_text contains a targeted insult, describing the person as 'unserious and hateful', which is a conflictual statement.""
}";2;2;HIGH;The span_text contains a targeted insult, describing the person as 'unserious and hateful', which is a conflictual statement.
1655;to not being a giant twat waffle and it's great;"{
  ""label"": ""NONE"",
   ""confidence"": ""HIGH"",
   ""rationale"": ""The span_text contains no conflictual language, profanity, or targeted insults.""
}";0;1;HIGH;The span_text contains no conflictual language, profanity, or targeted insults.
835;be your wedding day. That's depressing af to think about.;"{
  ""label"": ""UNHARMFUL_PROFANITY"",
   ""confidence"": ""HIGH"",
   ""rationale"": ""The span_text contains profanity ('af') without targeting a specific entity.""
}";1;1;HIGH;The span_text contains profanity ('af') without targeting a specific entity.
74;rid of wan? He is horribly bias leftist & u;"{
  ""label"": ""CONFLICTUAL"",
   ""confidence"": ""HIGH"",
   ""rationale"": ""The span contains targeted language towards a specific ideology ('bias leftist') and a derogatory term ('wan')""
}";2;2;HIGH;The span contains targeted language towards a specific ideology ('bias leftist') and a derogatory term ('wan')
189;w/ rappers? U hv no fckn ear and ungrateful for;"{
  ""label"": ""UNHARMFUL_PROFANITY"",
   ""confidence"": ""HIGH"",
   ""rationale"": ""The span_text contains profanity ('fckn') without targeting a specific entity.""
}";1;1;HIGH;The span_text contains profanity ('fckn') without targeting a specific entity.
1048;state-wide embarrassment. BTW, they WERE trumptards. Paxton is as credible;"{
  ""label"": ""CONFLICTUAL"",
   ""confidence"": ""HIGH"",
   ""rationale"": ""The span_text contains targeted insult towards a specific group ('trumptards'), which is considered conflictual language.""
}";2;2;HIGH;The span_text contains targeted insult towards a specific group ('trumptards'), which is considered conflictual language.
186;@Bethenny You're a miserable cunt. Fuck you.;"{
  ""label"": ""CONFLICTUAL"",
   ""confidence"": ""HIGH"",
   ""rationale"": ""The span_text contains targeted derogatory language ('You're a miserable cunt') directed at a specific entity (@Bethenny), which falls under conflictual language.""
}";2;2;HIGH;The span_text contains targeted derogatory language ('You're a miserable cunt') directed at a specific entity (@Bethenny), which falls under conflictual language.
380;Been around for a while. Always worth a reminder and;"{
  ""label"": ""NONE"",
   ""confidence"": ""HIGH"",
   ""rationale"": ""The span_text does not contain any explicit profanity, slurs, or targeted insults, making it non-conflictual and harmless.""
}";0;0;HIGH;The span_text does not contain any explicit profanity, slurs, or targeted insults, making it non-conflictual and harmless.
903;feel super depressed and lonely yay why do I do;"{
  ""label"": ""CONFLICTUAL"",
   ""confidence"": ""MEDIUM"",
   ""rationale"": ""The phrase 'feel super depressed and lonely' indicates a negative emotional state, but the phrase 'yay' is incongruous with the sentiment, suggesting a conflictual tone.""
}";2;2;MEDIUM;The phrase 'feel super depressed and lonely' indicates a negative emotional state, but the phrase 'yay' is incongruous with the sentiment, suggesting a conflictual tone.
139;@ESPNcricinfo He has an x factor about him, can score;"{
  ""label"": ""NONE"",
   ""confidence"": ""HIGH"",
   ""rationale"": ""The span_text does not contain any conflictual language, profanity, or targeted insults.""
}";0;0;HIGH;The span_text does not contain any conflictual language, profanity, or targeted insults.
29;In 2020, the most popular episode of Live Free with;"{
  ""label"": ""NONE"",
   ""confidence"": ""HIGH"",
   ""rationale"": ""The span_text does not contain any conflictual language, profanity, or targeted insults.""
}";0;0;HIGH;The span_text does not contain any conflictual language, profanity, or targeted insults.
1600;Coop, you are the reason Spencer got shot. He told;"{
  ""label"": ""CONFLICTUAL"",
   ""confidence"": ""HIGH"",
   ""rationale"": ""The span_text contains a statement that implies blame and responsibility for a violent event, which is a conflictual statement.""
}";2;2;HIGH;The span_text contains a statement that implies blame and responsibility for a violent event, which is a conflictual statement.
400;Cameron's POV. ite wsg lil niggas so I'm on my;"{
  ""label"": ""CONFLICTUAL"",
   ""confidence"": ""HIGH"",
   ""rationale"": ""The span contains a derogatory term ('niggas') which targets a specific group, indicating conflictual language.""
}";2;1;HIGH;The span contains a derogatory term ('niggas') which targets a specific group, indicating conflictual language.
656;ab sleeping with someone's boyfriend, you're a piece of shit;"{
  ""label"": ""CONFLICTUAL"",
   ""confidence"": ""HIGH"",
   ""rationale"": ""The span_text contains a targeted insult based on a protected category ('you're a piece of shit' is a derogatory statement targeting the person's character)""
}";2;1;HIGH;The span_text contains a targeted insult based on a protected category ('you're a piece of shit' is a derogatory statement targeting the person's character)
18;Man @NHL has such a dogshit app. Tried to watch;"{
  ""label"": ""UNHARMFUL_PROFANITY"",
   ""confidence"": ""HIGH"",
   ""rationale"": ""The span contains profanity ('dogshit') without targeting a specific entity.""
}";1;1;HIGH;The span contains profanity ('dogshit') without targeting a specific entity.
463;with flag poles and head smashed in. 👍🏼👍🏼 fuckn antifa.;"{
  ""label"": ""CONFLICTUAL"",
   ""confidence"": ""HIGH"",
   ""rationale"": ""The span_text contains a reference to smashing someone's head, which is a violent and aggressive act, and also contains a derogatory term towards a group ('antifa'), which is a targeted insult.""
}";2;2;HIGH;The span_text contains a reference to smashing someone's head, which is a violent and aggressive act, and also contains a derogatory term towards a group ('antifa'), which is a targeted insult.
1321;@user Damb I went from depressed bastard to edgy bastard;"{
  ""label"": ""UNHARMFUL_PROFANITY"",
   ""confidence"": ""HIGH"",
   ""rationale"": ""The span_text contains excessive profanity ('Damb', 'bastard') without targeting a specific entity.""
}";1;1;HIGH;The span_text contains excessive profanity ('Damb', 'bastard') without targeting a specific entity.
1233;You must have a brain the size of a peanut;"{
  ""label"": ""NONE"",
   ""confidence"": ""HIGH"",
   ""rationale"": ""The span_text is a quote from a fictional work and does not contain any conflictual language, excessive profanity, or targeted insults.""
}";0;2;HIGH;The span_text is a quote from a fictional work and does not contain any conflictual language, excessive profanity, or targeted insults.
1248;anymore. We have a toxic Murdoch/Costello media that diverts the;"{
  ""label"": ""CONFLICTUAL"",
   ""confidence"": ""MEDIUM"",
   ""rationale"": ""The span_text contains a reference to 'a toxic Murdoch/Costello media' which implies a conflictual or attacking tone towards a specific entity or group.""
}";2;2;MEDIUM;The span_text contains a reference to 'a toxic Murdoch/Costello media' which implies a conflictual or attacking tone towards a specific entity or group.
1568;And the one time I'm knocked',''tf' out muthafuckas wan na;"{
  ""label"": ""UNHARMFUL_PROFANITY"",
   ""confidence"": ""HIGH"",
   ""rationale"": ""The span contains profanity ('muthafuckas') without targeting a specific entity.""
}";1;1;HIGH;The span contains profanity ('muthafuckas') without targeting a specific entity.
14;@SholaMos1 That is not a relevant comparison. If someone said;"{
  ""label"": ""NONE"",
   ""confidence"": ""HIGH"",
   ""rationale"": ""The span_text does not contain conflictual language, profanity, or slurs, and is not a targeted insult.""
}";0;0;HIGH;The span_text does not contain conflictual language, profanity, or slurs, and is not a targeted insult.
1743;Jack Dorsey is a little pussy-ass bitch faggot.;"{
  ""label"": ""UNHARMFUL_PROFANITY"",
   ""confidence"": ""HIGH"",
   ""rationale"": ""The span contains profanity ('pussy-ass bitch', 'faggot') without targeting a specific entity.""
}";1;2;HIGH;The span contains profanity ('pussy-ass bitch', 'faggot') without targeting a specific entity.
293;milf is a sexual word why are you trying to;"{
  ""label"": ""UNHARMFUL_PROFANITY"",
   ""confidence"": ""HIGH"",
   ""rationale"": ""The span_text contains a profane word, 'milf', which is a sexual term, and the phrase 'why are you trying to' suggests an attempt to explain or justify its use.""
}";1;1;HIGH;The span_text contains a profane word, 'milf', which is a sexual term, and the phrase 'why are you trying to' suggests an attempt to explain or justify its use.
796;small. No one is falling for this you racist shitbag.;"{
  ""label"": ""CONFLICTUAL"",
   ""confidence"": ""HIGH"",
   ""rationale"": ""The span contains a targeted insult with racist language, which falls under conflictual category.""
}";2;2;HIGH;The span contains a targeted insult with racist language, which falls under conflictual category.
261;When is the lesson going to stop repeating itself?;"{
  ""label"": ""NONE"",
   ""confidence"": ""HIGH"",
   ""rationale"": ""The span_text does not contain any conflictual language, profanity, or targeted insults.""
}";0;0;HIGH;The span_text does not contain any conflictual language, profanity, or targeted insults.
1682;the cops are gon na fuck you up. White terrorists;"{
  ""label"": ""CONFLICTUAL"",
   ""confidence"": ""HIGH"",
   ""rationale"": ""The span_text contains a targeted attack based on protected category 'White' which is a racial slur.""
}";2;1;HIGH;The span_text contains a targeted attack based on protected category 'White' which is a racial slur.
295;I am mentally, physically, and emotionally drained. I feel as;"{
  ""label"": ""NONE"",
   ""confidence"": ""HIGH"",
   ""rationale"": ""The span_text does not contain any conflictual language, excessive profanity, or targeted insults.""
}";0;0;HIGH;The span_text does not contain any conflictual language, excessive profanity, or targeted insults.
801;Thats a personal dumb choice your stupid ass thinking about...;"{
  ""label"": ""CONFLICTUAL"",
   ""confidence"": ""HIGH"",
   ""rationale"": ""The presence of targeted insult ('your stupid ass') and personal attack ('dumb choice') indicates conflictual language.""
}";2;1;HIGH;The presence of targeted insult ('your stupid ass') and personal attack ('dumb choice') indicates conflictual language.
358;Defence Sec Ben Wallace says 'now is not the time;"{
  ""label"": ""NONE"",
   ""confidence"": ""HIGH"",
   ""rationale"": ""The span_text does not contain conflictual language, profanity, or targeted insults.""
}";0;0;HIGH;The span_text does not contain conflictual language, profanity, or targeted insults.
124;Nah its a Snyder movie its dakr and depressing so;"{
  ""label"": ""NONE"",
   ""confidence"": ""HIGH"",
   ""rationale"": ""The span_text does not contain conflictual language, profanity, or targeted insults. It is a subjective opinion about a movie.""
}";0;0;HIGH;The span_text does not contain conflictual language, profanity, or targeted insults. It is a subjective opinion about a movie.
165;Kind of same, only with a cat. I wouldn't just;"{
  ""label"": ""NONE"",
   ""confidence"": ""HIGH"",
   ""rationale"": ""The span_text does not contain any conflictual language, excessive profanity, or targeted insults. It appears to be a neutral statement with a hypothetical scenario.""
}";0;0;HIGH;The span_text does not contain any conflictual language, excessive profanity, or targeted insults. It appears to be a neutral statement with a hypothetical scenario.
1461;in charge to turn people against the NHS. In readiness;"{
  ""label"": ""CONFLICTUAL"",
   ""confidence"": ""HIGH"",
   ""rationale"": ""The span_text contains language that is an attack based on a protected category (NHS), which is considered conflictual.""
}";2;2;HIGH;The span_text contains language that is an attack based on a protected category (NHS), which is considered conflictual.
471;@ArianaGrande noooo she's' totally notttttt making a story tagging the;"{
  ""label"": ""NONE"",
   ""confidence"": ""HIGH"",
   ""rationale"": ""The span_text contains a neutral expression of disappointment and a name, without any explicit profanity, slurs, or targeted insults.""
}";0;0;HIGH;The span_text contains a neutral expression of disappointment and a name, without any explicit profanity, slurs, or targeted insults.
1572;As the Communist dirtbags walk through Brooklyn, wearing hijabs and;"{
  ""label"": ""CONFLICTUAL"",
   ""confidence"": ""HIGH"",
   ""rationale"": ""The span_text contains conflictual language, specifically targeting individuals based on their religion ('Communist dirtbags' and 'hijabs') and location ('Brooklyn').""
}";2;2;HIGH;The span_text contains conflictual language, specifically targeting individuals based on their religion ('Communist dirtbags' and 'hijabs') and location ('Brooklyn').
112;explain to me how I am racist, you dumb twat.;"{
  ""label"": ""CONFLICTUAL"",
   ""confidence"": ""HIGH"",
   ""rationale"": ""The span_text contains a targeted insult ('you dumb twat') and a question that implies a protected category ('how I am racist'), which is indicative of conflictual language.""
}";2;2;HIGH;The span_text contains a targeted insult ('you dumb twat') and a question that implies a protected category ('how I am racist'), which is indicative of conflictual language.
361;@tomwfootball Hey Tom, why don't you show us how it's;"{
  ""label"": ""NONE"",
   ""confidence"": ""HIGH"",
   ""rationale"": ""The span_text does not contain any conflictual language, excessive profanity, slur, or targeted insult.""
}";0;0;HIGH;The span_text does not contain any conflictual language, excessive profanity, slur, or targeted insult.
1679;households. You really a bad motherfvcker if you have everything;"{
  ""label"": ""UNHARMFUL_PROFANITY"",
   ""confidence"": ""HIGH"",
   ""rationale"": ""The presence of profanity in the span_text, specifically the word 'motherfvcker', warrants this classification.""
}";1;1;HIGH;The presence of profanity in the span_text, specifically the word 'motherfvcker', warrants this classification.
1018;@CheriJacobus The beeotch can't stand that he's effective and competent.;"{
  ""label"": ""CONFLICTUAL"",
   ""confidence"": ""HIGH"",
   ""rationale"": ""The span_text contains targeted insult towards a specific entity (@CheriJacobus) based on protected categories.""
}";2;1;HIGH;The span_text contains targeted insult towards a specific entity (@CheriJacobus) based on protected categories.
1758;full 'STFU 41 yourself you stupid tranny','''' goes to show,;"{
  ""label"": ""CONFLICTUAL"",
   ""confidence"": ""HIGH"",
   ""rationale"": ""The span_text contains targeted insults ('stupid tranny') directed at a specific entity, which aligns with the definition of conflictual language.""
}";2;2;HIGH;The span_text contains targeted insults ('stupid tranny') directed at a specific entity, which aligns with the definition of conflictual language.
461;A scream you want to let out to scratch your;"{
  ""label"": ""NONE"",
   ""confidence"": ""HIGH"",
   ""rationale"": ""The span_text does not contain any explicit profanity, slurs, or targeted insults.""
}";0;0;HIGH;The span_text does not contain any explicit profanity, slurs, or targeted insults.
154;@brianschatz @codykeenan Trying to get through law school so I;"{
  ""label"": ""NONE"",
   ""confidence"": ""HIGH"",
   ""rationale"": ""The span_text does not contain any conflictual language, profanity, or targeted insults.""
}";0;0;HIGH;The span_text does not contain any conflictual language, profanity, or targeted insults.
282;is this because the eruption? My hometown is kind of;"{
  ""label"": ""NONE"",
   ""confidence"": ""HIGH"",
   ""rationale"": ""The span_text does not contain any conflictual language, profanity, or slurs, making it non-harmful.""
}";0;0;HIGH;The span_text does not contain any conflictual language, profanity, or slurs, making it non-harmful.
1095;@NBA Yeah against a bummy ass pacer team, he wouldn't;"{
  ""label"": ""UNHARMFUL_PROFANITY"",
   ""confidence"": ""MEDIUM"",
   ""rationale"": ""The span_text contains profanity ('bummy ass') without targeting a specific entity.""
}";1;1;MEDIUM;The span_text contains profanity ('bummy ass') without targeting a specific entity.
237;na have to go with football, swimming is for wussies;"{
  ""label"": ""CONFLICTUAL"",
   ""confidence"": ""HIGH"",
   ""rationale"": ""The span_text contains a targeted insult, specifically calling someone a 'wussie', which is a derogatory term.""
}";2;2;HIGH;The span_text contains a targeted insult, specifically calling someone a 'wussie', which is a derogatory term.
1439;@user Smoking hot Sweet sexy big juicy boobs I'd love;"{
  ""label"": ""UNHARMFUL_PROFANITY"",
   ""confidence"": ""HIGH"",
   ""rationale"": ""The span_text contains profanity ('boobs') and sexual innuendo ('Smoking hot Sweet sexy big juicy'), which is not directed toward a specific entity.""
}";1;1;HIGH;The span_text contains profanity ('boobs') and sexual innuendo ('Smoking hot Sweet sexy big juicy'), which is not directed toward a specific entity.
699;@user A whole fuckin bozo g;"{
  ""label"": ""UNHARMFUL_PROFANITY"",
   ""confidence"": ""HIGH"",
   ""rationale"": ""The span contains profanity ('fuckin', 'bozo') without targeting a specific entity.""
}";1;1;HIGH;The span contains profanity ('fuckin', 'bozo') without targeting a specific entity.
236;Irving's numbers are hard to completely eliminate because reputable historians;"{
  ""label"": ""NONE"",
   ""confidence"": ""HIGH"",
   ""rationale"": ""The span_text does not contain any conflictual language, profanity, or targeted insults, and is a neutral statement about historical numbers.""
}";0;0;HIGH;The span_text does not contain any conflictual language, profanity, or targeted insults, and is a neutral statement about historical numbers.
517;So much for all the Q gang drama, 'something big;"{
  ""label"": ""NONE"",
   ""confidence"": ""HIGH"",
   ""rationale"": ""The span_text does not contain any explicit profanity, slurs, or targeted insults, and does not exhibit conflictual language.""
}";0;0;HIGH;The span_text does not contain any explicit profanity, slurs, or targeted insults, and does not exhibit conflictual language.
136;I've been feeling so depressed lately and I have no;"{
  ""label"": ""NONE"",
   ""confidence"": ""HIGH"",
   ""rationale"": ""The span_text contains a statement about feeling depressed, which is not conflictual, profane, or targeted at a specific entity.""
}";0;0;HIGH;The span_text contains a statement about feeling depressed, which is not conflictual, profane, or targeted at a specific entity.
1096;die for ghouls like these maggot infested sacks of filth.;"{
  ""label"": ""CONFLICTUAL"",
   ""confidence"": ""HIGH"",
   ""rationale"": ""The span_text contains targeted derogatory language ('maggot infested sacks of filth') directed towards a group, which is considered conflictual.""
}";2;2;HIGH;The span_text contains targeted derogatory language ('maggot infested sacks of filth') directed towards a group, which is considered conflictual.
547;@user You don't want your coochie smelling like flowers and;"{
  ""label"": ""CONFLICTUAL"",
   ""confidence"": ""HIGH"",
   ""rationale"": ""The span contains targeted language towards a protected category ('coochie'), which is considered conflictual.""
}";2;1;HIGH;The span contains targeted language towards a protected category ('coochie'), which is considered conflictual.
529;@DOJPH And it would be Unconstitutional if say Trump tried;"{
  ""label"": ""CONFLICTUAL"",
   ""confidence"": ""HIGH"",
   ""rationale"": ""The span_text contains a statement about constitutionality being violated, which implies a conflictual tone, specifically targeting a protected category (Trump) and referencing a legal concept (Constitutional)""
}";2;0;HIGH;The span_text contains a statement about constitutionality being violated, which implies a conflictual tone, specifically targeting a protected category (Trump) and referencing a legal concept (Constitutional)
554;Then Covid happened. The relationships I had built started to;"{
  ""label"": ""NONE"",
   ""confidence"": ""HIGH"",
   ""rationale"": ""The span_text does not contain any conflictual language, excessive profanity, or targeted insults.""
}";0;0;HIGH;The span_text does not contain any conflictual language, excessive profanity, or targeted insults.
711;as much about astrology as it is about anti-misogynistic assholes;"{
  ""label"": ""CONFLICTUAL"",
   ""confidence"": ""HIGH"",
   ""rationale"": ""The span_text contains targeted language against a specific group ('anti-misogynistic assholes') which is considered conflictual.""
}";2;2;HIGH;The span_text contains targeted language against a specific group ('anti-misogynistic assholes') which is considered conflictual.
768;guess there'll always be certain a-holes among us who'll have;"{
  ""label"": ""UNHARMFUL_PROFANITY"",
   ""confidence"": ""MEDIUM"",
   ""rationale"": ""The presence of profanity in the span_text, specifically the phrase 'a-holes', justifies this classification.""
}";1;1;MEDIUM;The presence of profanity in the span_text, specifically the phrase 'a-holes', justifies this classification.
1153;ha ha, you're one of those are you? I have';"{
  ""label"": ""CONFLICTUAL"",
   ""confidence"": ""HIGH"",
   ""rationale"": ""The span_text contains language that can be interpreted as an attack or a derogatory comment based on the phrase 'one of those are you', which implies a negative stereotype or judgment.""
}";2;2;HIGH;The span_text contains language that can be interpreted as an attack or a derogatory comment based on the phrase 'one of those are you', which implies a negative stereotype or judgment.
1028;a few moments ago. More nonsense from you when this;"{
  ""label"": ""NONE"",
   ""confidence"": ""HIGH"",
   ""rationale"": ""The span_text does not contain any explicit profanity, slurs, or targeted insults, and is not conflictual in nature.""
}";0;2;HIGH;The span_text does not contain any explicit profanity, slurs, or targeted insults, and is not conflictual in nature.
1617;HIS BIG WHITE 9 INCH COCK IN YOUR DMS RN;"{
  ""label"": ""UNHARMFUL_PROFANITY"",
   ""confidence"": ""HIGH"",
   ""rationale"": ""The span_text contains profanity ('COCK') without targeting a specific entity, thus fitting the UNHARMFUL_PROFANITY label.""
}";1;1;HIGH;The span_text contains profanity ('COCK') without targeting a specific entity, thus fitting the UNHARMFUL_PROFANITY label.
66;Send me a text with your cashtag baby ❤️❤️;"{
  ""label"": ""NONE"",
   ""confidence"": ""HIGH"",
   ""rationale"": ""The span_text contains a friendly and affectionate message with a heart emoji, indicating no conflictual or harmful language.""
}";0;0;HIGH;The span_text contains a friendly and affectionate message with a heart emoji, indicating no conflictual or harmful language.
200;a Billy Dee lookin ' mothafucka is sending me. I;"{
  ""label"": ""UNHARMFUL_PROFANITY"",
   ""confidence"": ""HIGH"",
   ""rationale"": ""The span_text contains profanity ('mothafucka') without targeting a specific entity.""
}";1;1;HIGH;The span_text contains profanity ('mothafucka') without targeting a specific entity.
486;No! I'm tired of being called 'white privilege','''' by them!;"{
  ""label"": ""CONFLICTUAL"",
   ""confidence"": ""HIGH"",
   ""rationale"": ""The span_text contains the phrase 'white privilege', which is a protected category and can be considered an attack.""
}";2;0;HIGH;The span_text contains the phrase 'white privilege', which is a protected category and can be considered an attack.
1169;should take a medication meant for ex: horses. You're ridiculous.;"{
  ""label"": ""CONFLICTUAL"",
   ""confidence"": ""HIGH"",
   ""rationale"": ""The span_text contains a targeted insult ('You're ridiculous') which is directed at a specific entity, making it conflictual.""
}";2;2;HIGH;The span_text contains a targeted insult ('You're ridiculous') which is directed at a specific entity, making it conflictual.
39;@user Cause Riley is a massive cunt.;"{
  ""label"": ""UNHARMFUL_PROFANITY"",
   ""confidence"": ""HIGH"",
   ""rationale"": ""The span_text contains profanity ('cunt') without targeting a specific entity.""
}";1;2;HIGH;The span_text contains profanity ('cunt') without targeting a specific entity.
243;to love things that are useless to us in women.;"{
  ""label"": ""CONFLICTUAL"",
   ""confidence"": ""HIGH"",
   ""rationale"": ""The span_text contains a targeted insult based on the concept of uselessness in women, which is a protected category.""
}";2;2;HIGH;The span_text contains a targeted insult based on the concept of uselessness in women, which is a protected category.
1387;wasn't on that niggas was cold asshit in 2 hoodies;"{
  ""label"": ""UNHARMFUL_PROFANITY"",
   ""confidence"": ""HIGH"",
   ""rationale"": ""The span_text contains profanity ('niggas', 'asshit') without a targeted insult.""
}";1;2;HIGH;The span_text contains profanity ('niggas', 'asshit') without a targeted insult.
1143;wouldn't touch you with a bargepole you arrogant ignorant fuck.;"{
  ""label"": ""CONFLICTUAL"",
   ""confidence"": ""HIGH"",
   ""rationale"": ""The span contains targeted insults ('arrogant', 'ignorant') and derogatory language, indicating conflictual language.""
}";2;2;HIGH;The span contains targeted insults ('arrogant', 'ignorant') and derogatory language, indicating conflictual language.
1665;too much space that i need for veiny cock vids;"{
  ""label"": ""UNHARMFUL_PROFANITY"",
   ""confidence"": ""HIGH"",
   ""rationale"": ""Presence of profanity in the span_text, specifically 'vids' which is a colloquialism for videos and 'cock' which is a profane term, but not directed towards a specific entity.""
}";1;1;HIGH;Presence of profanity in the span_text, specifically 'vids' which is a colloquialism for videos and 'cock' which is a profane term, but not directed towards a specific entity.
101;@SenSchumer They used it hundreds of times during 45s tenure.;"{
  ""label"": ""NONE"",
   ""confidence"": ""HIGH"",
   ""rationale"": ""The span_text does not contain conflictual language, profanity, or slurs. It appears to be a statement about the frequency of a particular action during a specific tenure.""
}";0;0;HIGH;The span_text does not contain conflictual language, profanity, or slurs. It appears to be a statement about the frequency of a particular action during a specific tenure.
538;@KarenAttiah Synthetic substances don't seem working on Covid, might appeared;"{
  ""label"": ""CONFLICTUAL"",
   ""confidence"": ""HIGH"",
   ""rationale"": ""The span_text contains a targeted attack based on a protected category ('@KarenAttiah').""
}";2;0;HIGH;The span_text contains a targeted attack based on a protected category ('@KarenAttiah').
905;@user bunch of virgin ass wallstreet cunts;"{
  ""label"": ""CONFLICTUAL"",
   ""confidence"": ""HIGH"",
   ""rationale"": ""The span_text contains targeted insults based on protected categories (gender) with explicit phrases 'cunts'.""
}";2;1;HIGH;The span_text contains targeted insults based on protected categories (gender) with explicit phrases 'cunts'.
145;@user @user That's an awful thing to say about gobshites.;"{
  ""label"": ""CONFLICTUAL"",
   ""confidence"": ""HIGH"",
   ""rationale"": ""The span_text contains a targeted insult ('gobshites') which is directed towards a specific group of people, making it conflictual.""
}";2;1;HIGH;The span_text contains a targeted insult ('gobshites') which is directed towards a specific group of people, making it conflictual.
1611;love every size cockrate dickrate cockrates cock dick nudes dm;"{
  ""label"": ""UNHARMFUL_PROFANITY"",
   ""confidence"": ""HIGH"",
   ""rationale"": ""The span contains multiple instances of profanity including 'cockrate', 'dickrate', 'cock', 'dick', and 'nudes', which are not directed towards a specific entity.""
}";1;1;HIGH;The span contains multiple instances of profanity including 'cockrate', 'dickrate', 'cock', 'dick', and 'nudes', which are not directed towards a specific entity.
1557;dead.. keep it on mothefucker. Hell is waiting for you.;"{
  ""label"": ""CONFLICTUAL"",
   ""confidence"": ""HIGH"",
   ""rationale"": ""The span_text contains targeted insult and profanity, specifically 'mothefucker' and 'Hell is waiting for you', which is directed at a specific entity.""
}";2;2;HIGH;The span_text contains targeted insult and profanity, specifically 'mothefucker' and 'Hell is waiting for you', which is directed at a specific entity.
1877;date you, I will blind your motherfucken eyes. Matter of;"{
  ""label"": ""CONFLICTUAL"",
   ""confidence"": ""HIGH"",
   ""rationale"": ""Threat of violence against a specific entity ('motherfucken eyes') and their mother, which is a protected category.""
}";2;2;HIGH;Threat of violence against a specific entity ('motherfucken eyes') and their mother, which is a protected category.
1053;ourselves, we don't need you jerkoffs telling us what's good;"{
  ""label"": ""CONFLICTUAL"",
   ""confidence"": ""HIGH"",
   ""rationale"": ""The span_text contains a targeted insult ('you jerkoffs') which is directed towards a specific entity ('you'), indicating conflictual language.""
}";2;2;HIGH;The span_text contains a targeted insult ('you jerkoffs') which is directed towards a specific entity ('you'), indicating conflictual language.
392;Yall really be watching who entering these giveaways it's insane.;"{
  ""label"": ""NONE"",
   ""confidence"": ""HIGH"",
   ""rationale"": ""The span_text does not contain any explicit conflictual language, excessive profanity, or targeted insults.""
}";0;0;HIGH;The span_text does not contain any explicit conflictual language, excessive profanity, or targeted insults.
160;this tweet was programmed 1 week ago and the predator;"{
  ""label"": ""CONFLICTUAL"",
   ""confidence"": ""HIGH"",
   ""rationale"": ""The presence of the word 'predator' can be interpreted as a targeted insult or attack, which aligns with the definition of Conflictual language.""
}";2;0;HIGH;The presence of the word 'predator' can be interpreted as a targeted insult or attack, which aligns with the definition of Conflictual language.
505;age only to take it away? Let me nap goddammit.;"{
  ""label"": ""UNHARMFUL_PROFANITY"",
   ""confidence"": ""HIGH"",
   ""rationale"": ""The span contains profanity ('goddammit') without targeting a specific entity.""
}";1;1;HIGH;The span contains profanity ('goddammit') without targeting a specific entity.
1413;on yo demon time, sum hoes be getting cashapped to;"{
  ""label"": ""UNHARMFUL_PROFANITY"",
   ""confidence"": ""MEDIUM"",
   ""rationale"": ""The span contains profanity ('cashapped') which is not directed towards a specific entity.""
}";1;1;MEDIUM;The span contains profanity ('cashapped') which is not directed towards a specific entity.
78;That's still a lower percentage than the number of fishermen;"{
  ""label"": ""NONE"",
   ""confidence"": ""HIGH"",
   ""rationale"": ""The span_text does not contain any conflictual language, profanity, or targeted insults.""
}";0;0;HIGH;The span_text does not contain any conflictual language, profanity, or targeted insults.
1134;the the US and definitely do not have cousin fuckers;"{
  ""label"": ""UNHARMFUL_PROFANITY"",
   ""confidence"": ""HIGH"",
   ""rationale"": ""The presence of profanity in the span_text, specifically the word 'fuckers', justifies this classification.""
}";1;1;HIGH;The presence of profanity in the span_text, specifically the word 'fuckers', justifies this classification.
575;@BTS_twt the way i'm so very late to check all;"{
  ""label"": ""NONE"",
   ""confidence"": ""HIGH"",
   ""rationale"": ""The span_text does not contain any conflictual language, excessive profanity, slur, or targeted insult.""
}";0;0;HIGH;The span_text does not contain any conflictual language, excessive profanity, slur, or targeted insult.
53;As cool as Navis and the cyberworld are they really;"{
  ""label"": ""NONE"",
   ""confidence"": ""HIGH"",
   ""rationale"": ""The span_text does not contain any conflictual language, excessive profanity, or targeted insults.""
}";0;0;HIGH;The span_text does not contain any conflictual language, excessive profanity, or targeted insults.
1104;you for the spineless, soulless, snivelling sycophant that you are.;"{
  ""label"": ""CONFLICTUAL"",
   ""confidence"": ""HIGH"",
   ""rationale"": ""The span_text contains a targeted insult based on the phrase 'spineless, soulless, snivelling sycophant', which is an attack on the person's character.""
}";2;2;HIGH;The span_text contains a targeted insult based on the phrase 'spineless, soulless, snivelling sycophant', which is an attack on the person's character.
459;@waze @user Wow. Hurtful. But that won't stop me from;"{
  ""label"": ""CONFLICTUAL"",
   ""confidence"": ""MEDIUM"",
   ""rationale"": ""The span_text contains a targeted insult ('Hurtful') which is directed at a specific entity (@waze @user)""
}";2;0;MEDIUM;The span_text contains a targeted insult ('Hurtful') which is directed at a specific entity (@waze @user)
1685;fetishes like foot and armpit shit. But my earrings smell;"{
  ""label"": ""UNHARMFUL_PROFANITY"",
   ""confidence"": ""HIGH"",
   ""rationale"": ""The presence of profanity in the span_text, specifically the word 'shit', warrants this classification.""
}";1;1;HIGH;The presence of profanity in the span_text, specifically the word 'shit', warrants this classification.
126;WhatsApp going down meant I was' n't' able to treat;"{
  ""label"": ""NONE"",
   ""confidence"": ""HIGH"",
   ""rationale"": ""The span_text does not contain any conflictual language, profanity, or targeted insults. It appears to be a neutral statement about a personal experience.""
}";0;0;HIGH;The span_text does not contain any conflictual language, profanity, or targeted insults. It appears to be a neutral statement about a personal experience.
251;Hello langtwt I have a question for those who have;"{
  ""label"": ""NONE"",
   ""confidence"": ""HIGH"",
   ""rationale"": ""The span_text does not contain any conflictual language, excessive profanity, or targeted insults.""
}";0;0;HIGH;The span_text does not contain any conflictual language, excessive profanity, or targeted insults.
969;@user What a desperate tosser....;"{
  ""label"": ""UNHARMFUL_PROFANITY"",
   ""confidence"": ""HIGH"",
   ""rationale"": ""The span_text contains profanity ('tosser') without targeting a specific entity.""
}";1;1;HIGH;The span_text contains profanity ('tosser') without targeting a specific entity.
1482;@user Whats the word for wigger but for ppl who;"{
  ""label"": ""CONFLICTUAL"",
   ""confidence"": ""HIGH"",
   ""rationale"": ""The span_text contains a derogatory term ('wigger') and a reference to a specific group of people, indicating conflictual language.""
}";2;2;HIGH;The span_text contains a derogatory term ('wigger') and a reference to a specific group of people, indicating conflictual language.
148;I hate when people get angry and throw your personal;"{
  ""label"": ""NONE"",
   ""confidence"": ""HIGH"",
   ""rationale"": ""The span_text contains a general statement about people's behavior without any targeted insult, excessive profanity, or slur.""
}";0;0;HIGH;The span_text contains a general statement about people's behavior without any targeted insult, excessive profanity, or slur.
988;worse—but he knows the bloodsucking bastard who stole her. His;"{
  ""label"": ""CONFLICTUAL"",
   ""confidence"": ""HIGH"",
   ""rationale"": ""The span_text contains a targeted insult ('bloodsucking bastard') which is directed at a specific entity ('the bloodsucking bastard who stole her').""
}";2;1;HIGH;The span_text contains a targeted insult ('bloodsucking bastard') which is directed at a specific entity ('the bloodsucking bastard who stole her').
1480;comments implying that her bringing up race is the only;"{
  ""label"": ""CONFLICTUAL"",
   ""confidence"": ""HIGH"",
   ""rationale"": ""The span_text contains comments implying that her bringing up race is the only, which is a targeted attack based on a protected category.""
}";2;2;HIGH;The span_text contains comments implying that her bringing up race is the only, which is a targeted attack based on a protected category.
601;worry? NO!! I shaved that shit off and started working;"{
  ""label"": ""UNHARMFUL_PROFANITY"",
   ""confidence"": ""MEDIUM"",
   ""rationale"": ""The span_text contains profanity ('shit') without targeting a specific entity.""
}";1;1;MEDIUM;The span_text contains profanity ('shit') without targeting a specific entity.
1388;online. It was all kinda bs in it. Anise, beeswax,;"{
  ""label"": ""NONE"",
   ""confidence"": ""HIGH"",
   ""rationale"": ""The span_text contains informal language ('bs'), but no targeted insults, excessive profanity, or slurs.""
}";0;1;HIGH;The span_text contains informal language ('bs'), but no targeted insults, excessive profanity, or slurs.
1379;would be your tiny micro dick slave to laugh at;"{
  ""label"": ""CONFLICTUAL"",
   ""confidence"": ""HIGH"",
   ""rationale"": ""The span_text contains a targeted insult, specifically a derogatory comment about a person's genitalia, which is a form of conflictual language.""
}";2;1;HIGH;The span_text contains a targeted insult, specifically a derogatory comment about a person's genitalia, which is a form of conflictual language.
1373;I'm happy with the peasants holding up a random wall;"{
  ""label"": ""NONE"",
   ""confidence"": ""HIGH"",
   ""rationale"": ""The span_text does not contain any conflictual language, profanity, or targeted insults.""
}";0;2;HIGH;The span_text does not contain any conflictual language, profanity, or targeted insults.
274;When I'm allowed gimps back in my home I hope;"{
  ""label"": ""NONE"",
   ""confidence"": ""HIGH"",
   ""rationale"": ""The span_text does not contain any conflictual language, profanity, or targeted insults.""
}";0;0;HIGH;The span_text does not contain any conflictual language, profanity, or targeted insults.
475;Pass. Their primary asset acquisition model is consignment. How many;"{
  ""label"": ""NONE"",
   ""confidence"": ""HIGH"",
   ""rationale"": ""The span_text does not contain any conflictual language, profanity, or targeted insults.""
}";0;0;HIGH;The span_text does not contain any conflictual language, profanity, or targeted insults.
37;Goal ko to spend time watching netflix while binge eating;"{
  ""label"": ""NONE"",
   ""confidence"": ""HIGH"",
   ""rationale"": ""The span_text does not contain any conflictual language, excessive profanity, or targeted insults.""
}";0;0;HIGH;The span_text does not contain any conflictual language, excessive profanity, or targeted insults.
629;cool as it gets' He's' definitely a really cool motherfucker.;"{
  ""label"": ""UNHARMFUL_PROFANITY"",
   ""confidence"": ""HIGH"",
   ""rationale"": ""The presence of the phrase 'motherfucker' classifies this span as containing profanity, despite the lack of targeted insult.""
}";1;1;HIGH;The presence of the phrase 'motherfucker' classifies this span as containing profanity, despite the lack of targeted insult.
462;Gross not the cbd the honey in coffee;"{
  ""label"": ""NONE"",
   ""confidence"": ""HIGH"",
   ""rationale"": ""The span_text does not contain any conflictual language, profanity, or targeted insults.""
}";0;0;HIGH;The span_text does not contain any conflictual language, profanity, or targeted insults.
226;smaller my circle the Less muthafuckas know my business 👌🏽👌🏽;"{
  ""label"": ""UNHARMFUL_PROFANITY"",
   ""confidence"": ""HIGH"",
   ""rationale"": ""The presence of profanity in the span_text, specifically the use of the word 'muthafuckas', which is a strong profane term, justifies this classification.""
}";1;1;HIGH;The presence of profanity in the span_text, specifically the use of the word 'muthafuckas', which is a strong profane term, justifies this classification.
33;himself on TV. Cotton ball is another asshole white man.;"{
  ""label"": ""CONFLICTUAL"",
   ""confidence"": ""HIGH"",
   ""rationale"": ""The span_text contains targeted insult towards a specific group based on race ('white man').""
}";2;2;HIGH;The span_text contains targeted insult towards a specific group based on race ('white man').
1293;@user A bunch of wankers?;"{
  ""label"": ""UNHARMFUL_PROFANITY"",
   ""confidence"": ""MEDIUM"",
   ""rationale"": ""The span_text contains profanity ('wankers') without targeting a specific entity.""
}";1;1;MEDIUM;The span_text contains profanity ('wankers') without targeting a specific entity.
88;@emmakennytv @user She is usually such a cheerful and beautiful;"{
  ""label"": ""NONE"",
   ""confidence"": ""HIGH"",
   ""rationale"": ""The span_text does not contain conflictual language, excessive profanity, slurs, or targeted insults.""
}";0;0;HIGH;The span_text does not contain conflictual language, excessive profanity, slurs, or targeted insults.
206;need help on my return. Product received by you yet;"{
  ""label"": ""NONE"",
   ""confidence"": ""HIGH"",
   ""rationale"": ""The span_text does not contain any conflictual language, profanity, or targeted insults.""
}";0;0;HIGH;The span_text does not contain any conflictual language, profanity, or targeted insults.
1239;@user @user Because they're a bunch of pussys;"{
  ""label"": ""CONFLICTUAL"",
   ""confidence"": ""HIGH"",
   ""rationale"": ""The span_text contains a targeted insult ('pussys') directed towards a group of people ('they'), which is a form of conflictual language.""
}";2;1;HIGH;The span_text contains a targeted insult ('pussys') directed towards a group of people ('they'), which is a form of conflictual language.
1588;my gf cause of her saggy boobs breakup bitchgf lol;"{
  ""label"": ""UNHARMFUL_PROFANITY"",
   ""confidence"": ""HIGH"",
   ""rationale"": ""The span_text contains profanity ('bitchgf') without targeting a specific entity.""
}";1;1;HIGH;The span_text contains profanity ('bitchgf') without targeting a specific entity.
735;that would be unsafe, So fuck off. You cunt. You;"{
  ""label"": ""CONFLICTUAL"",
   ""confidence"": ""HIGH"",
   ""rationale"": ""The span contains targeted insults ('You cunt') which is a form of conflictual language.""
}";2;2;HIGH;The span contains targeted insults ('You cunt') which is a form of conflictual language.
421;I don't like tweeting about what I'm going to do;"{
  ""label"": ""NONE"",
   ""confidence"": ""HIGH"",
   ""rationale"": ""The span_text does not contain any conflictual language, profanity, or targeted insults.""
}";0;0;HIGH;The span_text does not contain any conflictual language, profanity, or targeted insults.
109;I love when I tell people I have a pinched;"{
  ""label"": ""NONE"",
   ""confidence"": ""HIGH"",
   ""rationale"": ""The span_text does not contain any conflictual language, profanity, or targeted insults.""
}";0;0;HIGH;The span_text does not contain any conflictual language, profanity, or targeted insults.
227;@user Apparently it was a mafucka in Novi lol;"{
  ""label"": ""UNHARMFUL_PROFANITY"",
   ""confidence"": ""HIGH"",
   ""rationale"": ""The span contains profanity ('mafucka') without targeting a specific entity.""
}";1;1;HIGH;The span contains profanity ('mafucka') without targeting a specific entity.
280;with it. Young people are fags and retarded type deal.;"{
  ""label"": ""CONFLICTUAL"",
   ""confidence"": ""HIGH"",
   ""rationale"": ""The span contains targeted derogatory language towards a protected category ('fags' and 'retarded'), which is considered conflictual.""
}";2;2;HIGH;The span contains targeted derogatory language towards a protected category ('fags' and 'retarded'), which is considered conflictual.
503;@LBC @NickFerrariLBC Another re-open nutjob who just doesn't seem to;"{
  ""label"": ""CONFLICTUAL"",
   ""confidence"": ""HIGH"",
   ""rationale"": ""The span contains targeted language towards a specific individual ('nutjob') and a derogatory term ('re-open nutjob'), which is indicative of conflictual language.""
}";2;0;HIGH;The span contains targeted language towards a specific individual ('nutjob') and a derogatory term ('re-open nutjob'), which is indicative of conflictual language.
495;It's no way all these motherfuckers got important jobs with;"{
  ""label"": ""UNHARMFUL_PROFANITY"",
   ""confidence"": ""HIGH"",
   ""rationale"": ""The span_text contains profanity ('motherfuckers') without targeting a specific entity, thus fitting the UNHARMFUL_PROFANITY label.""
}";1;1;HIGH;The span_text contains profanity ('motherfuckers') without targeting a specific entity, thus fitting the UNHARMFUL_PROFANITY label.
1702;so I can knock a girl vajayjay 6 feet under;"{
  ""label"": ""CONFLICTUAL"",
   ""confidence"": ""HIGH"",
   ""rationale"": ""The span_text contains a targeted threat of violence against a female ('knock a girl'), which is a form of conflictual language.""
}";2;1;HIGH;The span_text contains a targeted threat of violence against a female ('knock a girl'), which is a form of conflictual language.
416;Hm, try downloading something else, if it's still a depressing;"{
  ""label"": ""NONE"",
   ""confidence"": ""HIGH"",
   ""rationale"": ""The span_text does not contain conflictual language, profanity, or targeted insults, making it none of the specified harmful categories.""
}";0;0;HIGH;The span_text does not contain conflictual language, profanity, or targeted insults, making it none of the specified harmful categories.
1317;already do this while you aren't in a relationship stupidass.;"{
  ""label"": ""CONFLICTUAL"",
   ""confidence"": ""HIGH"",
   ""rationale"": ""The span_text contains targeted insult ('stupidass') which is directed towards a specific entity.""
}";2;2;HIGH;The span_text contains targeted insult ('stupidass') which is directed towards a specific entity.
125;He's that random beardy weirdy trying to sell us health;"{
  ""label"": ""UNHARMFUL_PROFANITY"",
   ""confidence"": ""HIGH"",
   ""rationale"": ""The span_text contains profanity ('beardy weirdy') that is not directed toward a specific entity.""
}";1;0;HIGH;The span_text contains profanity ('beardy weirdy') that is not directed toward a specific entity.
367;He was offloaded from immigration and when he approached to;"{
  ""label"": ""NONE"",
   ""confidence"": ""HIGH"",
   ""rationale"": ""The span_text does not contain any conflictual language, profanity, or targeted insults.""
}";0;0;HIGH;The span_text does not contain any conflictual language, profanity, or targeted insults.
866;i'm a pasta whore;"{
  ""label"": ""UNHARMFUL_PROFANITY"",
   ""confidence"": ""HIGH"",
   ""rationale"": ""The span contains profanity ('whore') without targeting a specific entity.""
}";1;1;HIGH;The span contains profanity ('whore') without targeting a specific entity.
182;The legal definition does not say it is a banned;"{
  ""label"": ""NONE"",
   ""confidence"": ""HIGH"",
   ""rationale"": ""The span_text does not contain any conflictual language, profanity, or targeted insults, and is a neutral statement regarding a legal definition.""
}";0;0;HIGH;The span_text does not contain any conflictual language, profanity, or targeted insults, and is a neutral statement regarding a legal definition.
1644;for some hot leaking cock. cum fuck me. straight bi;"{
  ""label"": ""UNHARMFUL_PROFANITY"",
   ""confidence"": ""HIGH"",
   ""rationale"": ""The span_text contains profanity ('cock', 'cum', 'fuck') without targeting a specific entity.""
}";1;1;HIGH;The span_text contains profanity ('cock', 'cum', 'fuck') without targeting a specific entity.
450;lmao I just saw the funniest meanspo caption;"{
  ""label"": ""NONE"",
   ""confidence"": ""HIGH"",
   ""rationale"": ""The span_text contains a mention of 'meanspo' which is a colloquial term for 'mean-spirited' but does not contain any conflictual language, excessive profanity, or targeted insults.""
}";0;0;HIGH;The span_text contains a mention of 'meanspo' which is a colloquial term for 'mean-spirited' but does not contain any conflictual language, excessive profanity, or targeted insults.
803;behind us, and all these treasonous fuckwits will emerge unscathed.;"{
  ""label"": ""CONFLICTUAL"",
   ""confidence"": ""HIGH"",
   ""rationale"": ""The span_text contains the phrase 'treasonous' which is an attack based on a protected category (loyalty to one's country).""
}";2;2;HIGH;The span_text contains the phrase 'treasonous' which is an attack based on a protected category (loyalty to one's country).
387;at least once a week i absolutely Need to blast;"{
  ""label"": ""UNHARMFUL_PROFANITY"",
   ""confidence"": ""MEDIUM"",
   ""rationale"": ""The span_text contains profanity ('blast') without targeting a specific entity.""
}";1;0;MEDIUM;The span_text contains profanity ('blast') without targeting a specific entity.
120;maggots. So I'm glad to find non- maggot friends here.;"{
  ""label"": ""UNHARMFUL_PROFANITY"",
   ""confidence"": ""HIGH"",
   ""rationale"": ""The span contains profanity ('maggots') without a targeted insult.""
}";1;2;HIGH;The span contains profanity ('maggots') without a targeted insult.
678;is low @user to the fuking moon 💪💪💪💪💪🔥🚀🚀🚀🚀 100xCoin RocketCoin;"{
  ""label"": ""CONFLICTUAL"",
   ""confidence"": ""HIGH"",
   ""rationale"": ""The span_text contains targeted profanity and excessive emojis, which indicates a conflictual tone.""
}";2;1;HIGH;The span_text contains targeted profanity and excessive emojis, which indicates a conflictual tone.
1755;dumb brother. Lame asssss fuck not worth the cinturasos que;"{
  ""label"": ""UNHARMFUL_PROFANITY"",
   ""confidence"": ""HIGH"",
   ""rationale"": ""The span_text contains excessive profanity, including 'dumb', 'fuck', and 'asssss', which is not directed towards a specific entity.""
}";1;2;HIGH;The span_text contains excessive profanity, including 'dumb', 'fuck', and 'asssss', which is not directed towards a specific entity.
1284;exact words 'Stop booting me faggot the whole chat heard;"{
  ""label"": ""UNHARMFUL_PROFANITY"",
   ""confidence"": ""HIGH"",
   ""rationale"": ""The span_text contains profanity ('faggot'), which is a slur, and is not directed toward a specific entity.""
}";1;1;HIGH;The span_text contains profanity ('faggot'), which is a slur, and is not directed toward a specific entity.
1411;naw nigga this phaggot just maxed a child and y'all;"{
  ""label"": ""CONFLICTUAL"",
   ""confidence"": ""HIGH"",
   ""rationale"": ""The span contains targeted insults ('phaggot'), which is a conflictual language.""
}";2;2;HIGH;The span contains targeted insults ('phaggot'), which is a conflictual language.
1478;our lifetime once people like you QUIT LYING. VapingSavesLives SaferNicotine;"{
  ""label"": ""CONFLICTUAL"",
   ""confidence"": ""HIGH"",
   ""rationale"": ""The span_text contains language that is an attack based on protected categories, specifically the phrase 'people like you' which can be seen as discriminatory.""
}";2;2;HIGH;The span_text contains language that is an attack based on protected categories, specifically the phrase 'people like you' which can be seen as discriminatory.
306;I knew my brother was gon na trauma dump to;"{
  ""label"": ""NONE"",
   ""confidence"": ""HIGH"",
   ""rationale"": ""The span_text does not contain conflictual language, excessive profanity, or targeted insults. The phrase 'trauma dump' is a colloquialism referring to a specific behavior, but it is not inherently conflictual or profane.""
}";0;0;HIGH;The span_text does not contain conflictual language, excessive profanity, or targeted insults. The phrase 'trauma dump' is a colloquialism referring to a specific behavior, but it is not inherently conflictual or profane.
537;@heathcummingssr 13 points for Herbert/Allen;"{
  ""label"": ""NONE"",
   ""confidence"": ""HIGH"",
   ""rationale"": ""The span_text appears to be a neutral statement about a sports game, referencing a player's score.""
}";0;0;HIGH;The span_text appears to be a neutral statement about a sports game, referencing a player's score.
365;Human emotion is more than one thing at a time,;"{
  ""label"": ""NONE"",
   ""confidence"": ""HIGH"",
   ""rationale"": ""The span_text does not contain any conflictual language, excessive profanity, or targeted insults.""
}";0;0;HIGH;The span_text does not contain any conflictual language, excessive profanity, or targeted insults.
426;Still find it weird that I live in a place;"{
  ""label"": ""NONE"",
   ""confidence"": ""HIGH"",
   ""rationale"": ""The span_text does not contain any conflictual language, excessive profanity, or targeted insults.""
}";0;0;HIGH;The span_text does not contain any conflictual language, excessive profanity, or targeted insults.
329;i listen to that song for you i read the;"{
  ""label"": ""NONE"",
   ""confidence"": ""HIGH"",
   ""rationale"": ""The span_text does not contain any conflictual language, profanity, or targeted insults.""
}";0;0;HIGH;The span_text does not contain any conflictual language, profanity, or targeted insults.
1022;trending? Almost as annoying as the grudge holding, whiney-ass crybaby;"{
  ""label"": ""CONFLICTUAL"",
   ""confidence"": ""HIGH"",
   ""rationale"": ""The span_text contains a targeted insult with derogatory language ('whiney-ass crybaby'), which is directed at a specific entity and constitutes conflictual language.""
}";2;2;HIGH;The span_text contains a targeted insult with derogatory language ('whiney-ass crybaby'), which is directed at a specific entity and constitutes conflictual language.
132;remember this system is built to favor the mothers. 💯;"{
  ""label"": ""CONFLICTUAL"",
   ""confidence"": ""HIGH"",
   ""rationale"": ""The span_text contains language that is directed towards a specific entity or group ('mothers'), which is a protected category, indicating conflictual language.""
}";2;2;HIGH;The span_text contains language that is directed towards a specific entity or group ('mothers'), which is a protected category, indicating conflictual language.
925;of them even though they disliked by most. And PR;"{
  ""label"": ""NONE"",
   ""confidence"": ""HIGH"",
   ""rationale"": ""The span_text does not contain any conflictual language, profanity, or targeted insults.""
}";0;2;HIGH;The span_text does not contain any conflictual language, profanity, or targeted insults.
1173;All scumbags and lowlife. The network of pedophiles and queers.;"{
  ""label"": ""CONFLICTUAL"",
   ""confidence"": ""HIGH"",
   ""rationale"": ""The span_text contains targeted insults based on protected categories ('pedophiles' and 'queers'), which is considered conflictual language.""
}";2;2;HIGH;The span_text contains targeted insults based on protected categories ('pedophiles' and 'queers'), which is considered conflictual language.
1786;and then closes them. Absolutely clueless the fucking lot of;"{
  ""label"": ""UNHARMFUL_PROFANITY"",
   ""confidence"": ""HIGH"",
   ""rationale"": ""The span contains profanity ('fucking') which is not directed towards a specific entity, but is still considered harmful.""
}";1;2;HIGH;The span contains profanity ('fucking') which is not directed towards a specific entity, but is still considered harmful.
1712;I'm way 2 kind to bitches that's ungrateful;"{
  ""label"": ""UNHARMFUL_PROFANITY"",
   ""confidence"": ""HIGH"",
   ""rationale"": ""The span_text contains profanity ('bitches') without a targeted insult.""
}";1;1;HIGH;The span_text contains profanity ('bitches') without a targeted insult.
1015;@BorisJohnson Why would you lay a wreath for Polish soldiers;"{
  ""label"": ""CONFLICTUAL"",
   ""confidence"": ""HIGH"",
   ""rationale"": ""The span_text contains a targeted insult towards Boris Johnson, which is a form of conflictual language.""
}";2;2;HIGH;The span_text contains a targeted insult towards Boris Johnson, which is a form of conflictual language.
1968;this girl is so stupiddddd! 😭;"{
  ""label"": ""CONFLICTUAL"",
   ""confidence"": ""HIGH"",
   ""rationale"": ""The span_text contains a targeted insult, 'this girl is so stupiddddd', which is directed at a specific entity and falls under conflictual language.""
}";2;2;HIGH;The span_text contains a targeted insult, 'this girl is so stupiddddd', which is directed at a specific entity and falls under conflictual language.
644;I don't want to name any of them. Horrible gobshites.;"{
  ""label"": ""UNHARMFUL_PROFANITY"",
   ""confidence"": ""HIGH"",
   ""rationale"": ""The span_text contains profanity ('gobshites') which is not directed toward a specific entity, but is still considered harmful.""
}";1;1;HIGH;The span_text contains profanity ('gobshites') which is not directed toward a specific entity, but is still considered harmful.
833;100k views. Yes. You beautiful bastards ended 2020 with a;"{
  ""label"": ""UNHARMFUL_PROFANITY"",
   ""confidence"": ""MEDIUM"",
   ""rationale"": ""The span contains profanity ('bastards') without targeting a specific entity.""
}";1;1;MEDIUM;The span contains profanity ('bastards') without targeting a specific entity.
668;'Hillbilly Elegy',''''! Jokes aside, her language is gross as fuck.;"{
  ""label"": ""UNHARMFUL_PROFANITY"",
   ""confidence"": ""HIGH"",
   ""rationale"": ""The span contains profanity ('as fuck') without targeting a specific entity.""
}";1;1;HIGH;The span contains profanity ('as fuck') without targeting a specific entity.
1442;Rach is ok and the asswipe didn't upset her too;"{
  ""label"": ""UNHARMFUL_PROFANITY"",
   ""confidence"": ""HIGH"",
   ""rationale"": ""The presence of the profanity 'asswipe' in the span_text, which is not directed towards a specific entity, classifies it as UNHARMFUL_PROFANITY.""
}";1;1;HIGH;The presence of the profanity 'asswipe' in the span_text, which is not directed towards a specific entity, classifies it as UNHARMFUL_PROFANITY.
1135;reach. These cocksuckers need to be knocked off their pedestal.;"{
  ""label"": ""CONFLICTUAL"",
   ""confidence"": ""HIGH"",
   ""rationale"": ""The span_text contains targeted language towards a protected category ('cocksuckers') and an attack based on a specific entity, indicating conflictual language.""
}";2;2;HIGH;The span_text contains targeted language towards a protected category ('cocksuckers') and an attack based on a specific entity, indicating conflictual language.
566;Now shipping Dave with his bro? I get people being;"{
  ""label"": ""NONE"",
   ""confidence"": ""HIGH"",
   ""rationale"": ""The span_text does not contain conflictual language, profanity, or targeted insults.""
}";0;0;HIGH;The span_text does not contain conflictual language, profanity, or targeted insults.
1313;you, not just the gorgeous uncut dick and great tracks;"{
  ""label"": ""UNHARMFUL_PROFANITY"",
   ""confidence"": ""HIGH"",
   ""rationale"": ""The span contains profanity ('dick') without targeting a specific entity.""
}";1;1;HIGH;The span contains profanity ('dick') without targeting a specific entity.
50;It sucks im crawling deeper into my depression and I;"{
  ""label"": ""CONFLICTUAL"",
   ""confidence"": ""MEDIUM"",
   ""rationale"": ""The span_text contains phrases related to mental health struggles and feelings of being trapped, which can be considered conflictual.""
}";2;0;MEDIUM;The span_text contains phrases related to mental health struggles and feelings of being trapped, which can be considered conflictual.
235;rn Bc of the dumbasss fucken ice means I am;"{
  ""label"": ""UNHARMFUL_PROFANITY"",
   ""confidence"": ""HIGH"",
   ""rationale"": ""The span_text contains profanity ('fucken') without targeting a specific entity, which aligns with the UNHARMFUL_PROFANITY label.""
}";1;1;HIGH;The span_text contains profanity ('fucken') without targeting a specific entity, which aligns with the UNHARMFUL_PROFANITY label.
1058;@user @DevinNunes @SteveScalise @SenHawleyPress You fucking guys having fun today?;"{
  ""label"": ""UNHARMFUL_PROFANITY"",
   ""confidence"": ""HIGH"",
   ""rationale"": ""The span_text contains profanity ('fucking') without targeting a specific entity, thus it is classified as UNHARMFUL_PROFANITY.""
}";1;2;HIGH;The span_text contains profanity ('fucking') without targeting a specific entity, thus it is classified as UNHARMFUL_PROFANITY.
366;Just retweeted and donated Mika! I'm so so sorry that;"{
  ""label"": ""NONE"",
   ""confidence"": ""HIGH"",
   ""rationale"": ""The span_text does not contain conflictual language, profanity, or targeted insults.""
}";0;0;HIGH;The span_text does not contain conflictual language, profanity, or targeted insults.
1532;ong even if they have a dirty stanky musty pussy;"{
  ""label"": ""UNHARMFUL_PROFANITY"",
   ""confidence"": ""HIGH"",
   ""rationale"": ""The span_text contains profanity ('stanky musty pussy') without a targeted insult.""
}";1;1;HIGH;The span_text contains profanity ('stanky musty pussy') without a targeted insult.
568;between your delicious shaved pussy lips and your tight asshole;"{
  ""label"": ""UNHARMFUL_PROFANITY"",
   ""confidence"": ""HIGH"",
   ""rationale"": ""The span_text contains profanity, specifically a reference to genitalia, which is classified as UNHARMFUL_PROFANITY due to its explicit nature.""
}";1;1;HIGH;The span_text contains profanity, specifically a reference to genitalia, which is classified as UNHARMFUL_PROFANITY due to its explicit nature.
979;Sky have manipulated false outrage towards the referee for making;"{
  ""label"": ""CONFLICTUAL"",
   ""confidence"": ""MEDIUM"",
   ""rationale"": ""The span_text contains a targeted attack ('manipulated false outrage') towards a specific entity ('the referee'), which is a form of conflictual language.""
}";2;2;MEDIUM;The span_text contains a targeted attack ('manipulated false outrage') towards a specific entity ('the referee'), which is a form of conflictual language.
1752;i have to watch timothee shamalamadingdong play before we can;"{
  ""label"": ""NONE"",
   ""confidence"": ""HIGH"",
   ""rationale"": ""The span_text contains no conflictual language, excessive profanity, or targeted insults.""
}";0;2;HIGH;The span_text contains no conflictual language, excessive profanity, or targeted insults.
100;I went private as a very kind relative helped with;"{
  ""label"": ""NONE"",
   ""confidence"": ""HIGH"",
   ""rationale"": ""The span_text does not contain any conflictual language, profanity, or targeted insults.""
}";0;0;HIGH;The span_text does not contain any conflictual language, profanity, or targeted insults.
372;wan na know what these mfkas on my tL r;"{
  ""label"": ""UNHARMFUL_PROFANITY"",
   ""confidence"": ""HIGH"",
   ""rationale"": ""The span_text contains profanity ('mfkas', 'tL') without a targeted insult.""
}";1;1;HIGH;The span_text contains profanity ('mfkas', 'tL') without a targeted insult.
964;@user @user @TPM Shit, even the look on his face;"{
  ""label"": ""UNHARMFUL_PROFANITY"",
   ""confidence"": ""HIGH"",
   ""rationale"": ""The presence of profanity ('Shit') in the span_text, without any targeted insult or slur, justifies this classification.""
}";1;1;HIGH;The presence of profanity ('Shit') in the span_text, without any targeted insult or slur, justifies this classification.
310;Grown mufuckas out here wearing designer belts and can't pay;"{
  ""label"": ""UNHARMFUL_PROFANITY"",
   ""confidence"": ""HIGH"",
   ""rationale"": ""The span_text contains profanity ('mufucka') without targeting a specific entity.""
}";1;1;HIGH;The span_text contains profanity ('mufucka') without targeting a specific entity.
1570;jerkoffs posting positive shit about Putin are fucking traitors. Period.;"{
  ""label"": ""CONFLICTUAL"",
   ""confidence"": ""HIGH"",
   ""rationale"": ""The span_text contains targeted insult and attack based on political opinion, specifically labeling people as 'traitors'.""
}";2;2;HIGH;The span_text contains targeted insult and attack based on political opinion, specifically labeling people as 'traitors'.
534;@JustinTrudeau @jkenney @RachelNotley Omg I tuned into CBC's coverage of;"{
  ""label"": ""NONE"",
   ""confidence"": ""HIGH"",
   ""rationale"": ""The span_text does not contain any conflictual language, profanity, or targeted insults. It appears to be a tweet with a neutral tone, mentioning Canadian politicians and a news source.""
}";0;0;HIGH;The span_text does not contain any conflictual language, profanity, or targeted insults. It appears to be a tweet with a neutral tone, mentioning Canadian politicians and a news source.
1632;Goddamn I love that facefuck leglock image too much. Too;"{
  ""label"": ""UNHARMFUL_PROFANITY"",
   ""confidence"": ""HIGH"",
   ""rationale"": ""The span_text contains profanity ('goddamn' and 'facefuck') without targeting a specific entity.""
}";1;1;HIGH;The span_text contains profanity ('goddamn' and 'facefuck') without targeting a specific entity.
1355;the stores unless I HAVE to. Cause fuckkkk that. 🥴;"{
  ""label"": ""UNHARMFUL_PROFANITY"",
   ""confidence"": ""HIGH"",
   ""rationale"": ""The span contains excessive profanity ('fuckkkk') which is not directed towards a specific entity.""
}";1;1;HIGH;The span contains excessive profanity ('fuckkkk') which is not directed towards a specific entity.
1768;My new coworker is too damn angry to be working;"{
  ""label"": ""UNHARMFUL_PROFANITY"",
   ""confidence"": ""MEDIUM"",
   ""rationale"": ""The span_text contains profanity ('damn') which is not directed towards a specific entity.""
}";1;2;MEDIUM;The span_text contains profanity ('damn') which is not directed towards a specific entity.
579;I am sincerely not trying to call anyone out with;"{
  ""label"": ""NONE"",
   ""confidence"": ""HIGH"",
   ""rationale"": ""The span_text does not contain any conflictual language, profanity, or targeted insults.""
}";0;0;HIGH;The span_text does not contain any conflictual language, profanity, or targeted insults.
1624;Fuck off, Grassley. What the fuck are you going on;"{
  ""label"": ""UNHARMFUL_PROFANITY"",
   ""confidence"": ""HIGH"",
   ""rationale"": ""The span_text contains excessive profanity ('Fuck off', 'What the fuck') without targeting a specific entity.""
}";1;1;HIGH;The span_text contains excessive profanity ('Fuck off', 'What the fuck') without targeting a specific entity.
1086;you're little, you've been measured and found lacking!! Ooh You;"{
  ""label"": ""CONFLICTUAL"",
   ""confidence"": ""HIGH"",
   ""rationale"": ""The span_text contains a targeted insult ('you're little'), which is directed at a specific entity, making it conflictual.""
}";2;2;HIGH;The span_text contains a targeted insult ('you're little'), which is directed at a specific entity, making it conflictual.
1075;@dcexaminer @tedcruz He was a bigot racist prick who didn't;"{
  ""label"": ""CONFLICTUAL"",
   ""confidence"": ""HIGH"",
   ""rationale"": ""The span_text contains targeted derogatory language towards a specific individual ('bigot', 'racist', 'prick') which is considered conflictual.""
}";2;2;HIGH;The span_text contains targeted derogatory language towards a specific individual ('bigot', 'racist', 'prick') which is considered conflictual.
1498;try. Stop sucking your daddys titty. Go FCUKING educate yourself,;"{
  ""label"": ""CONFLICTUAL"",
   ""confidence"": ""HIGH"",
   ""rationale"": ""The span contains a targeted insult with derogatory language towards a family member, which is a form of conflictual language.""
}";2;2;HIGH;The span contains a targeted insult with derogatory language towards a family member, which is a form of conflictual language.
260;Yassssss lmaoooooooo I can't wait until you chime in 😩😩😩😂😂😂😂😂;"{
  ""label"": ""NONE"",
   ""confidence"": ""HIGH"",
   ""rationale"": ""The span_text does not contain conflictual language, excessive profanity, or targeted insults. It appears to be an enthusiastic and playful message with emojis.""
}";0;0;HIGH;The span_text does not contain conflictual language, excessive profanity, or targeted insults. It appears to be an enthusiastic and playful message with emojis.
883;sessions and all the PB fucktards just milled around the;"{
  ""label"": ""UNHARMFUL_PROFANITY"",
   ""confidence"": ""HIGH"",
   ""rationale"": ""The span_text contains profanity ('fucktards') without targeting a specific entity, which aligns with the UNHARMFUL_PROFANITY label.""
}";1;1;HIGH;The span_text contains profanity ('fucktards') without targeting a specific entity, which aligns with the UNHARMFUL_PROFANITY label.
1456;whole thing just shows how fucked our',''metrics',''' of a healthy;"{
  ""label"": ""UNHARMFUL_PROFANITY"",
   ""confidence"": ""HIGH"",
   ""rationale"": ""The span contains profanity ('fucked') without targeting a specific entity.""
}";1;1;HIGH;The span contains profanity ('fucked') without targeting a specific entity.
114;LOT lip on that Gourmet pussy, I'd like to suck;"{
  ""label"": ""UNHARMFUL_PROFANITY"",
   ""confidence"": ""HIGH"",
   ""rationale"": ""The span contains profanity, specifically the phrase 'pussy', which is a derogatory term for female genitalia.""
}";1;1;HIGH;The span contains profanity, specifically the phrase 'pussy', which is a derogatory term for female genitalia.
1223;@user you self serving robbing bastards. Stealing food from hungry;"{
  ""label"": ""CONFLICTUAL"",
   ""confidence"": ""HIGH"",
   ""rationale"": ""The span_text contains targeted conflictual language with phrases 'robbing bastards' and 'Stealing food from hungry' implying attack based on protected categories.""
}";2;1;HIGH;The span_text contains targeted conflictual language with phrases 'robbing bastards' and 'Stealing food from hungry' implying attack based on protected categories.
1574;"Available my 1on1 cumshow & Tg channel dme on telegram;";"{
  ""label"": ""UNHARMFUL_PROFANITY"",
   ""confidence"": ""MEDIUM"",
   ""rationale"": ""Presence of profanity in the span_text, specifically 'cumshow' and 'dme' which are considered profane.""
}";1;1;MEDIUM;Presence of profanity in the span_text, specifically 'cumshow' and 'dme' which are considered profane.
1042;@MrAndyNgo the 'toughest' niggas really be the pussiest ones 🤦🏽\u200d♂️;"{
  ""label"": ""CONFLICTUAL"",
   ""confidence"": ""HIGH"",
   ""rationale"": ""The span_text contains a targeted slur ('niggas') directed at a specific individual (@MrAndyNgo), which is an attack based on a protected category.""
}";2;2;HIGH;The span_text contains a targeted slur ('niggas') directed at a specific individual (@MrAndyNgo), which is an attack based on a protected category.
255;fckerberg is removing all references from fakebook to his 6.3;"{
  ""label"": ""UNHARMFUL_PROFANITY"",
   ""confidence"": ""HIGH"",
   ""rationale"": ""The span_text contains profanity ('fckerberg') which matches the UNHARMFUL_PROFANITY label.""
}";1;2;HIGH;The span_text contains profanity ('fckerberg') which matches the UNHARMFUL_PROFANITY label.
167;With this stupid, depressing Chelsea game. We will be eliminated;"{
  ""label"": ""CONFLICTUAL"",
   ""confidence"": ""HIGH"",
   ""rationale"": ""The span_text contains a targeted insult ('We will be eliminated') which is directed at a specific entity (Chelsea), indicating conflictual language.""
}";2;0;HIGH;The span_text contains a targeted insult ('We will be eliminated') which is directed at a specific entity (Chelsea), indicating conflictual language.
1727;Dave. Seriously' 'Yeah what?' 'We're sucking dick' 'Eh? What? Where';"{
  ""label"": ""UNHARMFUL_PROFANITY"",
   ""confidence"": ""HIGH"",
   ""rationale"": ""The span_text contains profanity ('sucking dick') without targeting a specific entity.""
}";1;1;HIGH;The span_text contains profanity ('sucking dick') without targeting a specific entity.
1539;honest) * ngl (not gon na lie) mf (motherfvcker/my followers);"{
  ""label"": ""UNHARMFUL_PROFANITY"",
   ""confidence"": ""HIGH"",
   ""rationale"": ""The span_text contains profanity ('mf' is a profane term) without targeting a specific entity.""
}";1;1;HIGH;The span_text contains profanity ('mf' is a profane term) without targeting a specific entity.
1499;facefucked a belt sander you fat tub of monkey shit;"{
  ""label"": ""CONFLICTUAL"",
   ""confidence"": ""HIGH"",
   ""rationale"": ""The span_text contains targeted insults based on physical appearance ('you fat tub') and a derogatory term for a person of color ('monkey').""
}";2;2;HIGH;The span_text contains targeted insults based on physical appearance ('you fat tub') and a derogatory term for a person of color ('monkey').
896;Wow your so hot and that dick is pure perfection;"{
  ""label"": ""CONFLICTUAL"",
   ""confidence"": ""HIGH"",
   ""rationale"": ""The span_text contains targeted language towards a protected category ('hot' and 'dick' are used in a derogatory manner), which is considered conflictual.""
}";2;1;HIGH;The span_text contains targeted language towards a protected category ('hot' and 'dick' are used in a derogatory manner), which is considered conflictual.
47;racist ppl out and calling Candace owens a cunt 😬;"{
  ""label"": ""CONFLICTUAL"",
   ""confidence"": ""HIGH"",
   ""rationale"": ""The span_text contains targeted conflictual language, specifically the phrase 'calling Candace owens a cunt', which is an attack based on a protected category.""
}";2;1;HIGH;The span_text contains targeted conflictual language, specifically the phrase 'calling Candace owens a cunt', which is an attack based on a protected category.
936;headlines when loser Trump is finally called to Hell by;"{
  ""label"": ""CONFLICTUAL"",
   ""confidence"": ""HIGH"",
   ""rationale"": ""The span_text contains a targeted insult towards a specific entity ('loser Trump') and a reference to a religious concept ('called to Hell'), which is considered conflictual language.""
}";2;2;HIGH;The span_text contains a targeted insult towards a specific entity ('loser Trump') and a reference to a religious concept ('called to Hell'), which is considered conflictual language.
779;be referred to as whores and sluts but their male;"{
  ""label"": ""CONFLICTUAL"",
   ""confidence"": ""HIGH"",
   ""rationale"": ""The span_text contains targeted insults towards a specific group of people, referring to them as 'whores and sluts', which is a clear example of conflictual language.""
}";2;1;HIGH;The span_text contains targeted insults towards a specific group of people, referring to them as 'whores and sluts', which is a clear example of conflictual language.
191;up and down, loving the taste of his cock. 'Mmmph.~';"{
  ""label"": ""UNHARMFUL_PROFANITY"",
   ""confidence"": ""HIGH"",
   ""rationale"": ""The span_text contains explicit profanity ('cock') without targeting a specific entity.""
}";1;1;HIGH;The span_text contains explicit profanity ('cock') without targeting a specific entity.
83;'Sup' he Snapchats me, with 3 videos of him cumming;"{
  ""label"": ""UNHARMFUL_PROFANITY"",
   ""confidence"": ""HIGH"",
   ""rationale"": ""The span_text contains explicit profanity, specifically the phrase 'cumming', which is a strong indication of UNHARMFUL_PROFANITY.""
}";1;2;HIGH;The span_text contains explicit profanity, specifically the phrase 'cumming', which is a strong indication of UNHARMFUL_PROFANITY.
10;I took acetaminophen and feel like Advil falls into the;"{
  ""label"": ""NONE"",
   ""confidence"": ""HIGH"",
   ""rationale"": ""The span_text does not contain any conflictual language, profanity, or slurs, and does not express a targeted insult.""
}";0;0;HIGH;The span_text does not contain any conflictual language, profanity, or slurs, and does not express a targeted insult.
465;sometimes it physically pains me to hold back my sarcastic;"{
  ""label"": ""NONE"",
   ""confidence"": ""HIGH"",
   ""rationale"": ""The span_text contains a statement about holding back sarcastic comments, which is not inherently conflictual, profane, or targeted. It does not contain any explicit phrases or patterns that would justify a higher label.""
}";0;0;HIGH;The span_text contains a statement about holding back sarcastic comments, which is not inherently conflictual, profane, or targeted. It does not contain any explicit phrases or patterns that would justify a higher label.
1435;@user Raw vegans set the culture back with a lot;"{
  ""label"": ""CONFLICTUAL"",
   ""confidence"": ""HIGH"",
   ""rationale"": ""The span_text contains a targeted insult towards a specific group ('Raw vegans') which is considered conflictual.""
}";2;2;HIGH;The span_text contains a targeted insult towards a specific group ('Raw vegans') which is considered conflictual.
44;@GaryLineker @piersmorgan Not when u are a bully! In a;"{
  ""label"": ""CONFLICTUAL"",
   ""confidence"": ""HIGH"",
   ""rationale"": ""The span_text contains conflictual language with an attack based on a protected category ('bully').""
}";2;0;HIGH;The span_text contains conflictual language with an attack based on a protected category ('bully').
1055;and the finger points at fatties putting the NHS under;"{
  ""label"": ""CONFLICTUAL"",
   ""confidence"": ""HIGH"",
   ""rationale"": ""The span_text contains a targeted insult at 'fatties', which is a derogatory term for people with obesity, and implies blame for the NHS's issues.""
}";2;2;HIGH;The span_text contains a targeted insult at 'fatties', which is a derogatory term for people with obesity, and implies blame for the NHS's issues.
1207;guy in both pictures both are ugly bald fat bastards;"{
  ""label"": ""CONFLICTUAL"",
   ""confidence"": ""HIGH"",
   ""rationale"": ""The span_text contains targeted insults based on physical appearance, specifically 'ugly', 'bald', and 'fat', which are considered conflictual language.""
}";2;2;HIGH;The span_text contains targeted insults based on physical appearance, specifically 'ugly', 'bald', and 'fat', which are considered conflictual language.
429;try to beat the shit out of you and this;"{
  ""label"": ""UNHARMFUL_PROFANITY"",
   ""confidence"": ""HIGH"",
   ""rationale"": ""The span_text contains profanity ('shit') without targeting a specific entity.""
}";1;2;HIGH;The span_text contains profanity ('shit') without targeting a specific entity.
873;@user The fucking imbecile is trying to make the fact;"{
  ""label"": ""UNHARMFUL_PROFANITY"",
   ""confidence"": ""HIGH"",
   ""rationale"": ""The span_text contains profanity ('fucking', 'imbecile') without targeting a specific entity.""
}";1;2;HIGH;The span_text contains profanity ('fucking', 'imbecile') without targeting a specific entity.
144;anything remotely close to the shit schlatt's done and it's;"{
  ""label"": ""UNHARMFUL_PROFANITY"",
   ""confidence"": ""MEDIUM"",
   ""rationale"": ""Presence of profanity ('shit') in the span_text""
}";1;1;MEDIUM;Presence of profanity ('shit') in the span_text
1146;@user @user @FoxNews So ignorant. Maybe he had mental issues.;"{
  ""label"": ""CONFLICTUAL"",
   ""confidence"": ""HIGH"",
   ""rationale"": ""The span_text contains a targeted insult ('So ignorant') and a derogatory comment ('he had mental issues') which is directed at a specific entity (@FoxNews).""
}";2;2;HIGH;The span_text contains a targeted insult ('So ignorant') and a derogatory comment ('he had mental issues') which is directed at a specific entity (@FoxNews).
1718;instead I got the amerimutt wigger accent and am a;"{
  ""label"": ""CONFLICTUAL"",
   ""confidence"": ""HIGH"",
   ""rationale"": ""The presence of the term 'wigger' is a racial slur, which is considered conflictual language.""
}";2;2;HIGH;The presence of the term 'wigger' is a racial slur, which is considered conflictual language.
341;ways can you twist your delusional views on the results;"{
  ""label"": ""CONFLICTUAL"",
   ""confidence"": ""HIGH"",
   ""rationale"": ""The span_text contains language attacking someone's views, which is a targeted insult.""
}";2;2;HIGH;The span_text contains language attacking someone's views, which is a targeted insult.
418;Menger's pessimism on the economic future of Europe infected the;"{
  ""label"": ""NONE"",
   ""confidence"": ""HIGH"",
   ""rationale"": ""The span_text does not contain any conflictual language, excessive profanity, slur, or targeted insult.""
}";0;0;HIGH;The span_text does not contain any conflictual language, excessive profanity, slur, or targeted insult.
1823;uni'stafes', overseas students. But no. He aint a PM's' arsewipe.;"{
  ""label"": ""CONFLICTUAL"",
   ""confidence"": ""HIGH"",
   ""rationale"": ""The span contains targeted derogatory language towards a protected category (PM's arsewipe), which is an attack based on a specific entity.""
}";2;2;HIGH;The span contains targeted derogatory language towards a protected category (PM's arsewipe), which is an attack based on a specific entity.
751;of $ $, and paid taxes to mitigate Texas mistakes.;"{
  ""label"": ""NONE"",
   ""confidence"": ""HIGH"",
   ""rationale"": ""The span_text does not contain any conflictual language, excessive profanity, or targeted insults. The mention of 'mistakes' is a general statement and does not target a specific entity.""
}";0;2;HIGH;The span_text does not contain any conflictual language, excessive profanity, or targeted insults. The mention of 'mistakes' is a general statement and does not target a specific entity.
435;Old N.Y. Chucky one of the biggest POS in the;"{
  ""label"": ""UNHARMFUL_PROFANITY"",
   ""confidence"": ""HIGH"",
   ""rationale"": ""The presence of profanity ('POS') in the span_text, without any targeted insult or slur, justifies the label of UNHARMFUL_PROFANITY.""
}";1;2;HIGH;The presence of profanity ('POS') in the span_text, without any targeted insult or slur, justifies the label of UNHARMFUL_PROFANITY.
1162;' och arselicker like our St Gladys the Golden Poo;"{
  ""label"": ""UNHARMFUL_PROFANITY"",
   ""confidence"": ""HIGH"",
   ""rationale"": ""The span_text contains profanity (' arselicker' and 'Poo') without targeting a specific entity.""
}";1;2;HIGH;The span_text contains profanity (' arselicker' and 'Poo') without targeting a specific entity.
108;why do you have to be legal to send me;"{
  ""label"": ""NONE"",
   ""confidence"": ""HIGH"",
   ""rationale"": ""The span_text does not contain conflictual language, excessive profanity, or targeted insults.""
}";0;0;HIGH;The span_text does not contain conflictual language, excessive profanity, or targeted insults.
34;@JGODYT Last night after a depressing session of warzone i;"{
  ""label"": ""NONE"",
   ""confidence"": ""MEDIUM"",
   ""rationale"": ""The span_text contains a casual conversation about a gaming session, mentioning a depressing experience, but does not contain any conflictual language, excessive profanity, or targeted insults.""
}";0;0;MEDIUM;The span_text contains a casual conversation about a gaming session, mentioning a depressing experience, but does not contain any conflictual language, excessive profanity, or targeted insults.
196;For sure, some of this broccoli's' pretty bitter. I was;"{
  ""label"": ""NONE"",
   ""confidence"": ""HIGH"",
   ""rationale"": ""The span_text does not contain any conflictual language, excessive profanity, or targeted insults.""
}";0;0;HIGH;The span_text does not contain any conflictual language, excessive profanity, or targeted insults.
1467;quite sure lucky bastard or clever bastard, Red quick get;"{
  ""label"": ""UNHARMFUL_PROFANITY"",
   ""confidence"": ""HIGH"",
   ""rationale"": ""The span contains profanity ('bastard') without targeting a specific entity.""
}";1;1;HIGH;The span contains profanity ('bastard') without targeting a specific entity.
7;Hey Kunal! We are sorry to hear on your trouble.;"{
  ""label"": ""NONE"",
   ""confidence"": ""HIGH"",
   ""rationale"": ""The span_text does not contain any conflictual language, profanity, or targeted insults.""
}";0;0;HIGH;The span_text does not contain any conflictual language, profanity, or targeted insults.
284;5 stages of grief but reordered. Ranboo's character responds to;"{
  ""label"": ""NONE"",
   ""confidence"": ""HIGH"",
   ""rationale"": ""The span_text does not contain any conflictual language, profanity, or targeted insults.""
}";0;0;HIGH;The span_text does not contain any conflictual language, profanity, or targeted insults.
827;me for being a real nigga 🤷🏾\u200d♂️ its like y'all;"{
  ""label"": ""CONFLICTUAL"",
   ""confidence"": ""HIGH"",
   ""rationale"": ""The span_text contains a racial slur ('nigga'), which is a targeted attack based on protected categories.""
}";2;1;HIGH;The span_text contains a racial slur ('nigga'), which is a targeted attack based on protected categories.
564;ᅠ ⠀⠀⠀⠀⠀ Hand holding the Aramasa, crimson and emerald optics;"{
  ""label"": ""NONE"",
   ""confidence"": ""HIGH"",
   ""rationale"": ""The span_text contains descriptive language without any conflictual, profane, or targeted insult elements.""
}";0;0;HIGH;The span_text contains descriptive language without any conflictual, profane, or targeted insult elements.
1508;@user bite my motherfcker, that's' how i feel about that.;"{
  ""label"": ""CONFLICTUAL"",
   ""confidence"": ""HIGH"",
   ""rationale"": ""The span_text contains a targeted insult ('bite my motherfcker') which implies conflictual language.""
}";2;2;HIGH;The span_text contains a targeted insult ('bite my motherfcker') which implies conflictual language.
797;6 are hurting like a bxtch rn. that is all;"{
  ""label"": ""UNHARMFUL_PROFANITY"",
   ""confidence"": ""HIGH"",
   ""rationale"": ""The span_text contains profanity ('bxtch') without targeting a specific entity.""
}";1;1;HIGH;The span_text contains profanity ('bxtch') without targeting a specific entity.
772;the environment for a literal fucking jpeg you absolute clowns;"{
  ""label"": ""UNHARMFUL_PROFANITY"",
   ""confidence"": ""HIGH"",
   ""rationale"": ""The span contains profanity ('fucking') without targeting a specific entity.""
}";1;2;HIGH;The span contains profanity ('fucking') without targeting a specific entity.
1988;my family to be going around telling my business? dicksuckers;"{
  ""label"": ""UNHARMFUL_PROFANITY"",
   ""confidence"": ""HIGH"",
   ""rationale"": ""The span_text contains profanity ('dicksuckers') without targeting a specific entity, which aligns with the UNHARMFUL_PROFANITY label.""
}";1;2;HIGH;The span_text contains profanity ('dicksuckers') without targeting a specific entity, which aligns with the UNHARMFUL_PROFANITY label.
683;is only one of a few fucking idiots in Georgia;"{
  ""label"": ""UNHARMFUL_PROFANITY"",
   ""confidence"": ""HIGH"",
   ""rationale"": ""The presence of the profane word 'fucking' in the span_text, without any targeted insult or slur, justifies the classification as UNHARMFUL_PROFANITY.""
}";1;1;HIGH;The presence of the profane word 'fucking' in the span_text, without any targeted insult or slur, justifies the classification as UNHARMFUL_PROFANITY.
253;yeah, im just kinda sad cuz it was my fault;"{
  ""label"": ""NONE"",
   ""confidence"": ""HIGH"",
   ""rationale"": ""The span_text expresses a personal feeling of guilt and sadness, without any conflictual or profane language.""
}";0;0;HIGH;The span_text expresses a personal feeling of guilt and sadness, without any conflictual or profane language.
1438;@user She's a horrible cunt!;"{
  ""label"": ""UNHARMFUL_PROFANITY"",
   ""confidence"": ""HIGH"",
   ""rationale"": ""The span_text contains profanity ('cunt') without being directed towards a specific entity.""
}";1;2;HIGH;The span_text contains profanity ('cunt') without being directed towards a specific entity.
1158;exercising and not being a fat ass? Wouldn't those things;"{
  ""label"": ""UNHARMFUL_PROFANITY"",
   ""confidence"": ""MEDIUM"",
   ""rationale"": ""The span contains profanity ('ass') but does not target a specific entity.""
}";1;2;MEDIUM;The span contains profanity ('ass') but does not target a specific entity.
203;P Hey He is strong mentally physically and emotionally DESERVING;"{
  ""label"": ""NONE"",
   ""confidence"": ""HIGH"",
   ""rationale"": ""The span_text does not contain any conflictual language, profanity, or targeted insults.""
}";0;0;HIGH;The span_text does not contain any conflictual language, profanity, or targeted insults.
46;this person being a racist asshole during black history month?;"{
  ""label"": ""CONFLICTUAL"",
   ""confidence"": ""HIGH"",
   ""rationale"": ""The span_text contains a targeted attack based on protected category (race) and derogatory language ('racist asshole').""
}";2;1;HIGH;The span_text contains a targeted attack based on protected category (race) and derogatory language ('racist asshole').
460;i guess he only peed inside the travel box the;"{
  ""label"": ""NONE"",
   ""confidence"": ""HIGH"",
   ""rationale"": ""The span_text does not contain any explicit conflictual language, profanity, or targeted insults.""
}";0;0;HIGH;The span_text does not contain any explicit conflictual language, profanity, or targeted insults.
1291;@user @user r/singlemoms must be so depressing. 'How do I;"{
  ""label"": ""CONFLICTUAL"",
   ""confidence"": ""MEDIUM"",
   ""rationale"": ""The span_text contains a statement that implies a negative stereotype about single mothers, which is a protected category.""
}";2;2;MEDIUM;The span_text contains a statement that implies a negative stereotype about single mothers, which is a protected category.
193;my part. Even if it fucking kills me.' She knew;"{
  ""label"": ""UNHARMFUL_PROFANITY"",
   ""confidence"": ""MEDIUM"",
   ""rationale"": ""The span contains profanity ('fucking') which is not directed towards a specific entity.""
}";1;1;MEDIUM;The span contains profanity ('fucking') which is not directed towards a specific entity.
1662;gon na be on his bingo card but surprise mutherfucker!;"{
  ""label"": ""UNHARMFUL_PROFANITY"",
   ""confidence"": ""HIGH"",
   ""rationale"": ""The presence of profanity in the span_text, specifically the word 'mutherfucker', justifies this classification.""
}";1;1;HIGH;The presence of profanity in the span_text, specifically the word 'mutherfucker', justifies this classification.
447;b/c The Netherlands prefers psychosomatic quackery over actual science and;"{
  ""label"": ""CONFLICTUAL"",
   ""confidence"": ""HIGH"",
   ""rationale"": ""The span_text contains a targeted attack based on a protected category ('The Netherlands'), which is a characteristic of conflictual language.""
}";2;2;HIGH;The span_text contains a targeted attack based on a protected category ('The Netherlands'), which is a characteristic of conflictual language.
514;Um no Demorats are going to steal this election too;"{
  ""label"": ""CONFLICTUAL"",
   ""confidence"": ""HIGH"",
   ""rationale"": ""The span_text contains a targeted insult towards a protected category ('Demorats') which implies a conflictual tone.""
}";2;2;HIGH;The span_text contains a targeted insult towards a protected category ('Demorats') which implies a conflictual tone.
613;see it ． ⠀⠀ㅤ❛ ㅤYour asshole is next ．Stay away;"{
  ""label"": ""CONFLICTUAL"",
   ""confidence"": ""HIGH"",
   ""rationale"": ""The span_text contains a targeted threat ('Your asshole is next') and a warning to stay away, indicating conflictual language.""
}";2;1;HIGH;The span_text contains a targeted threat ('Your asshole is next') and a warning to stay away, indicating conflictual language.
54;Blinks and rosies, armys accounts are giving hatred to the;"{
  ""label"": ""CONFLICTUAL"",
   ""confidence"": ""MEDIUM"",
   ""rationale"": ""The span_text contains language that implies hatred towards a specific entity ('armys accounts'), which is a targeted attack.""
}";2;0;MEDIUM;The span_text contains language that implies hatred towards a specific entity ('armys accounts'), which is a targeted attack.
104;I can admit it Am severely depressed and disappointed in;"{
  ""label"": ""NONE"",
   ""confidence"": ""HIGH"",
   ""rationale"": ""The span_text does not contain conflictual language, excessive profanity, or targeted insults.""
}";0;0;HIGH;The span_text does not contain conflictual language, excessive profanity, or targeted insults.
1484;is' n't' in that clan.. there all sick mfuckers 🤬😡;"{
  ""label"": ""UNHARMFUL_PROFANITY"",
   ""confidence"": ""HIGH"",
   ""rationale"": ""The span_text contains profanity ('mfuckers') without targeting a specific entity.""
}";1;1;HIGH;The span_text contains profanity ('mfuckers') without targeting a specific entity.
1301;@user And you smoking dick 😂;"{
  ""label"": ""UNHARMFUL_PROFANITY"",
   ""confidence"": ""HIGH"",
   ""rationale"": ""The span contains profanity ('dick') without a targeted insult.""
}";1;1;HIGH;The span contains profanity ('dick') without a targeted insult.
370;I suspect your wont be protected (fully) because: 1. It;"{
  ""label"": ""CONFLICTUAL"",
   ""confidence"": ""HIGH"",
   ""rationale"": ""The span_text contains a targeted attack based on a protected category ('protected (fully)') and a derogatory phrase ('wont be').""
}";2;0;HIGH;The span_text contains a targeted attack based on a protected category ('protected (fully)') and a derogatory phrase ('wont be').
689;guy in Twitch chat thinking it's funny to make suicide;"{
  ""label"": ""CONFLICTUAL"",
   ""confidence"": ""HIGH"",
   ""rationale"": ""The span_text contains a suicide reference, which is a targeted attack on an individual's well-being, fitting the CONFLICTUAL label.""
}";2;2;HIGH;The span_text contains a suicide reference, which is a targeted attack on an individual's well-being, fitting the CONFLICTUAL label.
1490;@user YOUR own personal agenda is putrid and repulsive. And;"{
  ""label"": ""CONFLICTUAL"",
   ""confidence"": ""HIGH"",
   ""rationale"": ""The span_text contains a targeted insult ('putrid and repulsive') which is directed towards a specific entity (@user), indicating conflictual language.""
}";2;2;HIGH;The span_text contains a targeted insult ('putrid and repulsive') which is directed towards a specific entity (@user), indicating conflictual language.
90;zs tag?? lol get a life you all. Stop minding;"{
  ""label"": ""UNHARMFUL_PROFANITY"",
   ""confidence"": ""MEDIUM"",
   ""rationale"": ""The span_text contains profanity ('zs tag?? lol get a life') which is not directed toward a specific entity.""
}";1;2;MEDIUM;The span_text contains profanity ('zs tag?? lol get a life') which is not directed toward a specific entity.
198;@BillHagertyTN Your predecessor indicated Trump was guilty of the articles;"{
  ""label"": ""CONFLICTUAL"",
   ""confidence"": ""MEDIUM"",
   ""rationale"": ""The span_text contains a statement of guilt directed towards a specific entity ('Trump'), which aligns with conflictual language.""
}";2;0;MEDIUM;The span_text contains a statement of guilt directed towards a specific entity ('Trump'), which aligns with conflictual language.
179;@Twitter @Twitter India @Twitter Safety I got that notif, it;"{
  ""label"": ""NONE"",
   ""confidence"": ""HIGH"",
   ""rationale"": ""The span_text contains a notification mention and does not contain any explicit profanity, slurs, or targeted insults.""
}";0;0;HIGH;The span_text contains a notification mention and does not contain any explicit profanity, slurs, or targeted insults.
1599;Come on Lewis you sexy bastard;"{
  ""label"": ""UNHARMFUL_PROFANITY"",
   ""confidence"": ""HIGH"",
   ""rationale"": ""The span_text contains profanity ('bastard') without targeting a specific entity, and has excessive profanity as per the input signal.""
}";1;2;HIGH;The span_text contains profanity ('bastard') without targeting a specific entity, and has excessive profanity as per the input signal.
1097;gave these incestuous talentless fucktards the additional 2mins of publicity.;"{
  ""label"": ""UNHARMFUL_PROFANITY"",
   ""confidence"": ""HIGH"",
   ""rationale"": ""The span_text contains profanity ('ficktards', 'fucktards') without targeting a specific entity.""
}";1;2;HIGH;The span_text contains profanity ('ficktards', 'fucktards') without targeting a specific entity.
159;❤😜😈 horny SugarDaddys fuckme slut cum cock naughty cumslut nudes;"{
  ""label"": ""UNHARMFUL_PROFANITY"",
   ""confidence"": ""HIGH"",
   ""rationale"": ""The span_text contains numerous instances of profanity, including 'horny', 'fuckme', 'slut', 'cum', 'cock', and 'cumslut', which are not directed toward a specific entity.""
}";1;1;HIGH;The span_text contains numerous instances of profanity, including 'horny', 'fuckme', 'slut', 'cum', 'cock', and 'cumslut', which are not directed toward a specific entity.
1422;wait to see @user suck on those juicy tits x;"{
  ""label"": ""CONFLICTUAL"",
   ""confidence"": ""HIGH"",
   ""rationale"": ""The span_text contains targeted and derogatory language towards a specific entity (@user), which is an attack based on a protected category.""
}";2;1;HIGH;The span_text contains targeted and derogatory language towards a specific entity (@user), which is an attack based on a protected category.
823;yall are smoking but hobi looks goofy as hell in;"{
  ""label"": ""UNHARMFUL_PROFANITY"",
   ""confidence"": ""HIGH"",
   ""rationale"": ""The span_text contains profanity ('hell') without targeting a specific entity.""
}";1;2;HIGH;The span_text contains profanity ('hell') without targeting a specific entity.
1698;male cast of genshin 'skinny bitches' is really gross You're';"{
  ""label"": ""CONFLICTUAL"",
   ""confidence"": ""HIGH"",
   ""rationale"": ""The span_text contains targeted derogatory language ('skinny bitches') directed at a specific group based on their appearance, which is a form of conflictual language.""
}";2;1;HIGH;The span_text contains targeted derogatory language ('skinny bitches') directed at a specific group based on their appearance, which is a form of conflictual language.
157;praising Rs for not being a-holes? It means that basic;"{
  ""label"": ""UNHARMFUL_PROFANITY"",
   ""confidence"": ""MEDIUM"",
   ""rationale"": ""The presence of profanity ('a-holes') in the span_text, despite not being directed at a specific entity, classifies it as UNHARMFUL_PROFANITY.""
}";1;1;MEDIUM;The presence of profanity ('a-holes') in the span_text, despite not being directed at a specific entity, classifies it as UNHARMFUL_PROFANITY.
314;And just continue to blindly take the fanbase for granted.;"{
  ""label"": ""CONFLICTUAL"",
   ""confidence"": ""MEDIUM"",
   ""rationale"": ""The span_text contains a targeted criticism or attack, specifically the phrase 'blindly take the fanbase for granted', which can be perceived as dismissive or condescending.""
}";2;0;MEDIUM;The span_text contains a targeted criticism or attack, specifically the phrase 'blindly take the fanbase for granted', which can be perceived as dismissive or condescending.
518;I could see it definately affecting nurses/doctors from prolonged exposure;"{
  ""label"": ""NONE"",
   ""confidence"": ""HIGH"",
   ""rationale"": ""The span_text does not contain any conflictual language, profanity, or targeted insults, and is discussing a potential effect on a specific group.""
}";0;0;HIGH;The span_text does not contain any conflictual language, profanity, or targeted insults, and is discussing a potential effect on a specific group.
317;hey edtwt today is my bday im getting old idk;"{
  ""label"": ""NONE"",
   ""confidence"": ""HIGH"",
   ""rationale"": ""The span_text does not contain any conflictual language, excessive profanity, or targeted insults.""
}";0;0;HIGH;The span_text does not contain any conflictual language, excessive profanity, or targeted insults.
541;russell: this girl in my bible class was like i;"{
  ""label"": ""NONE"",
   ""confidence"": ""HIGH"",
   ""rationale"": ""The span_text does not contain any explicit profanity, slurs, or targeted insults.""
}";0;0;HIGH;The span_text does not contain any explicit profanity, slurs, or targeted insults.
1678;my niece saying 'get the fuck out of here you;"{
  ""label"": ""UNHARMFUL_PROFANITY"",
   ""confidence"": ""HIGH"",
   ""rationale"": ""The span contains profanity ('fuck') without targeting a specific entity.""
}";1;1;HIGH;The span contains profanity ('fuck') without targeting a specific entity.
1093;Have you seen the hate-filled comment section? Full of troglodytes.;"{
  ""label"": ""CONFLICTUAL"",
   ""confidence"": ""HIGH"",
   ""rationale"": ""The span_text contains a targeted insult ('troglodytes') which is directed towards a group of people, making it conflictual.""
}";2;2;HIGH;The span_text contains a targeted insult ('troglodytes') which is directed towards a group of people, making it conflictual.
1445;tiny characters/creatures with nonsensically massive cocks. It's just intrinsically funny;"{
  ""label"": ""UNHARMFUL_PROFANITY"",
   ""confidence"": ""MEDIUM"",
   ""rationale"": ""The span_text contains profanity ('cocks') without targeting a specific entity, and its context is not educational, fictional, or hypothetical.""
}";1;1;MEDIUM;The span_text contains profanity ('cocks') without targeting a specific entity, and its context is not educational, fictional, or hypothetical.
38;It's alright just woke up very stressed from a dream.;"{
  ""label"": ""NONE"",
   ""confidence"": ""HIGH"",
   ""rationale"": ""The span_text does not contain any conflictual language, profanity, or targeted insults.""
}";0;0;HIGH;The span_text does not contain any conflictual language, profanity, or targeted insults.
99;i don't think i'm going to watch it cause everything;"{
  ""label"": ""NONE"",
   ""confidence"": ""HIGH"",
   ""rationale"": ""The span_text does not contain any explicit conflictual language, excessive profanity, or targeted insults.""
}";0;0;HIGH;The span_text does not contain any explicit conflictual language, excessive profanity, or targeted insults.
1215;xenophobia card, that's what silly cunts with no valid argument;"{
  ""label"": ""CONFLICTUAL"",
   ""confidence"": ""HIGH"",
   ""rationale"": ""The span_text contains a targeted insult based on protected category 'cunts' which is a derogatory term for women.""
}";2;1;HIGH;The span_text contains a targeted insult based on protected category 'cunts' which is a derogatory term for women.
1314;to rot, I now hate him with a passion, and;"{
  ""label"": ""CONFLICTUAL"",
   ""confidence"": ""HIGH"",
   ""rationale"": ""The span_text contains a targeted emotion of hatred towards a specific entity, which is classified as conflictual language.""
}";2;2;HIGH;The span_text contains a targeted emotion of hatred towards a specific entity, which is classified as conflictual language.
3;🌨 I want something stronger (I want it) Than a;"{
  ""label"": ""NONE"",
   ""confidence"": ""HIGH"",
   ""rationale"": ""The span_text contains an emoji and phrases that do not indicate conflictual or profane language.""
}";0;0;HIGH;The span_text contains an emoji and phrases that do not indicate conflictual or profane language.
525;Lol... he had 'suicided','''' committed on him!!!! Oh what he;"{
  ""label"": ""CONFLICTUAL"",
   ""confidence"": ""MEDIUM"",
   ""rationale"": ""The span_text contains phrases indicating a violent act ('suicided', 'committed on him') which could be interpreted as conflictual language.""
}";2;0;MEDIUM;The span_text contains phrases indicating a violent act ('suicided', 'committed on him') which could be interpreted as conflictual language.
834;@user That's a load of shite;"{
  ""label"": ""UNHARMFUL_PROFANITY"",
   ""confidence"": ""HIGH"",
   ""rationale"": ""The span_text contains profanity ('shite') without targeting a specific entity.""
}";1;1;HIGH;The span_text contains profanity ('shite') without targeting a specific entity.
1218;& fact-based. There are scumbag racists out there & there;"{
  ""label"": ""CONFLICTUAL"",
   ""confidence"": ""HIGH"",
   ""rationale"": ""The span_text contains the phrase 'scumbag racists' which is a targeted insult based on a protected category.""
}";2;2;HIGH;The span_text contains the phrase 'scumbag racists' which is a targeted insult based on a protected category.
944;> minister of fat tits > only slight above average;"{
  ""label"": ""CONFLICTUAL"",
   ""confidence"": ""HIGH"",
   ""rationale"": ""The span_text contains language that is an attack based on a protected category ('fat tits'), which is considered conflictual.""
}";2;1;HIGH;The span_text contains language that is an attack based on a protected category ('fat tits'), which is considered conflictual.
1497;have one too but that's' hella out of stock also.;"{
  ""label"": ""NONE"",
   ""confidence"": ""HIGH"",
   ""rationale"": ""The span_text contains a casual, informal expression ('hella') but no explicit profanity or targeted insults.""
}";0;1;HIGH;The span_text contains a casual, informal expression ('hella') but no explicit profanity or targeted insults.
1087;Princess Tainted Scunt: with absolutely no respect THAT GUN MAKES;"{
  ""label"": ""CONFLICTUAL"",
   ""confidence"": ""HIGH"",
   ""rationale"": ""The span_text contains targeted insult as it uses derogatory language towards a specific entity ('Princess Tainted Scunt').""
}";2;2;HIGH;The span_text contains targeted insult as it uses derogatory language towards a specific entity ('Princess Tainted Scunt').
454;@thehill @user If you want real revenue tax the middle;"{
  ""label"": ""CONFLICTUAL"",
   ""confidence"": ""HIGH"",
   ""rationale"": ""The span_text contains a targeted attack based on a protected category ('middle') which is a form of conflictual language.""
}";2;0;HIGH;The span_text contains a targeted attack based on a protected category ('middle') which is a form of conflictual language.
570;if you're still going to continue that trait of yours,;"{
  ""label"": ""NONE"",
   ""confidence"": ""HIGH"",
   ""rationale"": ""The span_text does not contain explicit profanity, slurs, or targeted insults, and is a threat or warning.""
}";0;0;HIGH;The span_text does not contain explicit profanity, slurs, or targeted insults, and is a threat or warning.
349;Sitting on a toy story stool in the shower and;"{
  ""label"": ""NONE"",
   ""confidence"": ""HIGH"",
   ""rationale"": ""The span_text does not contain any conflictual language, profanity, or targeted insults.""
}";0;0;HIGH;The span_text does not contain any conflictual language, profanity, or targeted insults.
1654;paid? I feel like those mutherfuckers pull up to games;"{
  ""label"": ""UNHARMFUL_PROFANITY"",
   ""confidence"": ""HIGH"",
   ""rationale"": ""The span_text contains profanity ('mutherfuckers') without targeting a specific entity.""
}";1;1;HIGH;The span_text contains profanity ('mutherfuckers') without targeting a specific entity.
478;@SethAbramson So OAN wants to make it crystal clear that;"{
  ""label"": ""NONE"",
   ""confidence"": ""HIGH"",
   ""rationale"": ""The span_text does not contain any conflictual language, excessive profanity, slurs, or targeted insults.""
}";0;0;HIGH;The span_text does not contain any conflictual language, excessive profanity, slurs, or targeted insults.
1362;top of what I paid them 2 weeks ago. Hahahifuckinghateitherehaha;"{
  ""label"": ""UNHARMFUL_PROFANITY"",
   ""confidence"": ""HIGH"",
   ""rationale"": ""The presence of explicit profanity ('fucking') in the span_text, without any targeted insult or slur, justifies this classification.""
}";1;1;HIGH;The presence of explicit profanity ('fucking') in the span_text, without any targeted insult or slur, justifies this classification.
127;Lets out a sigh as he pats himself down a;"{
  ""label"": ""NONE"",
   ""confidence"": ""HIGH"",
   ""rationale"": ""The span_text does not contain any explicit profanity, slurs, or targeted insults.""
}";0;0;HIGH;The span_text does not contain any explicit profanity, slurs, or targeted insults.
1292;enough to do that, but that sounds fucking hilarious! 😂😂😂;"{
  ""label"": ""UNHARMFUL_PROFANITY"",
   ""confidence"": ""HIGH"",
   ""rationale"": ""The presence of the word 'fucking' indicates profanity, which aligns with the UNHARMFUL_PROFANITY label.""
}";1;1;HIGH;The presence of the word 'fucking' indicates profanity, which aligns with the UNHARMFUL_PROFANITY label.
1164;wouldn't reconvene.. your cognitive dissonance is about to peak. Better;"{
  ""label"": ""CONFLICTUAL"",
   ""confidence"": ""HIGH"",
   ""rationale"": ""The span_text contains a reference to 'cognitive dissonance', which is a psychological concept often used in conflictual or argumentative contexts, and the phrase 'your cognitive dissonance is about to peak' can be seen as an attack or a challenge.""
}";2;2;HIGH;The span_text contains a reference to 'cognitive dissonance', which is a psychological concept often used in conflictual or argumentative contexts, and the phrase 'your cognitive dissonance is about to peak' can be seen as an attack or a challenge.
1266;skinny jeans at the capitol. Just angry white trash slobs;"{
  ""label"": ""CONFLICTUAL"",
   ""confidence"": ""HIGH"",
   ""rationale"": ""The span_text contains a targeted insult based on ethnicity ('white trash'), which aligns with the definition of Conflictual language.""
}";2;2;HIGH;The span_text contains a targeted insult based on ethnicity ('white trash'), which aligns with the definition of Conflictual language.
1298;@user All my family * godammit I do have a;"{
  ""label"": ""UNHARMFUL_PROFANITY"",
   ""confidence"": ""MEDIUM"",
   ""rationale"": ""The span_text contains profanity ('godammit') which is not directed towards a specific entity.""
}";1;1;MEDIUM;The span_text contains profanity ('godammit') which is not directed towards a specific entity.
84;i be holding down fat booty guys as a whole;"{
  ""label"": ""UNHARMFUL_PROFANITY"",
   ""confidence"": ""HIGH"",
   ""rationale"": ""The span_text contains profanity ('fat booty') without targeting a specific entity.""
}";1;0;HIGH;The span_text contains profanity ('fat booty') without targeting a specific entity.
15;all over my floor............... I'm' about to KILL this bitch;"{
  ""label"": ""CONFLICTUAL"",
   ""confidence"": ""HIGH"",
   ""rationale"": ""The span_text contains a targeted threat ('KILL this bitch'), which is a form of conflictual language.""
}";2;2;HIGH;The span_text contains a targeted threat ('KILL this bitch'), which is a form of conflictual language.
815;ever apply pressure respectfully, emphasis on the RESPECTFULLY. 😓 sadbitchhours;"{
  ""label"": ""NONE"",
   ""confidence"": ""HIGH"",
   ""rationale"": ""The span_text contains a request to apply pressure respectfully, followed by an emoji and a phrase 'sadbitchhours'. There is no conflictual language, profanity, or targeted insult. The presence of 'RESPECTFULLY' in all caps emphasizes the respectful tone.""
}";0;1;HIGH;The span_text contains a request to apply pressure respectfully, followed by an emoji and a phrase 'sadbitchhours'. There is no conflictual language, profanity, or targeted insult. The presence of 'RESPECTFULLY' in all caps emphasizes the respectful tone.
972;you have to get dirty to wrestle with the pigs🤷\u200d♀️🤷\u200d♀️;"{
  ""label"": ""CONFLICTUAL"",
   ""confidence"": ""HIGH"",
   ""rationale"": ""The span_text contains a metaphorical attack based on a protected category ('pigs') which implies a derogatory comparison.""
}";2;2;HIGH;The span_text contains a metaphorical attack based on a protected category ('pigs') which implies a derogatory comparison.
438;to win it, ignored coaches instructions & fooked it up.;"{
  ""label"": ""UNHARMFUL_PROFANITY"",
   ""confidence"": ""HIGH"",
   ""rationale"": ""The span_text contains profanity ('fooked') which is not directed towards a specific entity.""
}";1;1;HIGH;The span_text contains profanity ('fooked') which is not directed towards a specific entity.
532;Lefties are becoming more out of touch with reality everyday;"{
  ""label"": ""CONFLICTUAL"",
   ""confidence"": ""HIGH"",
   ""rationale"": ""The span_text contains a targeted insult based on political affiliation ('Lefties'), which is a protected category.""
}";2;2;HIGH;The span_text contains a targeted insult based on political affiliation ('Lefties'), which is a protected category.
1514;fr lots of mad bitches/niggas + social media shit! Ion;"{
  ""label"": ""CONFLICTUAL"",
   ""confidence"": ""HIGH"",
   ""rationale"": ""The span contains targeted language towards protected categories ('bitches/niggas') which is considered conflictual.""
}";2;2;HIGH;The span contains targeted language towards protected categories ('bitches/niggas') which is considered conflictual.
1310;need💀 I ain never heard a no toilet biiiiiitch 😂😂;"{
  ""label"": ""CONFLICTUAL"",
   ""confidence"": ""HIGH"",
   ""rationale"": ""The span_text contains targeted derogatory language towards a protected category ('biiiiiitch') which is an attack based on gender.""
}";2;1;HIGH;The span_text contains targeted derogatory language towards a protected category ('biiiiiitch') which is an attack based on gender.
1184;@user @user @user You don't know english mothefucker, go to;"{
  ""label"": ""CONFLICTUAL"",
   ""confidence"": ""HIGH"",
   ""rationale"": ""Targeted insult towards a user with derogatory language and a threat, indicating conflictual language.""
}";2;2;HIGH;Targeted insult towards a user with derogatory language and a threat, indicating conflictual language.
1024;"crews, etc. If you need cops, use your gun; if";"{
  ""label"": ""CONFLICTUAL"",
   ""confidence"": ""HIGH"",
   ""rationale"": ""The span_text contains a statement with a violent tone, suggesting the use of a gun against law enforcement ('If you need cops, use your gun'), which is an attack based on a protected category (law enforcement).""
}";2;2;HIGH;The span_text contains a statement with a violent tone, suggesting the use of a gun against law enforcement ('If you need cops, use your gun'), which is an attack based on a protected category (law enforcement).
286;Baby SW experiences: hanging with civvie friends (online) and editing;"{
  ""label"": ""NONE"",
   ""confidence"": ""HIGH"",
   ""rationale"": ""The span_text contains a neutral description of social activities and a hobby, without any conflictual or profane language.""
}";0;0;HIGH;The span_text contains a neutral description of social activities and a hobby, without any conflictual or profane language.
35;Hi! So sorry for our late reply, we completely missed;"{
  ""label"": ""NONE"",
   ""confidence"": ""HIGH"",
   ""rationale"": ""The span_text contains a polite and apologetic message, lacking any conflictual language, profanity, or targeted insults.""
}";0;0;HIGH;The span_text contains a polite and apologetic message, lacking any conflictual language, profanity, or targeted insults.
257;semi-new to mcyttwt! if you like benchtrio, nihachu, karl jacobs,;"{
  ""label"": ""NONE"",
   ""confidence"": ""HIGH"",
   ""rationale"": ""The span_text does not contain any conflictual language, profanity, or targeted insults.""
}";0;0;HIGH;The span_text does not contain any conflictual language, profanity, or targeted insults.
242;i dont overhype zaha but i really love antwerp's port;"{
  ""label"": ""NONE"",
   ""confidence"": ""HIGH"",
   ""rationale"": ""The span_text does not contain any conflictual language, excessive profanity, or targeted insults.""
}";0;0;HIGH;The span_text does not contain any conflictual language, excessive profanity, or targeted insults.
826;This guy has nothing to bitch about so he attacks;"{
  ""label"": ""CONFLICTUAL"",
   ""confidence"": ""HIGH"",
   ""rationale"": ""The span_text contains a targeted attack based on a protected category ('he attacks'), which is a characteristic of conflictual language.""
}";2;1;HIGH;The span_text contains a targeted attack based on a protected category ('he attacks'), which is a characteristic of conflictual language.
1007;2 % & the corrupt bastards would move on the;"{
  ""label"": ""CONFLICTUAL"",
   ""confidence"": ""HIGH"",
   ""rationale"": ""The span_text contains a targeted insult ('corrupt bastards') which is directed towards a group of people.""
}";2;1;HIGH;The span_text contains a targeted insult ('corrupt bastards') which is directed towards a group of people.
863;won the league. Any pub cunt wo','n't' fuckin',''' know what;"{
  ""label"": ""UNHARMFUL_PROFANITY"",
   ""confidence"": ""HIGH"",
   ""rationale"": ""The span_text contains profanity ('cunt', 'fuckin') without targeting a specific entity.""
}";1;1;HIGH;The span_text contains profanity ('cunt', 'fuckin') without targeting a specific entity.
1186;@user @user @user @user Lucky bastard to be with 2;"{
  ""label"": ""UNHARMFUL_PROFANITY"",
   ""confidence"": ""MEDIUM"",
   ""rationale"": ""Presence of profanity ('bastard') in the span_text, despite lack of targeted insult or slur.""
}";1;1;MEDIUM;Presence of profanity ('bastard') in the span_text, despite lack of targeted insult or slur.
86;@LinusTech God damnit 1 minute to go;"{
  ""label"": ""UNHARMFUL_PROFANITY"",
   ""confidence"": ""HIGH"",
   ""rationale"": ""The span_text contains profanity ('God damnit') without targeting a specific entity, which aligns with the UNHARMFUL_PROFANITY label.""
}";1;1;HIGH;The span_text contains profanity ('God damnit') without targeting a specific entity, which aligns with the UNHARMFUL_PROFANITY label.
138;In case anyone was wondering, today is the day I;"{
  ""label"": ""NONE"",
   ""confidence"": ""HIGH"",
   ""rationale"": ""The span_text does not contain any conflictual language, profanity, or targeted insults.""
}";0;0;HIGH;The span_text does not contain any conflictual language, profanity, or targeted insults.
26;@user Keeps the Minging fookers at bay 🤣;"{
  ""label"": ""UNHARMFUL_PROFANITY"",
   ""confidence"": ""HIGH"",
   ""rationale"": ""The span_text contains profanity ('Minging fookers') without targeting a specific entity.""
}";1;2;HIGH;The span_text contains profanity ('Minging fookers') without targeting a specific entity.
530;Absolutely nothing. He cant do anything unless its a means;"{
  ""label"": ""NONE"",
   ""confidence"": ""HIGH"",
   ""rationale"": ""The span_text does not contain any conflictual language, profanity, or targeted insults.""
}";0;0;HIGH;The span_text does not contain any conflictual language, profanity, or targeted insults.
493;like some @georgesoros print factory horseshit right there. The yellow;"{
  ""label"": ""UNHARMFUL_PROFANITY"",
   ""confidence"": ""HIGH"",
   ""rationale"": ""The span_text contains profanity ('horseshit') without targeting a specific entity.""
}";1;1;HIGH;The span_text contains profanity ('horseshit') without targeting a specific entity.
355;This emoticon will change 180degrees in 3hrs time or earlier;"{
  ""label"": ""NONE"",
   ""confidence"": ""HIGH"",
   ""rationale"": ""The span_text does not contain any conflictual language, profanity, or targeted insults, making it a neutral statement.""
}";0;0;HIGH;The span_text does not contain any conflictual language, profanity, or targeted insults, making it a neutral statement.
957;"pits; silky smooth legs; shaved cock in its chastity cage";"{
  ""label"": ""UNHARMFUL_PROFANITY"",
   ""confidence"": ""HIGH"",
   ""rationale"": ""The span_text contains explicit profanity, specifically 'shaved cock', which is a strong indicator of UNHARMFUL_PROFANITY.""
}";1;1;HIGH;The span_text contains explicit profanity, specifically 'shaved cock', which is a strong indicator of UNHARMFUL_PROFANITY.
949;the fucking. You should know. You were one of them.;"{
  ""label"": ""CONFLICTUAL"",
   ""confidence"": ""MEDIUM"",
   ""rationale"": ""The span_text contains a targeted implication of affiliation with a group, which is a form of conflictual language.""
}";2;2;MEDIUM;The span_text contains a targeted implication of affiliation with a group, which is a form of conflictual language.
633;45 gave the racist, misogynist, xenophobic, homophobic, bigots, white Christian;"{
  ""label"": ""CONFLICTUAL"",
   ""confidence"": ""HIGH"",
   ""rationale"": ""The span_text contains multiple derogatory terms ('racist', 'misogynist', 'xenophobic', 'homophobic') that are directed at protected categories, indicating conflictual language.""
}";2;2;HIGH;The span_text contains multiple derogatory terms ('racist', 'misogynist', 'xenophobic', 'homophobic') that are directed at protected categories, indicating conflictual language.
20;not like you beckoned the motherfucker to gun it through;"{
  ""label"": ""UNHARMFUL_PROFANITY"",
   ""confidence"": ""HIGH"",
   ""rationale"": ""The span_text contains profanity ('motherfucker') without targeting a specific entity.""
}";1;1;HIGH;The span_text contains profanity ('motherfucker') without targeting a specific entity.
1083;lacked 'diversity training'..... We being governed by clueless spineless idiots!;"{
  ""label"": ""CONFLICTUAL"",
   ""confidence"": ""HIGH"",
   ""rationale"": ""The span_text contains targeted insult towards a group of people ('clueless spineless idiots') which implies a lack of diversity training and is directed towards a protected category ('idiots' can be seen as an insult towards people's intelligence).""
}";2;2;HIGH;The span_text contains targeted insult towards a group of people ('clueless spineless idiots') which implies a lack of diversity training and is directed towards a protected category ('idiots' can be seen as an insult towards people's intelligence).
70;I've been having really violent and aggressive dreams where I'm;"{
  ""label"": ""NONE"",
   ""confidence"": ""HIGH"",
   ""rationale"": ""The span_text describes a personal experience with violent and aggressive dreams, but does not contain any conflictual language, excessive profanity, or targeted insults.""
}";0;0;HIGH;The span_text describes a personal experience with violent and aggressive dreams, but does not contain any conflictual language, excessive profanity, or targeted insults.
1008;@ArianaGrande It's been a year, it's been a motherfvcking year!!;"{
  ""label"": ""UNHARMFUL_PROFANITY"",
   ""confidence"": ""HIGH"",
   ""rationale"": ""The span_text contains excessive profanity ('motherfvcking'), which aligns with the UNHARMFUL_PROFANITY label.""
}";1;1;HIGH;The span_text contains excessive profanity ('motherfvcking'), which aligns with the UNHARMFUL_PROFANITY label.
59;Not being able to make friends irl is like ok;"{
  ""label"": ""NONE"",
   ""confidence"": ""HIGH"",
   ""rationale"": ""The span_text does not contain conflictual language, profanity, or targeted insults.""
}";0;0;HIGH;The span_text does not contain conflictual language, profanity, or targeted insults.
218;@dcexaminer @JoeBiden I have brain farts all the time with;"{
  ""label"": ""NONE"",
   ""confidence"": ""HIGH"",
   ""rationale"": ""The span_text contains a casual expression 'brain farts' which is not considered conflictual or profane.""
}";0;0;HIGH;The span_text contains a casual expression 'brain farts' which is not considered conflictual or profane.
582;@RandPaul That means 54 disagreed. So it isn't unconstitutional and,;"{
  ""label"": ""NONE"",
   ""confidence"": ""HIGH"",
   ""rationale"": ""The span_text does not contain any conflictual language, profanity, or targeted insults.""
}";0;0;HIGH;The span_text does not contain any conflictual language, profanity, or targeted insults.
1302;@user Ansari is a lowlife scum. Comes from media background;"{
  ""label"": ""CONFLICTUAL"",
   ""confidence"": ""HIGH"",
   ""rationale"": ""The span_text contains a targeted insult, calling Ansari a 'lowlife scum', which is an attack based on a protected category.""
}";2;2;HIGH;The span_text contains a targeted insult, calling Ansari a 'lowlife scum', which is an attack based on a protected category.
515;Persona 2 is honestly way more depressing then Persona 3;"{
  ""label"": ""NONE"",
   ""confidence"": ""HIGH"",
   ""rationale"": ""The span_text expresses a subjective opinion about two games without containing any harmful language or targeted insults.""
}";0;0;HIGH;The span_text expresses a subjective opinion about two games without containing any harmful language or targeted insults.
17;— @HYBEOFFICIALtwt @BIGHIT_MUSIC Apparently on the new Bangtan Bomb. the;"{
  ""label"": ""NONE"",
   ""confidence"": ""HIGH"",
   ""rationale"": ""The span_text does not contain any conflictual language, profanity, or targeted insults.""
}";0;0;HIGH;The span_text does not contain any conflictual language, profanity, or targeted insults.
278;I definitely smoke all day almost everyday due to crippling;"{
  ""label"": ""UNHARMFUL_PROFANITY"",
   ""confidence"": ""MEDIUM"",
   ""rationale"": ""The presence of the word 'crippling' is not derogatory, but 'smoke' can imply substance abuse, which is a concern. However, 'crippling' is a strong indicator of a negative emotional state, making the overall tone more UNHARMFUL_PROFANITY than CONFLICTUAL.""
}";1;0;MEDIUM;The presence of the word 'crippling' is not derogatory, but 'smoke' can imply substance abuse, which is a concern. However, 'crippling' is a strong indicator of a negative emotional state, making the overall tone more UNHARMFUL_PROFANITY than CONFLICTUAL.
320;us, you don't accept US. stop being a dumb cunt.;"{
  ""label"": ""CONFLICTUAL"",
   ""confidence"": ""HIGH"",
   ""rationale"": ""The span_text contains targeted insult language ('dumb cunt') directed towards a specific entity ('you'), which is classified as conflictual.""
}";2;1;HIGH;The span_text contains targeted insult language ('dumb cunt') directed towards a specific entity ('you'), which is classified as conflictual.
1023;all the GOPers ran like pussies from there own mob;"{
  ""label"": ""CONFLICTUAL"",
   ""confidence"": ""HIGH"",
   ""rationale"": ""The span_text contains a derogatory term ('pussies') and a reference to a specific group ('GOPers'), which is considered conflictual language.""
}";2;1;HIGH;The span_text contains a derogatory term ('pussies') and a reference to a specific group ('GOPers'), which is considered conflictual language.
248;It's an nft for sure gon na right click and;"{
  ""label"": ""NONE"",
   ""confidence"": ""HIGH"",
   ""rationale"": ""The span_text does not contain any conflictual language, excessive profanity, or targeted insults.""
}";0;0;HIGH;The span_text does not contain any conflictual language, excessive profanity, or targeted insults.
719;task imaginable, and b) better fucking include how great I;"{
  ""label"": ""UNHARMFUL_PROFANITY"",
   ""confidence"": ""HIGH"",
   ""rationale"": ""The presence of profanity ('fucking') in the span_text, despite the lack of targeted insult or slur, indicates UNHARMFUL_PROFANITY.""
}";1;1;HIGH;The presence of profanity ('fucking') in the span_text, despite the lack of targeted insult or slur, indicates UNHARMFUL_PROFANITY.
57;breaking down in the middle of a mood disorder lecture;"{
  ""label"": ""NONE"",
   ""confidence"": ""HIGH"",
   ""rationale"": ""The span_text does not contain conflictual language, profanity, or targeted insults. It appears to be a description of a situation related to a mood disorder lecture.""
}";0;0;HIGH;The span_text does not contain conflictual language, profanity, or targeted insults. It appears to be a description of a situation related to a mood disorder lecture.
785;here callin other women 'fat whores' like' c'mon'... That's' just;"{
  ""label"": ""CONFLICTUAL"",
   ""confidence"": ""HIGH"",
   ""rationale"": ""The span_text contains targeted insult towards women based on their physical appearance ('fat whores'), which falls under conflictual language.""
}";2;1;HIGH;The span_text contains targeted insult towards women based on their physical appearance ('fat whores'), which falls under conflictual language.
574;nah I'm sorry but ya bitches weird I will never;"{
  ""label"": ""UNHARMFUL_PROFANITY"",
   ""confidence"": ""HIGH"",
   ""rationale"": ""The span_text contains profanity ('bitches') without targeting a specific entity.""
}";1;1;HIGH;The span_text contains profanity ('bitches') without targeting a specific entity.
860;Niggas that complain about buying bitches shit is broke idc;"{
  ""label"": ""UNHARMFUL_PROFANITY"",
   ""confidence"": ""HIGH"",
   ""rationale"": ""The span_text contains profanity ('bitches shit') without targeting a specific entity, aligning with UNHARMFUL_PROFANITY criteria.""
}";1;2;HIGH;The span_text contains profanity ('bitches shit') without targeting a specific entity, aligning with UNHARMFUL_PROFANITY criteria.
1401;worst FBPE-brain of calling people cockwombles and uncritically adopting shallow;"{
  ""label"": ""CONFLICTUAL"",
   ""confidence"": ""HIGH"",
   ""rationale"": ""The term 'cockwombles' is a derogatory label used to describe a political group (FBPE), implying a conflictual tone.""
}";2;1;HIGH;The term 'cockwombles' is a derogatory label used to describe a political group (FBPE), implying a conflictual tone.
492;I just started drinking Electrolytes & it's feeling good! I'm;"{
  ""label"": ""NONE"",
   ""confidence"": ""HIGH"",
   ""rationale"": ""The span_text does not contain any conflictual language, profanity, or targeted insults.""
}";0;0;HIGH;The span_text does not contain any conflictual language, profanity, or targeted insults.
