id;span_text;raw_output;pred_label;true_label;confidence;rationale
1627;Get away from Ranboo you slimy green bastard. All Dream;"{
  ""label"": ""CENSURE_LABEL"",
   ""confidence"": ""HIGH"",
   ""rationale"": ""The span contains a targeted insult with a racial slur ('green bastard') and a derogatory term ('slimy') directed at a specific individual ('Ranboo'), which is a clear example of conflictual language.""
}";1;1;HIGH;The span contains a targeted insult with a racial slur ('green bastard') and a derogatory term ('slimy') directed at a specific individual ('Ranboo'), which is a clear example of conflictual language.
102;@treasuremembers To our vitamin A B C D E F;"{
  ""label"": ""NONE_LABEL"",
   ""confidence"": ""HIGH"",
   ""rationale"": ""No explicit harmful content or protected category attacks found in the span_text.""
}";0;0;HIGH;No explicit harmful content or protected category attacks found in the span_text.
512;to the crimes committed by Trash and his cronies, the;"{
  ""label"": ""NONE_LABEL"",
   ""confidence"": ""HIGH"",
   ""rationale"": ""No explicit harmful content found in the span_text. The phrase 'Trash and his cronies' is a derogatory term, but it is not a protected category slur.""
}";0;1;HIGH;No explicit harmful content found in the span_text. The phrase 'Trash and his cronies' is a derogatory term, but it is not a protected category slur.
181;@WMerciaPolice i think you need to fire one of your;"{
  ""label"": ""CENSURE_LABEL"",
   ""confidence"": ""MEDIUM"",
   ""rationale"": ""The span_text contains a targeted insult towards WMerciaPolice, which is a protected category.""
}";1;0;MEDIUM;The span_text contains a targeted insult towards WMerciaPolice, which is a protected category.
473;'Don't weather the storm, be that motherfucker' - Kevin Hart;"{
  ""label"": ""CENSURE_LABEL"",
   ""confidence"": ""HIGH"",
   ""rationale"": ""The span contains a targeted insult with profanity, specifically 'motherfucker', which is a severe form of verbal aggression.""
}";1;0;HIGH;The span contains a targeted insult with profanity, specifically 'motherfucker', which is a severe form of verbal aggression.
104;I can admit it Am severely depressed and disappointed in;"{
  ""label"": ""NONE_LABEL"",
   ""confidence"": ""LOW"",
   ""rationale"": ""The span_text does not contain explicit conflictual language or harmful content, but mentions depression which is a sensitive topic.""
}";0;0;LOW;The span_text does not contain explicit conflictual language or harmful content, but mentions depression which is a sensitive topic.
182;The legal definition does not say it is a banned;"{
  ""label"": ""NONE_LABEL"",
   ""confidence"": ""HIGH"",
   ""rationale"": ""The span_text does not contain any explicit or implicit harmful content, profanity, slurs, or targeted insults.""
}";0;0;HIGH;The span_text does not contain any explicit or implicit harmful content, profanity, slurs, or targeted insults.
995;about PVO here. Perhaps the numbskull gene skips a generation.;"{
  ""label"": ""CENSURE_LABEL"",
   ""confidence"": ""HIGH"",
   ""rationale"": ""The span_text contains a derogatory term ('numbskull') and a derogatory phrase ('numbskull gene'), which are considered targeted insults.""
}";1;1;HIGH;The span_text contains a derogatory term ('numbskull') and a derogatory phrase ('numbskull gene'), which are considered targeted insults.
1719;the plug, I want to be smothered in sweaty stanky;"{
  ""label"": ""CENSURE_LABEL"",
   ""confidence"": ""HIGH"",
   ""rationale"": ""The span_text contains targeted derogatory language ('stanky') that is often used as a racial slur.""
}";1;1;HIGH;The span_text contains targeted derogatory language ('stanky') that is often used as a racial slur.
250;revere our best. Now we idolize stupidity and mediocrity. PeopleAreDumb;"{
  ""label"": ""CENSURE_LABEL"",
   ""confidence"": ""HIGH"",
   ""rationale"": ""The span_text contains a targeted insult towards a group of people ('PeopleAreDumb'), which is a form of conflictual language.""
}";1;1;HIGH;The span_text contains a targeted insult towards a group of people ('PeopleAreDumb'), which is a form of conflictual language.
1314;to rot, I now hate him with a passion, and;"{
  ""label"": ""CENSURE_LABEL"",
   ""confidence"": ""HIGH"",
   ""rationale"": ""The span_text contains a targeted expression of hatred ('I now hate him with a passion') towards a specific individual.""
}";1;1;HIGH;The span_text contains a targeted expression of hatred ('I now hate him with a passion') towards a specific individual.
254;@user I'm' not a maga jackass ya bitch. So stfu.;"{
  ""label"": ""CENSURE_LABEL"",
   ""confidence"": ""HIGH"",
   ""rationale"": ""The span_text contains targeted insults with derogatory language ('maga jackass', 'bitch') and aggressive tone ('stfu'), which indicates conflictual language.""
}";1;0;HIGH;The span_text contains targeted insults with derogatory language ('maga jackass', 'bitch') and aggressive tone ('stfu'), which indicates conflictual language.
88;@emmakennytv @user She is usually such a cheerful and beautiful;"{
  ""label"": ""NONE_LABEL"",
   ""confidence"": ""HIGH"",
   ""rationale"": ""No explicit harmful content or protected category attacks found in the span_text.""
}";0;0;HIGH;No explicit harmful content or protected category attacks found in the span_text.
218;@dcexaminer @JoeBiden I have brain farts all the time with;"{
  ""label"": ""NONE_LABEL"",
   ""confidence"": ""LOW"",
   ""rationale"": ""No explicit harmful content or conflictual language found in the span_text.""
}";0;0;LOW;No explicit harmful content or conflictual language found in the span_text.
331;what the fuck is going on edtwt rn;"{
  ""label"": ""CENSURE_LABEL"",
   ""confidence"": ""HIGH"",
   ""rationale"": ""The span contains excessive profanity ('what the fuck') which is considered conflictual language.""
}";1;0;HIGH;The span contains excessive profanity ('what the fuck') which is considered conflictual language.
1002;300 % crit dmg how the hell;"{
  ""label"": ""CENSURE_LABEL"",
   ""confidence"": ""MEDIUM"",
   ""rationale"": ""The span contains a targeted insult ('the hell') which is a form of aggressive language, and also a reference to a critical damage percentage, which can be seen as a form of competitive aggression.""
}";1;0;MEDIUM;The span contains a targeted insult ('the hell') which is a form of aggressive language, and also a reference to a critical damage percentage, which can be seen as a form of competitive aggression.
219;this shall pass too. Pappu ji can never be sexy.;"{
  ""label"": ""CENSURE_LABEL"",
   ""confidence"": ""HIGH"",
   ""rationale"": ""The span_text contains a derogatory comment towards a person, specifically 'Pappu ji can never be sexy'.""
}";1;1;HIGH;The span_text contains a derogatory comment towards a person, specifically 'Pappu ji can never be sexy'.
1770;Myanmar polices and soldiers are mothefuckers!!!;"{
  ""label"": ""CENSURE_LABEL"",
   ""confidence"": ""HIGH"",
   ""rationale"": ""The span_text contains a derogatory and offensive term ('mothefuckers') that attacks a specific group (Myanmar police and soldiers), which is a form of conflictual language.""
}";1;1;HIGH;The span_text contains a derogatory and offensive term ('mothefuckers') that attacks a specific group (Myanmar police and soldiers), which is a form of conflictual language.
521;I was doing homework. COVID made me a boring motherfucker;"{
  ""label"": ""CENSURE_LABEL"",
   ""confidence"": ""HIGH"",
   ""rationale"": ""The span contains a targeted insult with profanity ('motherfucker'), which is considered conflictual language.""
}";1;0;HIGH;The span contains a targeted insult with profanity ('motherfucker'), which is considered conflictual language.
80;get sick, and my workplace is full of dick-noses.: /;"{
  ""label"": ""CENSURE_LABEL"",
   ""confidence"": ""HIGH"",
   ""rationale"": ""The span contains a derogatory term ('dick-noses') that targets a group of people, indicating conflictual language.""
}";1;1;HIGH;The span contains a derogatory term ('dick-noses') that targets a group of people, indicating conflictual language.
1108;lmao, these rappers be deceitful & over exaggerating abilities, their;"{
  ""label"": ""CENSURE_LABEL"",
   ""confidence"": ""MEDIUM"",
   ""rationale"": ""The span contains a targeted insult towards a protected category (rappers) based on their profession.""
}";1;1;MEDIUM;The span contains a targeted insult towards a protected category (rappers) based on their profession.
1039;4 of those corrupt bastards need to go to prison.;"{
  ""label"": ""CENSURE_LABEL"",
   ""confidence"": ""HIGH"",
   ""rationale"": ""The span_text contains a targeted insult ('corrupt bastards') and a threat of imprisonment, which is a form of conflictual language.""
}";1;1;HIGH;The span_text contains a targeted insult ('corrupt bastards') and a threat of imprisonment, which is a form of conflictual language.
69;the jury, for those of you that are idiots unanimous;"{
  ""label"": ""CENSURE_LABEL"",
   ""confidence"": ""HIGH"",
   ""rationale"": ""The span contains a derogatory term ('idiots') directed at a group of people ('those of you that are'), which is a form of targeted insult and conflictual language.""
}";1;1;HIGH;The span contains a derogatory term ('idiots') directed at a group of people ('those of you that are'), which is a form of targeted insult and conflictual language.
296;for the trap let the mothafucka snap, he a real;"{
  ""label"": ""CENSURE_LABEL"",
   ""confidence"": ""HIGH"",
   ""rationale"": ""The span contains a targeted insult with a racial slur ('mothafucka') and a derogatory term ('he a real').""
}";1;0;HIGH;The span contains a targeted insult with a racial slur ('mothafucka') and a derogatory term ('he a real').
133;tw / hate speech, emotional & mental abuse block these;"{
  ""label"": ""CENSURE_LABEL"",
   ""confidence"": ""HIGH"",
   ""rationale"": ""The span_text contains hate speech, which is a direct attack on individuals or groups based on protected categories.""
}";1;0;HIGH;The span_text contains hate speech, which is a direct attack on individuals or groups based on protected categories.
288;@TheRoyalButler How exactly does the spoon help me preventing suicidal;"{
  ""label"": ""CENSURE_LABEL"",
   ""confidence"": ""HIGH"",
   ""rationale"": ""The span contains a question that implies a suicidal intent, which is a sensitive topic and can be considered as a targeted insult or a form of conflictual language.""
}";1;0;HIGH;The span contains a question that implies a suicidal intent, which is a sensitive topic and can be considered as a targeted insult or a form of conflictual language.
834;@user That's a load of shite;"{
  ""label"": ""CENSURE_LABEL"",
   ""confidence"": ""HIGH"",
   ""rationale"": ""The span_text contains a targeted insult ('That's a load of shite') which is a form of conflictual language.""
}";1;0;HIGH;The span_text contains a targeted insult ('That's a load of shite') which is a form of conflictual language.
369;@HillaryClinton @MasterClass Teaching, what exactly? I mean you've had more;"{
  ""label"": ""CENSURE_LABEL"",
   ""confidence"": ""MEDIUM"",
   ""rationale"": ""The span_text contains a targeted attack on @HillaryClinton's credibility and expertise, which is a form of conflictual language.""
}";1;1;MEDIUM;The span_text contains a targeted attack on @HillaryClinton's credibility and expertise, which is a form of conflictual language.
107;@hakeemjeffries innocent until proven guilty, mr representative (guess they don't;"{
  ""label"": ""CENSURE_LABEL"",
   ""confidence"": ""HIGH"",
   ""rationale"": ""The span_text contains a targeted attack on a protected category ('mr representative') and a phrase suggesting guilt without a trial.""
}";1;0;HIGH;The span_text contains a targeted attack on a protected category ('mr representative') and a phrase suggesting guilt without a trial.
551;can really put you down bitch you waiting on the;"{
  ""label"": ""CENSURE_LABEL"",
   ""confidence"": ""HIGH"",
   ""rationale"": ""The span contains a derogatory term ('bitch') that is an insult and attack based on gender, which is a protected category.""
}";1;0;HIGH;The span contains a derogatory term ('bitch') that is an insult and attack based on gender, which is a protected category.
171;I m just learning myself from tweets of @user and;"{
  ""label"": ""NONE_LABEL"",
   ""confidence"": ""HIGH"",
   ""rationale"": ""No explicit harmful content or protected categories mentioned in the span_text.""
}";0;0;HIGH;No explicit harmful content or protected categories mentioned in the span_text.
1032;@KTLA This shit is obscene and that judge is sick.;"{
  ""label"": ""CENSURE_LABEL"",
   ""confidence"": ""HIGH"",
   ""rationale"": ""The span_text contains a targeted insult ('sick') directed at a judge, which is a form of conflictual language.""
}";1;1;HIGH;The span_text contains a targeted insult ('sick') directed at a judge, which is a form of conflictual language.
1844;This trend of 'bored white suburban wives uploading food cringe;"{
  ""label"": ""CENSURE_LABEL"",
   ""confidence"": ""HIGH"",
   ""rationale"": ""The span_text contains a targeted insult ('bored white suburban wives') based on protected categories (race, color, caste, gender, etc.), which is considered conflictual language.""
}";1;1;HIGH;The span_text contains a targeted insult ('bored white suburban wives') based on protected categories (race, color, caste, gender, etc.), which is considered conflictual language.
1601;is here forever. However, the douchenozzles who CAN NOT just;"{
  ""label"": ""CENSURE_LABEL"",
   ""confidence"": ""HIGH"",
   ""rationale"": ""The span contains targeted derogatory language ('douchenozzles') which is an attack based on a protected category.""
}";1;1;HIGH;The span contains targeted derogatory language ('douchenozzles') which is an attack based on a protected category.
1882;and my roller skates wow what a fucking dweeb dude;"{
  ""label"": ""CENSURE_LABEL"",
   ""confidence"": ""HIGH"",
   ""rationale"": ""The span contains a targeted insult ('fucking dweeb') which is a form of conflictual language.""
}";1;1;HIGH;The span contains a targeted insult ('fucking dweeb') which is a form of conflictual language.
1025;@GlobalNational Mindless bobbleheads believe CO2 is the earth's temperature control;"{
  ""label"": ""CENSURE_LABEL"",
   ""confidence"": ""HIGH"",
   ""rationale"": ""The span_text contains a targeted attack based on a protected category ('earth's temperature control' is a scientifically inaccurate statement that can be perceived as an attack on climate change scientists and experts).""
}";1;1;HIGH;The span_text contains a targeted attack based on a protected category ('earth's temperature control' is a scientifically inaccurate statement that can be perceived as an attack on climate change scientists and experts).
146;Abiding memories of Reading Festival 1980 are NWOBHM, swimming in;"{
  ""label"": ""NONE_LABEL"",
   ""confidence"": ""HIGH"",
   ""rationale"": ""No explicit harmful content or protected categories mentioned in the span_text.""
}";0;0;HIGH;No explicit harmful content or protected categories mentioned in the span_text.
253;yeah, im just kinda sad cuz it was my fault;"{
  ""label"": ""NONE_LABEL"",
   ""confidence"": ""HIGH"",
   ""rationale"": ""The span_text expresses remorse and takes responsibility for an action, indicating a lack of conflictual language or harmful intent.""
}";0;0;HIGH;The span_text expresses remorse and takes responsibility for an action, indicating a lack of conflictual language or harmful intent.
162;//MCD, Bkkr, suicide (vague), Soulmates (skin writing), just a tiny;"{
  ""label"": ""CENSURE_LABEL"",
   ""confidence"": ""HIGH"",
   ""rationale"": ""The span_text contains a reference to suicide, which is a serious and sensitive topic.""
}";1;0;HIGH;The span_text contains a reference to suicide, which is a serious and sensitive topic.
330;edtwt so racist? cant you guys just starve in peace?;"{
  ""label"": ""CENSURE_LABEL"",
   ""confidence"": ""HIGH"",
   ""rationale"": ""The span contains a racist statement ('so racist') and a derogatory phrase ('starve in peace'), which are targeted attacks based on protected categories.""
}";1;1;HIGH;The span contains a racist statement ('so racist') and a derogatory phrase ('starve in peace'), which are targeted attacks based on protected categories.
277;anti-racism'... like, no, you absolute fuckface!!! That's all wrong! The;"{
  ""label"": ""CENSURE_LABEL"",
   ""confidence"": ""HIGH"",
   ""rationale"": ""The span contains a targeted attack based on protected categories ('anti-racism') and includes a derogatory term ('fuckface').""
}";1;0;HIGH;The span contains a targeted attack based on protected categories ('anti-racism') and includes a derogatory term ('fuckface').
1013;polltaxriotsMk2 are 100 % coming. Just a matter of time.;"{
  ""label"": ""CENSURE_LABEL"",
   ""confidence"": ""HIGH"",
   ""rationale"": ""The span_text contains a threat of violence ('riots') and a statement of impending harm ('are 100% coming'), which is considered conflictual language.""
}";1;1;HIGH;The span_text contains a threat of violence ('riots') and a statement of impending harm ('are 100% coming'), which is considered conflictual language.
7;Hey Kunal! We are sorry to hear on your trouble.;"{
  ""label"": ""NONE_LABEL"",
   ""confidence"": ""HIGH"",
   ""rationale"": ""The span_text does not contain any explicit harmful content, profanity, slurs, or targeted insults.""
}";0;0;HIGH;The span_text does not contain any explicit harmful content, profanity, slurs, or targeted insults.
531;Bruno and all ffs These motherfuckers are the biggest problem;"{
  ""label"": ""CENSURE_LABEL"",
   ""confidence"": ""HIGH"",
   ""rationale"": ""The presence of targeted insults, such as 'motherfuckers', and derogatory language ('These motherfuckers') indicates conflictual language.""
}";1;0;HIGH;The presence of targeted insults, such as 'motherfuckers', and derogatory language ('These motherfuckers') indicates conflictual language.
304;random, but always remember that you only have to a;"{
  ""label"": ""NONE_LABEL"",
   ""confidence"": ""HIGH"",
   ""rationale"": ""No explicit harmful content found in the span_text.""
}";0;0;HIGH;No explicit harmful content found in the span_text.
967;Paramore is fucken awesome.;"{
  ""label"": ""NONE_LABEL"",
   ""confidence"": ""HIGH"",
   ""rationale"": ""Excessive profanity is present in the span_text, but it does not target a specific protected category.""
}";0;0;HIGH;Excessive profanity is present in the span_text, but it does not target a specific protected category.
1030;that those that seek power and privilege are generally cunts.;"{
  ""label"": ""CENSURE_LABEL"",
   ""confidence"": ""HIGH"",
   ""rationale"": ""The span contains a derogatory slur ('cunts') targeting a protected category, which is a form of conflictual language.""
}";1;0;HIGH;The span contains a derogatory slur ('cunts') targeting a protected category, which is a form of conflictual language.
1315;@user Ca','n't' wait for the youngest to give a hand;"{
  ""label"": ""NONE_LABEL"",
   ""confidence"": ""HIGH"",
   ""rationale"": ""The span_text does not contain any explicit profanity, slurs, or targeted insults, but it does contain a phrase that could be interpreted as dismissive or condescending ('can't wait for the youngest to give a hand').""
}";0;1;HIGH;The span_text does not contain any explicit profanity, slurs, or targeted insults, but it does contain a phrase that could be interpreted as dismissive or condescending ('can't wait for the youngest to give a hand').
420;said scholesy stick to sucking your daughters toes mate clueless;"{
  ""label"": ""CENSURE_LABEL"",
   ""confidence"": ""HIGH"",
   ""rationale"": ""The span contains a targeted insult ('clueless') and derogatory language ('sucking your daughters toes'), which is considered conflictual language.""
}";1;1;HIGH;The span contains a targeted insult ('clueless') and derogatory language ('sucking your daughters toes'), which is considered conflictual language.
1338;@user He's a freaking spiteful little btchass asshole. After the;"{
  ""label"": ""CENSURE_LABEL"",
   ""confidence"": ""HIGH"",
   ""rationale"": ""The span contains multiple derogatory terms ('spiteful little btchass asshole') that are targeted insults.""
}";1;1;HIGH;The span contains multiple derogatory terms ('spiteful little btchass asshole') that are targeted insults.
1069;@barstoolsports @SpinninBackfist Looks like a bunch of fags!;"{
  ""label"": ""CENSURE_LABEL"",
   ""confidence"": ""HIGH"",
   ""rationale"": ""The span contains a derogatory term ('fags') which is a slur targeting the LGBTQ+ community.""
}";1;1;HIGH;The span contains a derogatory term ('fags') which is a slur targeting the LGBTQ+ community.
631;need a UK CNN to call the lying bastards out.;"{
  ""label"": ""CENSURE_LABEL"",
   ""confidence"": ""HIGH"",
   ""rationale"": ""The span_text contains a targeted insult ('lying bastards') which is considered conflictual language.""
}";1;0;HIGH;The span_text contains a targeted insult ('lying bastards') which is considered conflictual language.
48;this poor man up for clicks and views. Fkn pathetic;"{
  ""label"": ""CENSURE_LABEL"",
   ""confidence"": ""HIGH"",
   ""rationale"": ""The span contains targeted derogatory language ('Fkn pathetic') which is directed at a person, implying a lack of empathy.""
}";1;0;HIGH;The span contains targeted derogatory language ('Fkn pathetic') which is directed at a person, implying a lack of empathy.
57;breaking down in the middle of a mood disorder lecture;"{
  ""label"": ""NONE_LABEL"",
   ""confidence"": ""HIGH"",
   ""rationale"": ""The span_text does not contain conflictual language or explicit harm, but it does mention a mental health condition (mood disorder) which could be sensitive. However, given the context of a lecture, it's likely being discussed in a neutral or educational manner.""
}";0;0;HIGH;The span_text does not contain conflictual language or explicit harm, but it does mention a mental health condition (mood disorder) which could be sensitive. However, given the context of a lecture, it's likely being discussed in a neutral or educational manner.
9;@user @user @BBCNews UK media is clearly bigoted & an;"{
  ""label"": ""CENSURE_LABEL"",
   ""confidence"": ""HIGH"",
   ""rationale"": ""The span_text contains a targeted insult ('bigoted') and a derogatory term ('clearly'), which are indicative of conflictual language.""
}";1;1;HIGH;The span_text contains a targeted insult ('bigoted') and a derogatory term ('clearly'), which are indicative of conflictual language.
1045;hard for a bigoted little shitweasel like you to take,;"{
  ""label"": ""CENSURE_LABEL"",
   ""confidence"": ""HIGH"",
   ""rationale"": ""The span contains targeted derogatory language ('bigoted little shitweasel') that attacks a person's character, indicating conflictual language.""
}";1;1;HIGH;The span contains targeted derogatory language ('bigoted little shitweasel') that attacks a person's character, indicating conflictual language.
98;Sometimes I wish I can remove Buju's verses & chorus;"{
  ""label"": ""CENSURE_LABEL"",
   ""confidence"": ""HIGH"",
   ""rationale"": ""The span_text contains a targeted attack on Buju's work, which can be considered conflictual language.""
}";1;0;HIGH;The span_text contains a targeted attack on Buju's work, which can be considered conflictual language.
548;attacks for 3 hours. fuck this i'm' taking meds again;"{
  ""label"": ""CENSURE_LABEL"",
   ""confidence"": ""HIGH"",
   ""rationale"": ""The span contains a targeted insult ('fuck this') and a threat of violence ('attacks for 3 hours').""
}";1;0;HIGH;The span contains a targeted insult ('fuck this') and a threat of violence ('attacks for 3 hours').
1226;emotionally fragile and physically weak whining cunt',''''. Its amazing how;"{
  ""label"": ""CENSURE_LABEL"",
   ""confidence"": ""HIGH"",
   ""rationale"": ""The span contains targeted derogatory language ('cunt') that is directed at a person, which is a form of targeted insult.""
}";1;1;HIGH;The span contains targeted derogatory language ('cunt') that is directed at a person, which is a form of targeted insult.
118;one pic.😆so you better first find your own sexuality 🙂;"{
  ""label"": ""CENSURE_LABEL"",
   ""confidence"": ""HIGH"",
   ""rationale"": ""The span_text contains a targeted comment on someone's sexuality, which is a protected category and can be considered as conflictual language.""
}";1;1;HIGH;The span_text contains a targeted comment on someone's sexuality, which is a protected category and can be considered as conflictual language.
835;be your wedding day. That's depressing af to think about.;"{
  ""label"": ""NONE_LABEL"",
   ""confidence"": ""MEDIUM"",
   ""rationale"": ""The span_text contains profanity ('af') and a negative sentiment, but no targeted insults, excessive profanity, or slurs.""
}";0;0;MEDIUM;The span_text contains profanity ('af') and a negative sentiment, but no targeted insults, excessive profanity, or slurs.
22;@DaRealMiniToon i love how minitoon is constantly healing my crippling;"{
  ""label"": ""CENSURE_LABEL"",
   ""confidence"": ""MEDIUM"",
   ""rationale"": ""The span_text contains a targeted insult ('crippling') which implies a negative and hurtful intent towards the person being addressed.""
}";1;0;MEDIUM;The span_text contains a targeted insult ('crippling') which implies a negative and hurtful intent towards the person being addressed.
839;Wen, the commie baby k * ller herself, admitted masks;"{
  ""label"": ""CENSURE_LABEL"",
   ""confidence"": ""HIGH"",
   ""rationale"": ""The span_text contains a derogatory term ('commie baby k * ller') and a slur ('k * ller'), which are targeted attacks based on political and personal categories.""
}";1;1;HIGH;The span_text contains a derogatory term ('commie baby k * ller') and a slur ('k * ller'), which are targeted attacks based on political and personal categories.
305;manzana verde I choose Map of the soul: 7 by;"{
  ""label"": ""NONE_LABEL"",
   ""confidence"": ""HIGH"",
   ""rationale"": ""No conflictual language or excessive profanity detected in the span_text.""
}";0;0;HIGH;No conflictual language or excessive profanity detected in the span_text.
1390;@user I'm' guessing you use psycho otropic drugs and bizarre;"{
  ""label"": ""CENSURE_LABEL"",
   ""confidence"": ""HIGH"",
   ""rationale"": ""The span_text contains a targeted insult with the phrase 'I'm guessing you use psycho otropic drugs and bizarre', which is a form of attack based on perceived behavior.""
}";1;1;HIGH;The span_text contains a targeted insult with the phrase 'I'm guessing you use psycho otropic drugs and bizarre', which is a form of attack based on perceived behavior.
848;jail term starts. He will always be a useless twat.;"{
  ""label"": ""CENSURE_LABEL"",
   ""confidence"": ""HIGH"",
   ""rationale"": ""The span contains targeted hate speech with derogatory terms ('useless twat') that attack an individual's character.""
}";1;1;HIGH;The span contains targeted hate speech with derogatory terms ('useless twat') that attack an individual's character.
1009;much as I find these scumbags absolutely disgusting and appalled;"{
  ""label"": ""CENSURE_LABEL"",
   ""confidence"": ""HIGH"",
   ""rationale"": ""The span_text contains targeted derogatory language ('scumbags', 'disgusting', 'appalled') which is an attack on the character of the individuals.""
}";1;1;HIGH;The span_text contains targeted derogatory language ('scumbags', 'disgusting', 'appalled') which is an attack on the character of the individuals.
427;of the prom were fatphobes n cannibals or some shit;"{
  ""label"": ""CENSURE_LABEL"",
   ""confidence"": ""HIGH"",
   ""rationale"": ""The span contains derogatory terms ('fatphobes', 'cannibals') that target protected categories, indicating conflictual language.""
}";1;1;HIGH;The span contains derogatory terms ('fatphobes', 'cannibals') that target protected categories, indicating conflictual language.
1029;fuck unity. i don't want unity with treasonous bastards. and;"{
  ""label"": ""CENSURE_LABEL"",
   ""confidence"": ""HIGH"",
   ""rationale"": ""The span_text contains a targeted insult ('treasonous bastards') based on political affiliation, which is a protected category.""
}";1;1;HIGH;The span_text contains a targeted insult ('treasonous bastards') based on political affiliation, which is a protected category.
1136;joke. Criticsism is fine but that's some wildly arrogant dipshittery.;"{
  ""label"": ""CENSURE_LABEL"",
   ""confidence"": ""HIGH"",
   ""rationale"": ""The span_text contains a targeted insult ('dipshittery'), which is a form of conflictual language.""
}";1;1;HIGH;The span_text contains a targeted insult ('dipshittery'), which is a form of conflictual language.
122;i've been bulimic for so long my body just naturally;"{
  ""label"": ""CENSURE_LABEL"",
   ""confidence"": ""HIGH"",
   ""rationale"": ""The span_text contains a reference to bulimia, a serious eating disorder, which is a sensitive and potentially triggering topic.""
}";1;0;HIGH;The span_text contains a reference to bulimia, a serious eating disorder, which is a sensitive and potentially triggering topic.
999;You were in the Millitary, nerd. Killing kids was your;"{
  ""label"": ""CENSURE_LABEL"",
   ""confidence"": ""HIGH"",
   ""rationale"": ""The span_text contains a graphic description of killing kids, which is a severe attack and a clear example of conflictual language.""
}";1;1;HIGH;The span_text contains a graphic description of killing kids, which is a severe attack and a clear example of conflictual language.
1132;@RobGronkowski You're an idiot. His wife can't stand that orange;"{
  ""label"": ""CENSURE_LABEL"",
   ""confidence"": ""HIGH"",
   ""rationale"": ""The span contains a targeted insult ('You're an idiot') and a derogatory phrase ('orange', likely referring to a person's skin tone)""
}";1;1;HIGH;The span contains a targeted insult ('You're an idiot') and a derogatory phrase ('orange', likely referring to a person's skin tone)
714;know no one gives a shit but I'm a year;"{
  ""label"": ""NONE_LABEL"",
   ""confidence"": ""LOW"",
   ""rationale"": ""The span_text does not contain explicit phrases or patterns indicating conflictual language, excessive profanity, slurs, or targeted insults.""
}";0;0;LOW;The span_text does not contain explicit phrases or patterns indicating conflictual language, excessive profanity, slurs, or targeted insults.
713;I'd get to say that I dated fucking freddy fazbear;"{
  ""label"": ""CENSURE_LABEL"",
   ""confidence"": ""MEDIUM"",
   ""rationale"": ""The span_text contains a derogatory reference to a protected category (Freddy Fazbear is a character often associated with children) and excessive profanity, which may be considered conflictual language.""
}";1;0;MEDIUM;The span_text contains a derogatory reference to a protected category (Freddy Fazbear is a character often associated with children) and excessive profanity, which may be considered conflictual language.
378;to me when you can pitchfork a motherfucker to death;"{
  ""label"": ""CENSURE_LABEL"",
   ""confidence"": ""HIGH"",
   ""rationale"": ""The span contains a violent and aggressive phrase 'pitchfork a motherfucker to death' which is an attack and constitutes conflictual language.""
}";1;0;HIGH;The span contains a violent and aggressive phrase 'pitchfork a motherfucker to death' which is an attack and constitutes conflictual language.
239;Cot Deaths, suicides, burned bodies, fatal RTCs. Little old lady;"{
  ""label"": ""CENSURE_LABEL"",
   ""confidence"": ""HIGH"",
   ""rationale"": ""The span_text contains graphic descriptions of death and violence, which is a form of conflictual language.""
}";1;0;HIGH;The span_text contains graphic descriptions of death and violence, which is a form of conflictual language.
66;Send me a text with your cashtag baby ❤️❤️;"{
  ""label"": ""NONE_LABEL"",
   ""confidence"": ""HIGH"",
   ""rationale"": ""The span_text contains affectionate language and emojis, indicating a friendly tone.""
}";0;0;HIGH;The span_text contains affectionate language and emojis, indicating a friendly tone.
271;me run around like a dumbass— but this is very;"{
  ""label"": ""NONE_LABEL"",
   ""confidence"": ""HIGH"",
   ""rationale"": ""The span_text does not contain any explicit harmful content or language that could be considered conflictual.""
}";0;0;HIGH;The span_text does not contain any explicit harmful content or language that could be considered conflictual.
457;the first time it's happened. Control your cocks fellas x;"{
  ""label"": ""CENSURE_LABEL"",
   ""confidence"": ""HIGH"",
   ""rationale"": ""The span contains a derogatory term ('cocks') and a derogatory phrase ('Control your cocks fellas'), which is an attack based on gender.""
}";1;0;HIGH;The span contains a derogatory term ('cocks') and a derogatory phrase ('Control your cocks fellas'), which is an attack based on gender.
17;— @HYBEOFFICIALtwt @BIGHIT_MUSIC Apparently on the new Bangtan Bomb. the;"{
  ""label"": ""NONE_LABEL"",
   ""confidence"": ""HIGH"",
   ""rationale"": ""The span_text does not contain any explicit harmful content, profanity, slurs, or targeted insults.""
}";0;0;HIGH;The span_text does not contain any explicit harmful content, profanity, slurs, or targeted insults.
246;You must never do what your bio says cause your;"{
  ""label"": ""CENSURE_LABEL"",
   ""confidence"": ""MEDIUM"",
   ""rationale"": ""The span_text contains a command to not follow one's bio, which could be interpreted as an attack on a person's identity or characteristics.""
}";1;0;MEDIUM;The span_text contains a command to not follow one's bio, which could be interpreted as an attack on a person's identity or characteristics.
292;The Giants have reached their lowest point I can remember;"{
  ""label"": ""NONE_LABEL"",
   ""confidence"": ""HIGH"",
   ""rationale"": ""The span_text does not contain any explicit or implicit harmful content, profanity, slurs, or targeted insults.""
}";0;0;HIGH;The span_text does not contain any explicit or implicit harmful content, profanity, slurs, or targeted insults.
1723;"will be exonerated; troglodyte base will be emboldened. Tiebreaker: politicians";"{
  ""label"": ""CENSURE_LABEL"",
   ""confidence"": ""HIGH"",
   ""rationale"": ""The span contains derogatory language towards a group of people ('troglodyte base'), which is considered conflictual and harmful.""
}";1;1;HIGH;The span contains derogatory language towards a group of people ('troglodyte base'), which is considered conflictual and harmful.
342;get in fan wars and shit like this happens, and;"{
  ""label"": ""CENSURE_LABEL"",
   ""confidence"": ""HIGH"",
   ""rationale"": ""The span text contains derogatory language ('shit') and a reference to a harmful situation ('fan wars'), which can be considered conflictual.""
}";1;0;HIGH;The span text contains derogatory language ('shit') and a reference to a harmful situation ('fan wars'), which can be considered conflictual.
1236;yeah cos the motor and tranny no shim))). Them go;"{
  ""label"": ""NONE_LABEL"",
   ""confidence"": ""LOW"",
   ""rationale"": ""No explicit harmful content found in the span_text.""
}";0;1;LOW;No explicit harmful content found in the span_text.
430;at him. 'You've been my fucking rock since day one,;"{
  ""label"": ""NONE_LABEL"",
   ""confidence"": ""LOW"",
   ""rationale"": ""The span_text contains a mild profanity, but it is used in a positive context to express appreciation.""
}";0;0;LOW;The span_text contains a mild profanity, but it is used in a positive context to express appreciation.
664;@user No wonder the cnut is selling off his stock;"{
  ""label"": ""CENSURE_LABEL"",
   ""confidence"": ""HIGH"",
   ""rationale"": ""The span contains a derogatory term ('cnut') which is considered a targeted insult.""
}";1;0;HIGH;The span contains a derogatory term ('cnut') which is considered a targeted insult.
759;This weak-willed spineless arsehole the next step will be bootlicking!;"{
  ""label"": ""CENSURE_LABEL"",
   ""confidence"": ""HIGH"",
   ""rationale"": ""The span contains targeted derogatory language ('weak-willed', 'spineless', 'arsehole') and a threat ('the next step will be bootlicking'), which is considered conflictual and harmful.""
}";1;1;HIGH;The span contains targeted derogatory language ('weak-willed', 'spineless', 'arsehole') and a threat ('the next step will be bootlicking'), which is considered conflictual and harmful.
311;» dude you're so fucking retarded, that's why your call;"{
  ""label"": ""CENSURE_LABEL"",
   ""confidence"": ""HIGH"",
   ""rationale"": ""The span contains a targeted insult ('you're so fucking retarded') which is a severe form of conflictual language.""
}";1;1;HIGH;The span contains a targeted insult ('you're so fucking retarded') which is a severe form of conflictual language.
1244;@user Giving cash to the homeless makes them capitalists? Fuckin;"{
  ""label"": ""CENSURE_LABEL"",
   ""confidence"": ""HIGH"",
   ""rationale"": ""The span_text contains a targeted insult and derogatory language ('Fuckin') and a pejorative comparison ('capitalists') which is a form of conflictual language.""
}";1;1;HIGH;The span_text contains a targeted insult and derogatory language ('Fuckin') and a pejorative comparison ('capitalists') which is a form of conflictual language.
1700;what inspires Keir Starmer to be such a useless cunt;"{
  ""label"": ""CENSURE_LABEL"",
   ""confidence"": ""HIGH"",
   ""rationale"": ""The span contains a targeted insult with derogatory language ('cunt'), which is considered conflictual language.""
}";1;1;HIGH;The span contains a targeted insult with derogatory language ('cunt'), which is considered conflictual language.
99;i don't think i'm going to watch it cause everything;"{
  ""label"": ""NONE_LABEL"",
   ""confidence"": ""HIGH"",
   ""rationale"": ""The span_text does not contain any explicit harmful content or language that could be considered conflictual.""
}";0;0;HIGH;The span_text does not contain any explicit harmful content or language that could be considered conflictual.
854;Real niggas don't bump that weird ass nigga lil nas;"{
  ""label"": ""CENSURE_LABEL"",
   ""confidence"": ""HIGH"",
   ""rationale"": ""The span_text contains a targeted slur ('nigga') and a derogatory phrase ('weird ass nigga'), indicating conflictual language.""
}";1;0;HIGH;The span_text contains a targeted slur ('nigga') and a derogatory phrase ('weird ass nigga'), indicating conflictual language.
1430;to them. Absolute arseholes of the highest order. I hate;"{
  ""label"": ""CENSURE_LABEL"",
   ""confidence"": ""HIGH"",
   ""rationale"": ""The span contains a targeted insult with explicit derogatory language ('Absolute arseholes') and a statement of hatred, which is considered conflictual language.""
}";1;1;HIGH;The span contains a targeted insult with explicit derogatory language ('Absolute arseholes') and a statement of hatred, which is considered conflictual language.
1285;makes me believe even you know you're full of shit.;"{
  ""label"": ""CENSURE_LABEL"",
   ""confidence"": ""HIGH"",
   ""rationale"": ""The span_text contains a targeted insult, using profanity to express contempt and disrespect.""
}";1;1;HIGH;The span_text contains a targeted insult, using profanity to express contempt and disrespect.
884;the suicide bomber was member of China's Uyghur Muslim community.;"{
  ""label"": ""CENSURE_LABEL"",
   ""confidence"": ""HIGH"",
   ""rationale"": ""The span_text contains a reference to a suicide bomber, which is a violent and harmful act, and also mentions a specific ethnic and religious community, which could be perceived as targeting or stereotyping.""
}";1;1;HIGH;The span_text contains a reference to a suicide bomber, which is a violent and harmful act, and also mentions a specific ethnic and religious community, which could be perceived as targeting or stereotyping.
952;Ok, I get it... Lying mofos gon na lie. But,;"{
  ""label"": ""CENSURE_LABEL"",
   ""confidence"": ""HIGH"",
   ""rationale"": ""The span contains targeted derogatory language ('mofos') and a threat ('gon na lie'), which is a form of attack.""
}";1;0;HIGH;The span contains targeted derogatory language ('mofos') and a threat ('gon na lie'), which is a form of attack.
170;trying to throw the ball from the 1 you dolts;"{
  ""label"": ""CENSURE_LABEL"",
   ""confidence"": ""HIGH"",
   ""rationale"": ""The span contains a derogatory term ('dolt') and a condescending tone, targeting a group of people ('you dolts'), which is a form of conflictual language.""
}";1;1;HIGH;The span contains a derogatory term ('dolt') and a condescending tone, targeting a group of people ('you dolts'), which is a form of conflictual language.
131;expose publicly ur also not the mentally healthiest to be;"{
  ""label"": ""CENSURE_LABEL"",
   ""confidence"": ""HIGH"",
   ""rationale"": ""The span_text contains a targeted insult ('ur also not the mentally healthiest'), which is a form of conflictual language.""
}";1;1;HIGH;The span_text contains a targeted insult ('ur also not the mentally healthiest'), which is a form of conflictual language.
85;Sup, are you 18+ and not apart of the 18+;"{
  ""label"": ""CENSURE_LABEL"",
   ""confidence"": ""HIGH"",
   ""rationale"": ""The span_text contains a targeted exclusion based on age ('18+'), which can be considered conflictual language.""
}";1;0;HIGH;The span_text contains a targeted exclusion based on age ('18+'), which can be considered conflictual language.
315;him. i hate his mf gay ass so much. im;"{
  ""label"": ""CENSURE_LABEL"",
   ""confidence"": ""HIGH"",
   ""rationale"": ""The span contains a targeted slur against a protected category ('gay'), which is considered conflictual language.""
}";1;1;HIGH;The span contains a targeted slur against a protected category ('gay'), which is considered conflictual language.
301;Before it was called CAMHS: I saw the psych maybe;"{
  ""label"": ""NONE_LABEL"",
   ""confidence"": ""HIGH"",
   ""rationale"": ""The span_text does not contain any explicit harmful content, profanity, slurs, or targeted insults.""
}";0;0;HIGH;The span_text does not contain any explicit harmful content, profanity, slurs, or targeted insults.
993;are altered - someone is intentionally killing our populace and;"{
  ""label"": ""CENSURE_LABEL"",
   ""confidence"": ""HIGH"",
   ""rationale"": ""The phrase 'someone is intentionally killing our populace' contains a targeted threat, which is a form of conflictual language.""
}";1;1;HIGH;The phrase 'someone is intentionally killing our populace' contains a targeted threat, which is a form of conflictual language.
274;When I'm allowed gimps back in my home I hope;"{
  ""label"": ""NONE_LABEL"",
   ""confidence"": ""HIGH"",
   ""rationale"": ""The span_text does not contain any explicit harmful content, profanity, slurs, or targeted insults.""
}";0;0;HIGH;The span_text does not contain any explicit harmful content, profanity, slurs, or targeted insults.
238;potential danger than some EDL dickhead D) It's a private;"{
  ""label"": ""CENSURE_LABEL"",
   ""confidence"": ""HIGH"",
   ""rationale"": ""The presence of a derogatory term 'EDL dickhead' indicates targeted insult and hate speech, warranting a CENSURE_LABEL.""
}";1;0;HIGH;The presence of a derogatory term 'EDL dickhead' indicates targeted insult and hate speech, warranting a CENSURE_LABEL.
1664;I can't wait to be abused on the pitch again...;"{
  ""label"": ""CENSURE_LABEL"",
   ""confidence"": ""HIGH"",
   ""rationale"": ""The span_text contains a threat of physical abuse, which is a targeted attack and a form of conflictual language.""
}";1;1;HIGH;The span_text contains a threat of physical abuse, which is a targeted attack and a form of conflictual language.
77;i follow a lot of fanartists who draw bakugo often;"{
  ""label"": ""NONE_LABEL"",
   ""confidence"": ""HIGH"",
   ""rationale"": ""The span_text does not contain any harmful content, profanity, slurs, or targeted insults.""
}";0;0;HIGH;The span_text does not contain any harmful content, profanity, slurs, or targeted insults.
976;the lockdowns & media scaremongering of the past 18 months!;"{
  ""label"": ""CENSURE_LABEL"",
   ""confidence"": ""MEDIUM"",
   ""rationale"": ""The span_text contains language that can be perceived as conflictual, specifically 'lockdowns' and 'scaermongering' which may be associated with negative emotions and are not neutral terms.""
}";1;1;MEDIUM;The span_text contains language that can be perceived as conflictual, specifically 'lockdowns' and 'scaermongering' which may be associated with negative emotions and are not neutral terms.
221;but i feel like everyone else gets to enjoy recovery;"{
  ""label"": ""NONE_LABEL"",
   ""confidence"": ""HIGH"",
   ""rationale"": ""The span_text expresses a feeling of being left out, but does not contain any conflictual language or targeted insults.""
}";0;1;HIGH;The span_text expresses a feeling of being left out, but does not contain any conflictual language or targeted insults.
115;iiii bitch, I'll charge you extra just for being dumb.;"{
  ""label"": ""CENSURE_LABEL"",
   ""confidence"": ""HIGH"",
   ""rationale"": ""The span_text contains a targeted insult ('bitch') and derogatory language ('dumb').""
}";1;1;HIGH;The span_text contains a targeted insult ('bitch') and derogatory language ('dumb').
1575;Ay them crackas showed Roberta that shit wurk or sum😭;"{
  ""label"": ""CENSURE_LABEL"",
   ""confidence"": ""HIGH"",
   ""rationale"": ""The span_text contains a slur and a derogatory term ('crackas', 'shit'), which indicates conflictual language.""
}";1;1;HIGH;The span_text contains a slur and a derogatory term ('crackas', 'shit'), which indicates conflictual language.
913;it really helps to not be an asshole in life.;"{
  ""label"": ""NONE_LABEL"",
   ""confidence"": ""HIGH"",
   ""rationale"": ""The span_text contains a non-harmful phrase advising against being an asshole, indicating a positive and non-confrontational tone.""
}";0;1;HIGH;The span_text contains a non-harmful phrase advising against being an asshole, indicating a positive and non-confrontational tone.
6;@BTS_twt Hey Nam!! Today I took an English test you;"{
  ""label"": ""NONE_LABEL"",
   ""confidence"": ""HIGH"",
   ""rationale"": ""The span_text does not contain any explicit harmful content, excessive profanity, slurs, or targeted insults.""
}";0;0;HIGH;The span_text does not contain any explicit harmful content, excessive profanity, slurs, or targeted insults.
1014;bad enough members of your party are coke addicts, but;"{
  ""label"": ""CENSURE_LABEL"",
   ""confidence"": ""HIGH"",
   ""rationale"": ""The span_text contains a derogatory statement about a protected category ('party') and uses a pejorative term ('coke addicts'), which is considered conflictual language.""
}";1;1;HIGH;The span_text contains a derogatory statement about a protected category ('party') and uses a pejorative term ('coke addicts'), which is considered conflictual language.
232;jungkook has the milfiest mannerisms;"{
  ""label"": ""NONE_LABEL"",
   ""confidence"": ""HIGH"",
   ""rationale"": ""The span_text does not contain any explicit or implicit harmful content, protected categories, or excessive profanity.""
}";0;0;HIGH;The span_text does not contain any explicit or implicit harmful content, protected categories, or excessive profanity.
869;🙄 obviously u don't know cause u can't afford it.;"{
  ""label"": ""CENSURE_LABEL"",
   ""confidence"": ""HIGH"",
   ""rationale"": ""The span contains a targeted insult ('obviously u don't know') and a condescending tone ('cause u can't afford it'), which is conflictual language.""
}";1;1;HIGH;The span contains a targeted insult ('obviously u don't know') and a condescending tone ('cause u can't afford it'), which is conflictual language.
1587;Breaking News: Creepy handsy bastard sets up new party without;"{
  ""label"": ""CENSURE_LABEL"",
   ""confidence"": ""HIGH"",
   ""rationale"": ""The span_text contains targeted derogatory language ('handsy bastard') and conflictual language ('sets up new party without').""
}";1;1;HIGH;The span_text contains targeted derogatory language ('handsy bastard') and conflictual language ('sets up new party without').
784;are AT POVERTY. Way to shoot for the moon fucktards.;"{
  ""label"": ""CENSURE_LABEL"",
   ""confidence"": ""HIGH"",
   ""rationale"": ""The span contains a targeted insult ('fucktards') and a derogatory phrase ('shoot for the moon'), which are considered conflictual language.""
}";1;0;HIGH;The span contains a targeted insult ('fucktards') and a derogatory phrase ('shoot for the moon'), which are considered conflictual language.
415;else does with their life. shit never made any sense;"{
  ""label"": ""NONE_LABEL"",
   ""confidence"": ""LOW"",
   ""rationale"": ""The span_text contains profanity, but it is not targeted or excessive.""
}";0;0;LOW;The span_text contains profanity, but it is not targeted or excessive.
879;by murderous and lying Tory bastards is not worth having.;"{
  ""label"": ""CENSURE_LABEL"",
   ""confidence"": ""HIGH"",
   ""rationale"": ""The span_text contains targeted insult and derogatory language towards a political group ('Tory bastards'), which is considered conflictual language.""
}";1;0;HIGH;The span_text contains targeted insult and derogatory language towards a political group ('Tory bastards'), which is considered conflictual language.
147;About 60 % of Lawrence's' pass attempts also came in;"{
  ""label"": ""NONE_LABEL"",
   ""confidence"": ""HIGH"",
   ""rationale"": ""No conflictual language, slurs, or excessive profanity found in the span_text.""
}";0;0;HIGH;No conflictual language, slurs, or excessive profanity found in the span_text.
1910;i would describe you as a pretentious shitrug that likes;"{
  ""label"": ""CENSURE_LABEL"",
   ""confidence"": ""HIGH"",
   ""rationale"": ""The span_text contains a targeted insult with a derogatory adjective ('pretentious shitrug') and a derogatory noun ('shitrug').""
}";1;1;HIGH;The span_text contains a targeted insult with a derogatory adjective ('pretentious shitrug') and a derogatory noun ('shitrug').
306;I knew my brother was gon na trauma dump to;"{
  ""label"": ""CENSURE_LABEL"",
   ""confidence"": ""MEDIUM"",
   ""rationale"": ""The phrase 'trauma dump' is associated with emotional abuse and a targeted attack on an individual's mental well-being.""
}";1;0;MEDIUM;The phrase 'trauma dump' is associated with emotional abuse and a targeted attack on an individual's mental well-being.
190;Wow. What a scoop. How did you work that out??????;"{
  ""label"": ""NONE_LABEL"",
   ""confidence"": ""HIGH"",
   ""rationale"": ""No explicit harmful content or excessive profanity found in the span_text.""
}";0;0;HIGH;No explicit harmful content or excessive profanity found in the span_text.
1081;UK travel ban list. what a bunch of ignorant pricks.;"{
  ""label"": ""CENSURE_LABEL"",
   ""confidence"": ""HIGH"",
   ""rationale"": ""The span contains targeted derogatory language ('ignorant pricks') which is considered a form of conflictual language.""
}";1;1;HIGH;The span contains targeted derogatory language ('ignorant pricks') which is considered a form of conflictual language.
236;Irving's numbers are hard to completely eliminate because reputable historians;"{
  ""label"": ""NONE_LABEL"",
   ""confidence"": ""HIGH"",
   ""rationale"": ""The span_text does not contain any explicit harmful content, but rather a neutral statement about the difficulty of eliminating certain numbers due to the reputation of historians.""
}";0;0;HIGH;The span_text does not contain any explicit harmful content, but rather a neutral statement about the difficulty of eliminating certain numbers due to the reputation of historians.
64;Eyes wide Open it's hard for me to blink;"{
  ""label"": ""NONE_LABEL"",
   ""confidence"": ""HIGH"",
   ""rationale"": ""No explicit harmful content, profanity, slurs, or targeted insults found in the span_text.""
}";0;0;HIGH;No explicit harmful content, profanity, slurs, or targeted insults found in the span_text.
318;@user Stop ramming your sexual gender dysphoria on the masses;"{
  ""label"": ""CENSURE_LABEL"",
   ""confidence"": ""HIGH"",
   ""rationale"": ""The span contains targeted language against a protected category ('sexual gender dysphoria') and an attack on a group ('the masses').""
}";1;1;HIGH;The span contains targeted language against a protected category ('sexual gender dysphoria') and an attack on a group ('the masses').
910;or wouldn't correct the lie about Meghan not making her;"{
  ""label"": ""CENSURE_LABEL"",
   ""confidence"": ""HIGH"",
   ""rationale"": ""The span_text contains a targeted attack on Meghan, correcting a lie implies a false statement about her, which is a form of targeted insult.""
}";1;1;HIGH;The span_text contains a targeted attack on Meghan, correcting a lie implies a false statement about her, which is a form of targeted insult.
113;sign to tell that it's on the verge of death,;"{
  ""label"": ""NONE_LABEL"",
   ""confidence"": ""HIGH"",
   ""rationale"": ""The span_text does not contain any explicit conflictual language, slurs, excessive profanity, or targeted insults.""
}";0;1;HIGH;The span_text does not contain any explicit conflictual language, slurs, excessive profanity, or targeted insults.
34;@JGODYT Last night after a depressing session of warzone i;"{
  ""label"": ""NONE_LABEL"",
   ""confidence"": ""LOW"",
   ""rationale"": ""No explicit conflictual language or protected categories mentioned in the span_text.""
}";0;0;LOW;No explicit conflictual language or protected categories mentioned in the span_text.
169;Apologies for all the sadposting lately. Really been going through;"{
  ""label"": ""NONE_LABEL"",
   ""confidence"": ""HIGH"",
   ""rationale"": ""The span_text contains phrases indicating personal struggles and apologies, which do not contain conflictual language or harmful content.""
}";0;0;HIGH;The span_text contains phrases indicating personal struggles and apologies, which do not contain conflictual language or harmful content.
1190;na hear ur little bitchass say it all out loud;"{
  ""label"": ""CENSURE_LABEL"",
   ""confidence"": ""HIGH"",
   ""rationale"": ""The span contains a targeted insult ('little bitchass') which is a form of conflictual language.""
}";1;1;HIGH;The span contains a targeted insult ('little bitchass') which is a form of conflictual language.
289;Which market in Richmond has the new flamin hot mtn;"{
  ""label"": ""NONE_LABEL"",
   ""confidence"": ""HIGH"",
   ""rationale"": ""No conflictual language or harmful content found in the span_text.""
}";0;0;HIGH;No conflictual language or harmful content found in the span_text.
262;final hour of trading. Worst broker ever. Happening two to;"{
  ""label"": ""NONE_LABEL"",
   ""confidence"": ""HIGH"",
   ""rationale"": ""The span_text contains a subjective and negative opinion about a broker, but it does not contain any protected categories or excessive profanity.""
}";0;1;HIGH;The span_text contains a subjective and negative opinion about a broker, but it does not contain any protected categories or excessive profanity.
412;I don't mind there being fewer morons on the planet.;"{
  ""label"": ""CENSURE_LABEL"",
   ""confidence"": ""HIGH"",
   ""rationale"": ""The span_text contains a derogatory term ('morons') that is directed at a group of people, which is considered a targeted insult.""
}";1;1;HIGH;The span_text contains a derogatory term ('morons') that is directed at a group of people, which is considered a targeted insult.
1165;is it just all rainbows and hairy ass for you?;"{
  ""label"": ""CENSURE_LABEL"",
   ""confidence"": ""HIGH"",
   ""rationale"": ""The span contains a targeted insult with a derogatory phrase ('hairy ass'), which is considered conflictual language.""
}";1;1;HIGH;The span contains a targeted insult with a derogatory phrase ('hairy ass'), which is considered conflictual language.
409;the majority of people DID ' NT. The democRATS CHEATED.;"{
  ""label"": ""CENSURE_LABEL"",
   ""confidence"": ""HIGH"",
   ""rationale"": ""The span_text contains targeted insults and derogatory language towards a political group ('democRATS CHEATED'), which is a clear example of conflictual language.""
}";1;1;HIGH;The span_text contains targeted insults and derogatory language towards a political group ('democRATS CHEATED'), which is a clear example of conflictual language.
1258;the 90s. Much like Inafune's dickheaded ideas about Megaman, Iizuka's;"{
  ""label"": ""CENSURE_LABEL"",
   ""confidence"": ""HIGH"",
   ""rationale"": ""The span_text contains a derogatory phrase 'dickheaded ideas', which is a targeted insult and conflictual language.""
}";1;1;HIGH;The span_text contains a derogatory phrase 'dickheaded ideas', which is a targeted insult and conflictual language.
1842;just ruined my whole day. You're ugly, crusty, musty and;"{
  ""label"": ""CENSURE_LABEL"",
   ""confidence"": ""HIGH"",
   ""rationale"": ""The span_text contains a targeted insult with explicit derogatory language ('ugly', 'crusty', 'musty') directed at a person.""
}";1;1;HIGH;The span_text contains a targeted insult with explicit derogatory language ('ugly', 'crusty', 'musty') directed at a person.
1383;rising, given the misinformation and censorship from the MSM, gaslighting;"{
  ""label"": ""CENSURE_LABEL"",
   ""confidence"": ""HIGH"",
   ""rationale"": ""The span_text contains 'gaslighting', which is a form of psychological manipulation that can be considered conflictual language.""
}";1;1;HIGH;The span_text contains 'gaslighting', which is a form of psychological manipulation that can be considered conflictual language.
1969;u big fat wh * te nasty smelling fat bitch;"{
  ""label"": ""CENSURE_LABEL"",
   ""confidence"": ""HIGH"",
   ""rationale"": ""The span contains explicit targeted insults based on physical appearance and personal characteristics, which is a clear indication of conflictual language.""
}";1;1;HIGH;The span contains explicit targeted insults based on physical appearance and personal characteristics, which is a clear indication of conflictual language.
1614;got rid of that femboy ass physique you'd get some;"{
  ""label"": ""CENSURE_LABEL"",
   ""confidence"": ""HIGH"",
   ""rationale"": ""The span contains a targeted insult based on gender identity, specifically the term 'femboy', which is a derogatory term used to attack or mock individuals who exhibit traditionally feminine traits or behaviors.""
}";1;1;HIGH;The span contains a targeted insult based on gender identity, specifically the term 'femboy', which is a derogatory term used to attack or mock individuals who exhibit traditionally feminine traits or behaviors.
148;I hate when people get angry and throw your personal;"{
  ""label"": ""CENSURE_LABEL"",
   ""confidence"": ""HIGH"",
   ""rationale"": ""The span_text contains a targeted insult phrase 'hate when people get angry' which is a form of conflictual language.""
}";1;0;HIGH;The span_text contains a targeted insult phrase 'hate when people get angry' which is a form of conflictual language.
1486;@user Why do these ring wingnut snowflakes always feel the;"{
  ""label"": ""CENSURE_LABEL"",
   ""confidence"": ""HIGH"",
   ""rationale"": ""The span contains derogatory language ('ring wingnut snowflakes') targeting a protected category ('snowflakes' is a pejorative term for people who are perceived as being overly sensitive or easily offended).""
}";1;1;HIGH;The span contains derogatory language ('ring wingnut snowflakes') targeting a protected category ('snowflakes' is a pejorative term for people who are perceived as being overly sensitive or easily offended).
1079;interview with joe rogan you pussy all you guys that;"{
  ""label"": ""CENSURE_LABEL"",
   ""confidence"": ""HIGH"",
   ""rationale"": ""The span contains a derogatory term ('pussy') and a pejorative ('you guys that'), which are targeted insults and conflictual language.""
}";1;1;HIGH;The span contains a derogatory term ('pussy') and a pejorative ('you guys that'), which are targeted insults and conflictual language.
555;meds yesterday. so, clinical depression, anxiety, and a shit memory?!;"{
  ""label"": ""CENSURE_LABEL"",
   ""confidence"": ""HIGH"",
   ""rationale"": ""The span contains a derogatory term ('shit') and a reference to mental health issues, which can be considered conflictual language.""
}";1;0;HIGH;The span contains a derogatory term ('shit') and a reference to mental health issues, which can be considered conflictual language.
35;Hi! So sorry for our late reply, we completely missed;"{
  ""label"": ""NONE_LABEL"",
   ""confidence"": ""HIGH"",
   ""rationale"": ""The span_text contains apologetic language and does not contain any explicit harmful content.""
}";0;0;HIGH;The span_text contains apologetic language and does not contain any explicit harmful content.
61;hater, this is the future muthafuckas. Get onboard or get;"{
  ""label"": ""CENSURE_LABEL"",
   ""confidence"": ""HIGH"",
   ""rationale"": ""The span contains targeted derogatory language ('hater', 'muthafuckas') and a threat ('Get onboard or get')""
}";1;0;HIGH;The span contains targeted derogatory language ('hater', 'muthafuckas') and a threat ('Get onboard or get')
23;I need to: - win the lottery - buy a;"{
  ""label"": ""NONE_LABEL"",
   ""confidence"": ""HIGH"",
   ""rationale"": ""The span_text does not contain any explicit harmful content, profanity, slurs, or targeted insults.""
}";0;0;HIGH;The span_text does not contain any explicit harmful content, profanity, slurs, or targeted insults.
202;It is a little odd. I'm equally as interested in;"{
  ""label"": ""NONE_LABEL"",
   ""confidence"": ""HIGH"",
   ""rationale"": ""The span_text does not contain any explicit harmful content, profanity, slurs, or targeted insults.""
}";0;0;HIGH;The span_text does not contain any explicit harmful content, profanity, slurs, or targeted insults.
1898;good afternoon bitchasses, its me ur least favourite oomf krist;"{
  ""label"": ""CENSURE_LABEL"",
   ""confidence"": ""HIGH"",
   ""rationale"": ""The span_text contains a targeted insult with a derogatory term ('bitchasses') and a personal attack ('least favourite'), which is considered conflictual language.""
}";1;1;HIGH;The span_text contains a targeted insult with a derogatory term ('bitchasses') and a personal attack ('least favourite'), which is considered conflictual language.
607;but there's hundreds of white celebs that also get dark;"{
  ""label"": ""CENSURE_LABEL"",
   ""confidence"": ""MEDIUM"",
   ""rationale"": ""The span_text implies a comparison that could be perceived as discriminatory, referencing 'white celebs' in relation to 'dark' individuals.""
}";1;1;MEDIUM;The span_text implies a comparison that could be perceived as discriminatory, referencing 'white celebs' in relation to 'dark' individuals.
616;fraudulent... it can't be both or you're a moronic idiot!!!;"{
  ""label"": ""CENSURE_LABEL"",
   ""confidence"": ""HIGH"",
   ""rationale"": ""The span contains a targeted insult ('moronic idiot') and aggressive language ('idiot!!!'), which indicates a high level of conflictual language.""
}";1;0;HIGH;The span contains a targeted insult ('moronic idiot') and aggressive language ('idiot!!!'), which indicates a high level of conflictual language.
640;ago for no reason.. those mfs got SO many cc;"{
  ""label"": ""CENSURE_LABEL"",
   ""confidence"": ""HIGH"",
   ""rationale"": ""The span_text contains a derogatory phrase 'those mfs' and a potentially discriminatory reference to 'cc' which could be interpreted as a slur.""
}";1;0;HIGH;The span_text contains a derogatory phrase 'those mfs' and a potentially discriminatory reference to 'cc' which could be interpreted as a slur.
259;uhHhhHh they lied to my friends and i about cutting;"{
  ""label"": ""CENSURE_LABEL"",
   ""confidence"": ""MEDIUM"",
   ""rationale"": ""The span_text contains a statement of being lied to, which can be perceived as a targeted insult or attack, even though it's not explicitly stated as such.""
}";1;0;MEDIUM;The span_text contains a statement of being lied to, which can be perceived as a targeted insult or attack, even though it's not explicitly stated as such.
130;@BTS_twt @Harry_Styles glad to see that y'all enjoyed well 🥺🤍;"{
  ""label"": ""NONE_LABEL"",
   ""confidence"": ""HIGH"",
   ""rationale"": ""The span_text does not contain any explicit harmful content, but it does contain a potentially culturally insensitive emoji combination. However, without further context, it is difficult to determine its intent.""
}";0;0;HIGH;The span_text does not contain any explicit harmful content, but it does contain a potentially culturally insensitive emoji combination. However, without further context, it is difficult to determine its intent.
105;you should be more embarrassed on what your agency did;"{
  ""label"": ""CENSURE_LABEL"",
   ""confidence"": ""MEDIUM"",
   ""rationale"": ""The span_text contains a targeted criticism that could be perceived as an attack on a protected category (agency), which is a form of conflictual language.""
}";1;1;MEDIUM;The span_text contains a targeted criticism that could be perceived as an attack on a protected category (agency), which is a form of conflictual language.
891;reliant' and being a bloviating asshole. Guess I'll never be;"{
  ""label"": ""CENSURE_LABEL"",
   ""confidence"": ""HIGH"",
   ""rationale"": ""The span contains a derogatory term ('bloviating asshole') that targets the person's behavior and personality, which is considered conflictual language.""
}";1;0;HIGH;The span contains a derogatory term ('bloviating asshole') that targets the person's behavior and personality, which is considered conflictual language.
1652;he allowed to sleep? Drag this fucker out in to;"{
  ""label"": ""CENSURE_LABEL"",
   ""confidence"": ""HIGH"",
   ""rationale"": ""The presence of a targeted insult ('fucker') and a violent threat ('drag this fucker out in to') justify the CENSURE_LABEL.""
}";1;1;HIGH;The presence of a targeted insult ('fucker') and a violent threat ('drag this fucker out in to') justify the CENSURE_LABEL.
800;the left include every misfit in society that can barely;"{
  ""label"": ""CENSURE_LABEL"",
   ""confidence"": ""MEDIUM"",
   ""rationale"": ""The phrase 'misfit in society' can be interpreted as a derogatory term targeting individuals with disabilities or those who do not conform to societal norms.""
}";1;1;MEDIUM;The phrase 'misfit in society' can be interpreted as a derogatory term targeting individuals with disabilities or those who do not conform to societal norms.
981;- e - Shaheed, Then abdul blown his suicide vest.;"{
  ""label"": ""CENSURE_LABEL"",
   ""confidence"": ""HIGH"",
   ""rationale"": ""The presence of 'suicide vest' and 'blown' implies violent and graphic content, which is considered conflictual language.""
}";1;1;HIGH;The presence of 'suicide vest' and 'blown' implies violent and graphic content, which is considered conflictual language.
1092;long cut and wave his gun around at the school;"{
  ""label"": ""CENSURE_LABEL"",
   ""confidence"": ""HIGH"",
   ""rationale"": ""Threat of violence ('cut' and 'wave his gun around') towards a specific location ('school')""
}";1;1;HIGH;Threat of violence ('cut' and 'wave his gun around') towards a specific location ('school')
1885;saying 'wow you're not like the other jiggaboo tar babies';"{
  ""label"": ""CENSURE_LABEL"",
   ""confidence"": ""HIGH"",
   ""rationale"": ""The span contains a racial slur ('jiggaboo tar babies'), which is a targeted attack based on protected categories.""
}";1;1;HIGH;The span contains a racial slur ('jiggaboo tar babies'), which is a targeted attack based on protected categories.
594;my eyes ima have to open them mfkas right bk;"{
  ""label"": ""CENSURE_LABEL"",
   ""confidence"": ""HIGH"",
   ""rationale"": ""The span_text contains a targeted insult with derogatory language ('mfkas') and a threat ('have to open them right bk'), which indicates conflictual language.""
}";1;0;HIGH;The span_text contains a targeted insult with derogatory language ('mfkas') and a threat ('have to open them right bk'), which indicates conflictual language.
700;assembly will not misbehave as the did last time, Dishonourable.;"{
  ""label"": ""CENSURE_LABEL"",
   ""confidence"": ""HIGH"",
   ""rationale"": ""The span_text contains a targeted insult ('Dishonourable') which is a form of conflictual language.""
}";1;1;HIGH;The span_text contains a targeted insult ('Dishonourable') which is a form of conflictual language.
138;In case anyone was wondering, today is the day I;"{
  ""label"": ""NONE_LABEL"",
   ""confidence"": ""HIGH"",
   ""rationale"": ""There is no explicit harmful content in the span_text.""
}";0;0;HIGH;There is no explicit harmful content in the span_text.
25;don't got time for dat shit when I park. My;"{
  ""label"": ""NONE_LABEL"",
   ""confidence"": ""LOW"",
   ""rationale"": ""No explicit harmful content or protected categories mentioned in the span_text.""
}";0;0;LOW;No explicit harmful content or protected categories mentioned in the span_text.
4;us our gun rights. These douchebags need to be stopped.;"{
  ""label"": ""CENSURE_LABEL"",
   ""confidence"": ""HIGH"",
   ""rationale"": ""The span contains targeted derogatory language ('douchebags') and an attack on a protected category (gun rights), indicating conflictual language.""
}";1;1;HIGH;The span contains targeted derogatory language ('douchebags') and an attack on a protected category (gun rights), indicating conflictual language.
220;'I'm' fucking bitches, them bum bitches you fuck idolize' ~Conway;"{
  ""label"": ""CENSURE_LABEL"",
   ""confidence"": ""HIGH"",
   ""rationale"": ""The span contains a targeted insult and excessive profanity, specifically the phrase 'fucking bitches', which is a derogatory term and an attack based on gender.""
}";1;1;HIGH;The span contains a targeted insult and excessive profanity, specifically the phrase 'fucking bitches', which is a derogatory term and an attack based on gender.
385;common denominator of you /pol/ rejects, you're sad, disenfranchised, and;"{
  ""label"": ""CENSURE_LABEL"",
   ""confidence"": ""HIGH"",
   ""rationale"": ""The span_text contains a derogatory and condescending tone towards a specific group ('/pol/ rejects'), which is a form of targeted insult and conflictual language.""
}";1;1;HIGH;The span_text contains a derogatory and condescending tone towards a specific group ('/pol/ rejects'), which is a form of targeted insult and conflictual language.
726;and shades, sipping cocktails. Barbados in Belfast. Zero fucks given😎;"{
  ""label"": ""NONE_LABEL"",
   ""confidence"": ""HIGH"",
   ""rationale"": ""The span_text contains profane language, but it is used in a casual and humorous manner, not targeting any specific group or individual.""
}";0;0;HIGH;The span_text contains profane language, but it is used in a casual and humorous manner, not targeting any specific group or individual.
295;I am mentally, physically, and emotionally drained. I feel as;"{
  ""label"": ""NONE_LABEL"",
   ""confidence"": ""HIGH"",
   ""rationale"": ""The span_text describes a personal feeling of exhaustion without any conflictual language or attacks.""
}";0;0;HIGH;The span_text describes a personal feeling of exhaustion without any conflictual language or attacks.
1692;I seriously do hate when I see some coon shit;"{
  ""label"": ""CENSURE_LABEL"",
   ""confidence"": ""HIGH"",
   ""rationale"": ""The span contains a racial slur ('coon') which is a targeted insult.""
}";1;1;HIGH;The span contains a racial slur ('coon') which is a targeted insult.
1525;@user its the lyrics, it's depressing asf;"{
  ""label"": ""NONE_LABEL"",
   ""confidence"": ""LOW"",
   ""rationale"": ""No explicit phrases or patterns indicating conflictual language or excessive profanity.""
}";0;1;LOW;No explicit phrases or patterns indicating conflictual language or excessive profanity.
52;my view either they are suicidal or mass murderes. Period!;"{
  ""label"": ""CENSURE_LABEL"",
   ""confidence"": ""HIGH"",
   ""rationale"": ""The span_text contains a derogatory and aggressive statement towards a group of people, which is considered conflictual language.""
}";1;1;HIGH;The span_text contains a derogatory and aggressive statement towards a group of people, which is considered conflictual language.
1501;doctor prescribed Murray. It will help. You're losing your mind.;"{
  ""label"": ""CENSURE_LABEL"",
   ""confidence"": ""MEDIUM"",
   ""rationale"": ""The phrase 'You're losing your mind' can be perceived as a derogatory or dismissive comment towards someone's mental health, which is a protected category.""
}";1;1;MEDIUM;The phrase 'You're losing your mind' can be perceived as a derogatory or dismissive comment towards someone's mental health, which is a protected category.
260;Yassssss lmaoooooooo I can't wait until you chime in 😩😩😩😂😂😂😂😂;"{
  ""label"": ""NONE_LABEL"",
   ""confidence"": ""HIGH"",
   ""rationale"": ""The span_text contains enthusiastic and playful language, but no explicit or implicit harm, conflict, or targeted insults.""
}";0;0;HIGH;The span_text contains enthusiastic and playful language, but no explicit or implicit harm, conflict, or targeted insults.
737;@user The motherfucking goat;"{
  ""label"": ""CENSURE_LABEL"",
   ""confidence"": ""HIGH"",
   ""rationale"": ""The span_text contains a targeted insult with a derogatory term ('motherfucking goat') that is directed towards a person or group.""
}";1;0;HIGH;The span_text contains a targeted insult with a derogatory term ('motherfucking goat') that is directed towards a person or group.
54;Blinks and rosies, armys accounts are giving hatred to the;"{
  ""label"": ""CENSURE_LABEL"",
   ""confidence"": ""MEDIUM"",
   ""rationale"": ""The span_text contains a phrase 'hatred' which implies a negative and harmful sentiment towards a specific group or individual.""
}";1;0;MEDIUM;The span_text contains a phrase 'hatred' which implies a negative and harmful sentiment towards a specific group or individual.
806;@STVNews Sick beasty bastard. Chop his baws off now and;"{
  ""label"": ""CENSURE_LABEL"",
   ""confidence"": ""HIGH"",
   ""rationale"": ""The span contains targeted hate speech with derogatory language ('sick beasty bastard') and a violent threat ('chop his baws off now').""
}";1;0;HIGH;The span contains targeted hate speech with derogatory language ('sick beasty bastard') and a violent threat ('chop his baws off now').
247;Somebody pleasssssse give me some nice restaurants suggestions! My anniversary;"{
  ""label"": ""NONE_LABEL"",
   ""confidence"": ""HIGH"",
   ""rationale"": ""The span_text does not contain any explicit or implicit harmful content, profanity, slurs, or targeted insults.""
}";0;0;HIGH;The span_text does not contain any explicit or implicit harmful content, profanity, slurs, or targeted insults.
1517;that someone's face is as ugly as my butt goes;"{
  ""label"": ""CENSURE_LABEL"",
   ""confidence"": ""HIGH"",
   ""rationale"": ""The span_text contains a derogatory comparison of someone's physical appearance, which is a form of targeted insult.""
}";1;1;HIGH;The span_text contains a derogatory comparison of someone's physical appearance, which is a form of targeted insult.
199;own mindset that has you keep following the fuckery. Skinny;"{
  ""label"": ""CENSURE_LABEL"",
   ""confidence"": ""HIGH"",
   ""rationale"": ""The span contains profanity ('fuckery') that is not justified as educational, fictional, artistic, or hypothetical, and is therefore considered conflictual language.""
}";1;0;HIGH;The span contains profanity ('fuckery') that is not justified as educational, fictional, artistic, or hypothetical, and is therefore considered conflictual language.
55;The scholar and faqih al-Awzā',''' ī was of the opinion;"{
  ""label"": ""NONE_LABEL"",
   ""confidence"": ""HIGH"",
   ""rationale"": ""The span_text does not contain any explicit harmful content, profanity, slurs, or targeted insults.""
}";0;0;HIGH;The span_text does not contain any explicit harmful content, profanity, slurs, or targeted insults.
11;Like why do you feel the need to lean on;"{
  ""label"": ""NONE_LABEL"",
   ""confidence"": ""LOW"",
   ""rationale"": ""No explicit harmful content or protected categories mentioned in the span_text.""
}";0;0;LOW;No explicit harmful content or protected categories mentioned in the span_text.
997;the fascist Boomer: ur fashisss, looser Fuck, can we just;"{
  ""label"": ""CENSURE_LABEL"",
   ""confidence"": ""HIGH"",
   ""rationale"": ""The span contains targeted hate speech with derogatory terms such as 'fashisss', 'looser', and profanity like 'Fuck', which are indicative of conflictual language.""
}";1;1;HIGH;The span contains targeted hate speech with derogatory terms such as 'fashisss', 'looser', and profanity like 'Fuck', which are indicative of conflictual language.
761;A lot of these hoe ass mfs content with bein;"{
  ""label"": ""CENSURE_LABEL"",
   ""confidence"": ""HIGH"",
   ""rationale"": ""The span contains a slur and a derogatory term ('hoe ass mfs') targeting a specific group, which is considered conflictual language.""
}";1;1;HIGH;The span contains a slur and a derogatory term ('hoe ass mfs') targeting a specific group, which is considered conflictual language.
204;Your life is meaningless without me Findom finsub paypig paysub;"{
  ""label"": ""CENSURE_LABEL"",
   ""confidence"": ""HIGH"",
   ""rationale"": ""The span_text contains a targeted and manipulative statement, specifically 'Findom finsub paypig paysub', which is a known term associated with financial exploitation and control.""
}";1;1;HIGH;The span_text contains a targeted and manipulative statement, specifically 'Findom finsub paypig paysub', which is a known term associated with financial exploitation and control.
1428;Especially if they're still led by a subservient, enabling wankstain;"{
  ""label"": ""CENSURE_LABEL"",
   ""confidence"": ""HIGH"",
   ""rationale"": ""The span contains a targeted insult with derogatory language ('wankstain'), which is a form of conflictual language.""
}";1;1;HIGH;The span contains a targeted insult with derogatory language ('wankstain'), which is a form of conflictual language.
283;Uzaki-chan because 'small girl, big tits','''' and 'pleases pedophiles and;"{
  ""label"": ""CENSURE_LABEL"",
   ""confidence"": ""HIGH"",
   ""rationale"": ""The span_text contains explicit and derogatory language towards a minor, specifically 'small girl, big tits', which is a clear indicator of pedophilic content.""
}";1;0;HIGH;The span_text contains explicit and derogatory language towards a minor, specifically 'small girl, big tits', which is a clear indicator of pedophilic content.
750;they delivering at 3:15 pm mothafucka it's 6:39 pm y'all;"{
  ""label"": ""CENSURE_LABEL"",
   ""confidence"": ""HIGH"",
   ""rationale"": ""The span contains profanity ('mothafucka') which is a targeted insult, although the input signals indicate it's not targeted, the presence of profanity is enough to classify it as Conflictual language.""
}";1;0;HIGH;The span contains profanity ('mothafucka') which is a targeted insult, although the input signals indicate it's not targeted, the presence of profanity is enough to classify it as Conflictual language.
10;I took acetaminophen and feel like Advil falls into the;"{
  ""label"": ""NONE_LABEL"",
   ""confidence"": ""HIGH"",
   ""rationale"": ""The span_text does not contain any explicit harmful content, excessive profanity, slurs, or targeted insults.""
}";0;0;HIGH;The span_text does not contain any explicit harmful content, excessive profanity, slurs, or targeted insults.
284;5 stages of grief but reordered. Ranboo's character responds to;"{
  ""label"": ""NONE_LABEL"",
   ""confidence"": ""HIGH"",
   ""rationale"": ""No explicit harmful content found in the span_text.""
}";0;0;HIGH;No explicit harmful content found in the span_text.
316;NIP fanboys on suicidal watch;"{
  ""label"": ""CENSURE_LABEL"",
   ""confidence"": ""HIGH"",
   ""rationale"": ""The span_text contains a targeted insult ('NIP fanboys') and a reference to suicidal watch which could be considered a threat, indicating conflictual language.""
}";1;1;HIGH;The span_text contains a targeted insult ('NIP fanboys') and a reference to suicidal watch which could be considered a threat, indicating conflictual language.
898;fools to back the fuck off or they WILL handle;"{
  ""label"": ""CENSURE_LABEL"",
   ""confidence"": ""HIGH"",
   ""rationale"": ""The span contains a threat of physical harm ('WILL handle') and a strong insult ('fools to back the fuck off'), which indicates a high level of conflictual language.""
}";1;0;HIGH;The span contains a threat of physical harm ('WILL handle') and a strong insult ('fools to back the fuck off'), which indicates a high level of conflictual language.
1;@WhiteHouse @CarlHeastie @TishJames @RepMaloney @SenSchumer @CNN @MSNBC @NY1 @NYDailyNews @MKramerTV;"{
  ""label"": ""CENSURE_LABEL"",
   ""confidence"": ""HIGH"",
   ""rationale"": ""The span_text contains targeted attacks based on protected categories (@WhiteHouse, @RepMaloney, @SenSchumer) and mentions of news organizations, suggesting a coordinated effort to harass or intimidate individuals based on their affiliation.""
}";1;0;HIGH;The span_text contains targeted attacks based on protected categories (@WhiteHouse, @RepMaloney, @SenSchumer) and mentions of news organizations, suggesting a coordinated effort to harass or intimidate individuals based on their affiliation.
1121;deaths reported in England on Dec 24th, you daft twat.;"{
  ""label"": ""CENSURE_LABEL"",
   ""confidence"": ""HIGH"",
   ""rationale"": ""The span contains a targeted insult ('you daft twat') which is considered conflictual language.""
}";1;1;HIGH;The span contains a targeted insult ('you daft twat') which is considered conflictual language.
558;another ytber on the verge of suicide by mocking her;"{
  ""label"": ""CENSURE_LABEL"",
   ""confidence"": ""HIGH"",
   ""rationale"": ""The span_text contains language that mocks someone on the verge of suicide, which is a targeted attack and a form of bullying.""
}";1;1;HIGH;The span_text contains language that mocks someone on the verge of suicide, which is a targeted attack and a form of bullying.
352;@user you haven't taken your psychotic meds and it shows;"{
  ""label"": ""CENSURE_LABEL"",
   ""confidence"": ""HIGH"",
   ""rationale"": ""The span_text contains a targeted insult ('psychotic meds') and a derogatory implication, indicating conflictual language.""
}";1;1;HIGH;The span_text contains a targeted insult ('psychotic meds') and a derogatory implication, indicating conflictual language.
19;And I'd love to write one if only someone would;"{
  ""label"": ""NONE_LABEL"",
   ""confidence"": ""HIGH"",
   ""rationale"": ""No explicit harmful content, targeted insults, excessive profanity, or slurs present in the span_text.""
}";0;0;HIGH;No explicit harmful content, targeted insults, excessive profanity, or slurs present in the span_text.
58;Folks had already started to come by and take selfie's';"{
  ""label"": ""NONE_LABEL"",
   ""confidence"": ""HIGH"",
   ""rationale"": ""No conflictual language or harmful content found in the span_text.""
}";0;0;HIGH;No conflictual language or harmful content found in the span_text.
1218;& fact-based. There are scumbag racists out there & there;"{
  ""label"": ""CENSURE_LABEL"",
   ""confidence"": ""HIGH"",
   ""rationale"": ""The span_text contains explicit reference to a protected category ('racists') and an attack based on it.""
}";1;1;HIGH;The span_text contains explicit reference to a protected category ('racists') and an attack based on it.
245;@user LMAOOOO 😂😂😂 not the faggotsies!!!;"{
  ""label"": ""CENSURE_LABEL"",
   ""confidence"": ""HIGH"",
   ""rationale"": ""The span contains a derogatory slur 'faggotsies', which is a targeted insult against a protected category.""
}";1;1;HIGH;The span contains a derogatory slur 'faggotsies', which is a targeted insult against a protected category.
281;I'll kiss any of my creepy stalker fans that retweet;"{
  ""label"": ""CENSURE_LABEL"",
   ""confidence"": ""HIGH"",
   ""rationale"": ""The span_text contains a threat of physical harm ('kiss') and objectifies women as 'fans', implying a power imbalance and potential harassment.""
}";1;0;HIGH;The span_text contains a threat of physical harm ('kiss') and objectifies women as 'fans', implying a power imbalance and potential harassment.
623;Stop being such a dumb bitch and twisting everything I;"{
  ""label"": ""CENSURE_LABEL"",
   ""confidence"": ""HIGH"",
   ""rationale"": ""The span contains a targeted insult ('dumb bitch') and aggressive language ('Stop being such a'), which is considered conflictual language.""
}";1;1;HIGH;The span contains a targeted insult ('dumb bitch') and aggressive language ('Stop being such a'), which is considered conflictual language.
337;kinky side, a consultant with a little bit of slut.;"{
  ""label"": ""CENSURE_LABEL"",
   ""confidence"": ""HIGH"",
   ""rationale"": ""The span_text contains derogatory language ('slut') that targets a person's character.""
}";1;0;HIGH;The span_text contains derogatory language ('slut') that targets a person's character.
858;I would like a big fat dick to play with,;"{
  ""label"": ""CENSURE_LABEL"",
   ""confidence"": ""HIGH"",
   ""rationale"": ""The span_text contains a derogatory and explicit phrase referring to a body part, which is considered conflictual language.""
}";1;0;HIGH;The span_text contains a derogatory and explicit phrase referring to a body part, which is considered conflictual language.
49;Wtf does an ex cop know about handling a pandemic?;"{
  ""label"": ""CENSURE_LABEL"",
   ""confidence"": ""HIGH"",
   ""rationale"": ""The span_text contains a targeted insult, 'ex cop', which is a derogatory term used to attack a person's profession.""
}";1;1;HIGH;The span_text contains a targeted insult, 'ex cop', which is a derogatory term used to attack a person's profession.
1072;@cbfowler What a tool. Clemson and SEC suckass;"{
  ""label"": ""CENSURE_LABEL"",
   ""confidence"": ""HIGH"",
   ""rationale"": ""The span_text contains a targeted insult ('suckass') and derogatory language towards a protected category (SEC), which is considered conflictual language.""
}";1;1;HIGH;The span_text contains a targeted insult ('suckass') and derogatory language towards a protected category (SEC), which is considered conflictual language.
792;of my foot I transform into a vicious hateful bitch;"{
  ""label"": ""CENSURE_LABEL"",
   ""confidence"": ""HIGH"",
   ""rationale"": ""The span_text contains a derogatory and hateful term ('vicious hateful bitch') directed at a person, which is a targeted insult.""
}";1;0;HIGH;The span_text contains a derogatory and hateful term ('vicious hateful bitch') directed at a person, which is a targeted insult.
263;@BTS_twt Mh.. I have' n't' planned to write all of;"{
  ""label"": ""NONE_LABEL"",
   ""confidence"": ""HIGH"",
   ""rationale"": ""No explicit harmful content, slurs, or excessive profanity found in the span_text.""
}";0;0;HIGH;No explicit harmful content, slurs, or excessive profanity found in the span_text.
339;Call me precum the way I'm dripping 🥶;"{
  ""label"": ""CENSURE_LABEL"",
   ""confidence"": ""HIGH"",
   ""rationale"": ""The span_text contains a derogatory term for semen, which is a form of conflictual language.""
}";1;0;HIGH;The span_text contains a derogatory term for semen, which is a form of conflictual language.
1290;@user @user punch dat mofucking in da face u hated;"{
  ""label"": ""CENSURE_LABEL"",
   ""confidence"": ""HIGH"",
   ""rationale"": ""The span contains a targeted insult ('punch dat mofucking in da face') and hate speech ('u hated'), which are forms of conflictual language.""
}";1;1;HIGH;The span contains a targeted insult ('punch dat mofucking in da face') and hate speech ('u hated'), which are forms of conflictual language.
760;Guns and butter, lil dumb mothafucka;"{
  ""label"": ""CENSURE_LABEL"",
   ""confidence"": ""HIGH"",
   ""rationale"": ""The span contains a targeted insult with derogatory language ('dumb mothafucka').""
}";1;1;HIGH;The span contains a targeted insult with derogatory language ('dumb mothafucka').
1927;being a creep to asian women and fetishizing/sexualizing them. hed;"{
  ""label"": ""CENSURE_LABEL"",
   ""confidence"": ""HIGH"",
   ""rationale"": ""The span_text contains derogatory language towards Asian women, specifically 'fetishizing/sexualizing them', which is a targeted insult and a form of harassment.""
}";1;1;HIGH;The span_text contains derogatory language towards Asian women, specifically 'fetishizing/sexualizing them', which is a targeted insult and a form of harassment.
1989;y'all niggas some straight faggies who tf sits and talks;"{
  ""label"": ""CENSURE_LABEL"",
   ""confidence"": ""HIGH"",
   ""rationale"": ""The span contains a homophobic slur ('faggies') and a derogatory term ('niggas'), which are targeted insults based on protected categories.""
}";1;1;HIGH;The span contains a homophobic slur ('faggies') and a derogatory term ('niggas'), which are targeted insults based on protected categories.
100;I went private as a very kind relative helped with;"{
  ""label"": ""NONE_LABEL"",
   ""confidence"": ""HIGH"",
   ""rationale"": ""The span_text does not contain any explicit harmful content, profanity, slurs, or targeted insults.""
}";0;0;HIGH;The span_text does not contain any explicit harmful content, profanity, slurs, or targeted insults.
28;watching mx on vacation why is kihyun so energetic first;"{
  ""label"": ""NONE_LABEL"",
   ""confidence"": ""HIGH"",
   ""rationale"": ""The span_text does not contain any explicit harmful content, excessive profanity, slurs, or targeted insults.""
}";0;0;HIGH;The span_text does not contain any explicit harmful content, excessive profanity, slurs, or targeted insults.
754;literally called me a nigger & blackie @user end her;"{
  ""label"": ""CENSURE_LABEL"",
   ""confidence"": ""HIGH"",
   ""rationale"": ""The span contains explicit racial slurs ('nigger' and 'blackie') which are considered conflictual language.""
}";1;1;HIGH;The span contains explicit racial slurs ('nigger' and 'blackie') which are considered conflictual language.
1118;@user @CBCAlerts They tested positive for covid you dumbass. You;"{
  ""label"": ""CENSURE_LABEL"",
   ""confidence"": ""HIGH"",
   ""rationale"": ""The span_text contains a targeted insult ('you dumbass') which is a form of conflictual language.""
}";1;1;HIGH;The span_text contains a targeted insult ('you dumbass') which is a form of conflictual language.
183;sure it'll' be intense, insane and triggering asf! FXonHulu Hulu;"{
  ""label"": ""CENSURE_LABEL"",
   ""confidence"": ""HIGH"",
   ""rationale"": ""The span_text contains explicit language ('insane and triggering asf') and a potential reference to intense or disturbing content, which can be considered conflictual or triggering to some individuals.""
}";1;0;HIGH;The span_text contains explicit language ('insane and triggering asf') and a potential reference to intense or disturbing content, which can be considered conflictual or triggering to some individuals.
1358;@user I hate phil Donahue, he's an arrogant cunt, who;"{
  ""label"": ""CENSURE_LABEL"",
   ""confidence"": ""HIGH"",
   ""rationale"": ""The span contains a targeted insult with derogatory language ('cunt') directed at a specific individual ('Phil Donahue').""
}";1;1;HIGH;The span contains a targeted insult with derogatory language ('cunt') directed at a specific individual ('Phil Donahue').
363;Hey shitass, wan na see me milk a Bird?;"{
  ""label"": ""CENSURE_LABEL"",
   ""confidence"": ""HIGH"",
   ""rationale"": ""The span contains a targeted insult with derogatory language ('shitass') and a slur ('Bird'), which is considered conflictual language.""
}";1;1;HIGH;The span contains a targeted insult with derogatory language ('shitass') and a slur ('Bird'), which is considered conflictual language.
1503;you'd' do what I want!!' You like licking boots eh?;"{
  ""label"": ""CENSURE_LABEL"",
   ""confidence"": ""HIGH"",
   ""rationale"": ""The span_text contains a targeted insult ('licking boots') and aggressive tone ('do what I want!!'), indicating conflictual language.""
}";1;1;HIGH;The span_text contains a targeted insult ('licking boots') and aggressive tone ('do what I want!!'), indicating conflictual language.
696;commentators keep calling that Melbourne player a whore? @aflwomens AFLWDeesLions;"{
  ""label"": ""CENSURE_LABEL"",
   ""confidence"": ""HIGH"",
   ""rationale"": ""The span_text contains a derogatory term ('whore') directed at a specific individual, which is a targeted insult and conflictual language.""
}";1;0;HIGH;The span_text contains a derogatory term ('whore') directed at a specific individual, which is a targeted insult and conflictual language.
256;dangerous racist lying cheating incompetent criminal corrupt seditious mass murderer;"{
  ""label"": ""CENSURE_LABEL"",
   ""confidence"": ""HIGH"",
   ""rationale"": ""The span contains explicit racist and seditious language, which falls under protected categories and constitutes a severe attack.""
}";1;1;HIGH;The span contains explicit racist and seditious language, which falls under protected categories and constitutes a severe attack.
1060;@VillarrealCF How are you in champions league? You're' fuckong horrific;"{
  ""label"": ""CENSURE_LABEL"",
   ""confidence"": ""HIGH"",
   ""rationale"": ""The span contains a targeted insult ('fuckong horrific') directed at a specific team (@VillarrealCF)""
}";1;1;HIGH;The span contains a targeted insult ('fuckong horrific') directed at a specific team (@VillarrealCF)
1018;@CheriJacobus The beeotch can't stand that he's effective and competent.;"{
  ""label"": ""CENSURE_LABEL"",
   ""confidence"": ""HIGH"",
   ""rationale"": ""The span contains a targeted insult ('The beeotch') and derogatory language ('can't stand that he's effective and competent'), which indicates conflictual language.""
}";1;0;HIGH;The span contains a targeted insult ('The beeotch') and derogatory language ('can't stand that he's effective and competent'), which indicates conflictual language.
788;As expected. Many QAnon supporters are low-life criminals, not caring;"{
  ""label"": ""CENSURE_LABEL"",
   ""confidence"": ""HIGH"",
   ""rationale"": ""The phrase 'low-life criminals' is an insult that targets a group of people, which is considered conflictual language.""
}";1;1;HIGH;The phrase 'low-life criminals' is an insult that targets a group of people, which is considered conflictual language.
417;the day fully hating everyone who thinks it's a joke;"{
  ""label"": ""CENSURE_LABEL"",
   ""confidence"": ""HIGH"",
   ""rationale"": ""The span_text contains language that is an attack on a group of people ('everyone'), which is considered conflictual and harmful.""
}";1;1;HIGH;The span_text contains language that is an attack on a group of people ('everyone'), which is considered conflictual and harmful.
1364;the league, so please do your research first u knobhead;"{
  ""label"": ""CENSURE_LABEL"",
   ""confidence"": ""HIGH"",
   ""rationale"": ""The span contains a targeted insult ('u knobhead'), which is a form of conflictual language.""
}";1;1;HIGH;The span contains a targeted insult ('u knobhead'), which is a form of conflictual language.
258;Saying: 'HasbunAllah' (Allah is sufficient for us) strengthens our iman,;"{
  ""label"": ""NONE_LABEL"",
   ""confidence"": ""HIGH"",
   ""rationale"": ""The span_text contains a quote with a religious phrase, which does not indicate conflictual language or harm towards a protected category.""
}";0;0;HIGH;The span_text contains a quote with a religious phrase, which does not indicate conflictual language or harm towards a protected category.
809;time as Alicia did, her cunt gushing and squirting a;"{
  ""label"": ""CENSURE_LABEL"",
   ""confidence"": ""HIGH"",
   ""rationale"": ""The span contains explicit and derogatory language, specifically a derogatory term for female genitalia, which is considered conflictual language.""
}";1;0;HIGH;The span contains explicit and derogatory language, specifically a derogatory term for female genitalia, which is considered conflictual language.
1327;Feminists are devising ways to eradicate this misogynistic evolutionary 'construct',''''.;"{
  ""label"": ""CENSURE_LABEL"",
   ""confidence"": ""HIGH"",
   ""rationale"": ""The span_text contains a targeted attack based on protected category 'gender' (misogynistic) and uses derogatory language to describe a group of people ('Feminists' and 'misogynistic evolutionary 'construct'').""
}";1;1;HIGH;The span_text contains a targeted attack based on protected category 'gender' (misogynistic) and uses derogatory language to describe a group of people ('Feminists' and 'misogynistic evolutionary 'construct'').
44;@GaryLineker @piersmorgan Not when u are a bully! In a;"{
  ""label"": ""CENSURE_LABEL"",
   ""confidence"": ""HIGH"",
   ""rationale"": ""The span contains targeted insult language ('bully') directed at a specific individual (@piersmorgan)""
}";1;0;HIGH;The span contains targeted insult language ('bully') directed at a specific individual (@piersmorgan)
8;You forgot to download the modle;"{
  ""label"": ""NONE_LABEL"",
   ""confidence"": ""HIGH"",
   ""rationale"": ""The span_text does not contain any explicit harmful content or protected categories, and the language used is neutral.""
}";0;0;HIGH;The span_text does not contain any explicit harmful content or protected categories, and the language used is neutral.
401;These bitches are truly sick in the head. Who raised;"{
  ""label"": ""CENSURE_LABEL"",
   ""confidence"": ""HIGH"",
   ""rationale"": ""The span contains a derogatory term ('bitches') and a targeted insult ('sick in the head'), which are considered conflictual language.""
}";1;1;HIGH;The span contains a derogatory term ('bitches') and a targeted insult ('sick in the head'), which are considered conflictual language.
637;- they are all incompetent & out their depth Patel;"{
  ""label"": ""CENSURE_LABEL"",
   ""confidence"": ""HIGH"",
   ""rationale"": ""The span contains a targeted insult ('incompetent & out their depth') directed at a specific individual ('Patel').""
}";1;1;HIGH;The span contains a targeted insult ('incompetent & out their depth') directed at a specific individual ('Patel').
180;@AyoCaesar @oliverburkeman What a ghoul you are. Quote tweeting this;"{
  ""label"": ""CENSURE_LABEL"",
   ""confidence"": ""HIGH"",
   ""rationale"": ""The span_text contains targeted conflictual language, specifically an attack based on protected categories ('ghoul' is a derogatory term).""
}";1;1;HIGH;The span_text contains targeted conflictual language, specifically an attack based on protected categories ('ghoul' is a derogatory term).
1897;godammit fallen aces keeps freezing and crashing in the intro:;"{
  ""label"": ""NONE_LABEL"",
   ""confidence"": ""LOW"",
   ""rationale"": ""No explicit conflictual language or targeted insults found in the span_text.""
}";0;1;LOW;No explicit conflictual language or targeted insults found in the span_text.
1934;matt lucas and david walliams are absolute scumbags who did;"{
  ""label"": ""CENSURE_LABEL"",
   ""confidence"": ""HIGH"",
   ""rationale"": ""The span_text contains a targeted insult towards individuals, specifically calling them 'scumbags'.""
}";1;1;HIGH;The span_text contains a targeted insult towards individuals, specifically calling them 'scumbags'.
748;boss just played the meanest fucking prank on me! He;"{
  ""label"": ""CENSURE_LABEL"",
   ""confidence"": ""HIGH"",
   ""rationale"": ""The span contains a targeted insult ('meanest fucking prank') and excessive profanity ('fucking'), which are not justified by context.""
}";1;0;HIGH;The span contains a targeted insult ('meanest fucking prank') and excessive profanity ('fucking'), which are not justified by context.
1403;Their club is filled with whiny losers and arrogant pricks;"{
  ""label"": ""CENSURE_LABEL"",
   ""confidence"": ""HIGH"",
   ""rationale"": ""The span_text contains targeted insults ('whiny losers', 'arrogant pricks') which are considered conflictual language.""
}";1;1;HIGH;The span_text contains targeted insults ('whiny losers', 'arrogant pricks') which are considered conflictual language.
103;reflects on you Not weepin'' in a party bathroom Some;"{
  ""label"": ""NONE_LABEL"",
   ""confidence"": ""LOW"",
   ""rationale"": ""No explicit harmful content found in the span_text. However, the phrase 'Not weepin'' may be perceived as dismissive or unsympathetic, but it does not contain a targeted insult or slur.""
}";0;0;LOW;No explicit harmful content found in the span_text. However, the phrase 'Not weepin'' may be perceived as dismissive or unsympathetic, but it does not contain a targeted insult or slur.
27;I just payed to resend my transcripts dumbasss admissions;"{
  ""label"": ""CENSURE_LABEL"",
   ""confidence"": ""HIGH"",
   ""rationale"": ""The span contains a targeted insult ('dumbasss') which is a form of conflictual language.""
}";1;0;HIGH;The span contains a targeted insult ('dumbasss') which is a form of conflictual language.
1026;@JDVance1 My god you are a feckless cunt.;"{
  ""label"": ""CENSURE_LABEL"",
   ""confidence"": ""HIGH"",
   ""rationale"": ""The span contains a targeted insult with derogatory language ('cunt'), which is a severe form of conflictual language.""
}";1;0;HIGH;The span contains a targeted insult with derogatory language ('cunt'), which is a severe form of conflictual language.
117;and possibly as much competence as a suicidal penguine! The;"{
  ""label"": ""CENSURE_LABEL"",
   ""confidence"": ""HIGH"",
   ""rationale"": ""The phrase 'suicidal penguin' is an insult and a derogatory comparison, which is a targeted attack.""
}";1;1;HIGH;The phrase 'suicidal penguin' is an insult and a derogatory comparison, which is a targeted attack.
606;for us all < 333 bye bye 2020 you bitchhhh;"{
  ""label"": ""CENSURE_LABEL"",
   ""confidence"": ""HIGH"",
   ""rationale"": ""The span_text contains a targeted insult ('you bitchhhh'), which is a form of conflictual language.""
}";1;0;HIGH;The span_text contains a targeted insult ('you bitchhhh'), which is a form of conflictual language.
727;been 3x that many military suicides tho. Fuck off gman;"{
  ""label"": ""CENSURE_LABEL"",
   ""confidence"": ""HIGH"",
   ""rationale"": ""The presence of targeted insult and excessive profanity in the span_text, specifically the phrase 'Fuck off gman', justifies the CENSURE_LABEL.""
}";1;0;HIGH;The presence of targeted insult and excessive profanity in the span_text, specifically the phrase 'Fuck off gman', justifies the CENSURE_LABEL.
494;trauma dumping is not okay and really kills the mood;"{
  ""label"": ""CENSURE_LABEL"",
   ""confidence"": ""MEDIUM"",
   ""rationale"": ""The phrase 'kills the mood' is an attack based on emotional well-being, which can be considered as a form of targeted insult.""
}";1;1;MEDIUM;The phrase 'kills the mood' is an attack based on emotional well-being, which can be considered as a form of targeted insult.
1704;shit mood today. Some monkey hoodrat hopped around asking me',''whAt's;"{
  ""label"": ""CENSURE_LABEL"",
   ""confidence"": ""HIGH"",
   ""rationale"": ""The span_text contains a derogatory term ('monkey hoodrat') that targets a protected category (race), which is considered conflictual language.""
}";1;1;HIGH;The span_text contains a derogatory term ('monkey hoodrat') that targets a protected category (race), which is considered conflictual language.
1049;nobody gives a f about your fake and calculated statement,;"{
  ""label"": ""CENSURE_LABEL"",
   ""confidence"": ""HIGH"",
   ""rationale"": ""The span contains a targeted insult ('fake and calculated statement') and aggressive tone ('nobody gives a f'), which is considered conflictual language.""
}";1;1;HIGH;The span contains a targeted insult ('fake and calculated statement') and aggressive tone ('nobody gives a f'), which is considered conflictual language.
1159;division two we would survive anything not like dole dossers;"{
  ""label"": ""NONE_LABEL"",
   ""confidence"": ""HIGH"",
   ""rationale"": ""No explicit harmful content or protected categories mentioned in the span_text.""
}";0;1;HIGH;No explicit harmful content or protected categories mentioned in the span_text.
1176;place that is plagued with a lot of complete shitstains.;"{
  ""label"": ""CENSURE_LABEL"",
   ""confidence"": ""HIGH"",
   ""rationale"": ""The span contains a derogatory and insulting phrase 'shitstains', which is a form of targeted insult and conflictual language.""
}";1;1;HIGH;The span contains a derogatory and insulting phrase 'shitstains', which is a form of targeted insult and conflictual language.
303;The secret to longevity. Always have a to-do list and;"{
  ""label"": ""NONE_LABEL"",
   ""confidence"": ""HIGH"",
   ""rationale"": ""No explicit harmful content found in the span_text.""
}";0;0;HIGH;No explicit harmful content found in the span_text.
433;@TerryMcAuliffe @user @GlennYoungkin is a racist bigot, that supports insurrection.;"{
  ""label"": ""CENSURE_LABEL"",
   ""confidence"": ""HIGH"",
   ""rationale"": ""The span contains explicit accusations of racism and bigotry, supporting insurrection, which are direct attacks on protected categories.""
}";1;1;HIGH;The span contains explicit accusations of racism and bigotry, supporting insurrection, which are direct attacks on protected categories.
209;@barriecassidy bc',''criminal',''' standards of guilt have a very high bar.;"{
  ""label"": ""NONE_LABEL"",
   ""confidence"": ""HIGH"",
   ""rationale"": ""The span_text does not contain any explicit harmful content, but rather a statement about the standards of guilt, which is a neutral and factual concept.""
}";0;0;HIGH;The span_text does not contain any explicit harmful content, but rather a statement about the standards of guilt, which is a neutral and factual concept.
971;the repugnant coddling of drug abusers. It's sickening to behold.;"{
  ""label"": ""CENSURE_LABEL"",
   ""confidence"": ""HIGH"",
   ""rationale"": ""The span_text contains a targeted insult ('sickening to behold') and derogatory language ('repugnant coddling') that attacks a group indirectly.""
}";1;1;HIGH;The span_text contains a targeted insult ('sickening to behold') and derogatory language ('repugnant coddling') that attacks a group indirectly.
75;may have to be both. Fan-fucking-tastic. Jessica Jones x Supernatural;"{
  ""label"": ""NONE_LABEL"",
   ""confidence"": ""HIGH"",
   ""rationale"": ""The span_text contains excessive profanity ('Fan-fucking-tastic'), but it is not targeted at a specific group and does not contain any slurs or targeted insults.""
}";0;0;HIGH;The span_text contains excessive profanity ('Fan-fucking-tastic'), but it is not targeted at a specific group and does not contain any slurs or targeted insults.
552;show to calm shit down. You're a weak, selfish person.;"{
  ""label"": ""CENSURE_LABEL"",
   ""confidence"": ""HIGH"",
   ""rationale"": ""The span_text contains a targeted insult ('weak, selfish person'), which is a form of conflictual language.""
}";1;1;HIGH;The span_text contains a targeted insult ('weak, selfish person'), which is a form of conflictual language.
1174;politic. And Trump was a barrel full of hydrochloric acid.;"{
  ""label"": ""CENSURE_LABEL"",
   ""confidence"": ""HIGH"",
   ""rationale"": ""The span_text contains a derogatory comparison of a person to a harmful substance, indicating conflictual language.""
}";1;1;HIGH;The span_text contains a derogatory comparison of a person to a harmful substance, indicating conflictual language.
1047;at every stage shitcunts pisspoor crap panasonicled panasonic television useless;"{
  ""label"": ""CENSURE_LABEL"",
   ""confidence"": ""HIGH"",
   ""rationale"": ""The span_text contains targeted derogatory language ('shitcunts', 'pisspoor crap') and discriminatory language ('panasonicled panasonic television useless' is not a slur but the use of 'shitcunts' is enough to classify as CENSURE_LABEL)""
}";1;1;HIGH;The span_text contains targeted derogatory language ('shitcunts', 'pisspoor crap') and discriminatory language ('panasonicled panasonic television useless' is not a slur but the use of 'shitcunts' is enough to classify as CENSURE_LABEL)
249;I feel like the Draft in general is a gamble,;"{
  ""label"": ""NONE_LABEL"",
   ""confidence"": ""HIGH"",
   ""rationale"": ""The span_text does not contain any explicit harmful content, excessive profanity, slurs, or targeted insults.""
}";0;0;HIGH;The span_text does not contain any explicit harmful content, excessive profanity, slurs, or targeted insults.
1206;Oh go and get fucked your absolute cock head wanka!;"{
  ""label"": ""CENSURE_LABEL"",
   ""confidence"": ""HIGH"",
   ""rationale"": ""The span contains severe profanity ('fucked', 'cock head', 'wanka') and targeted insults ('absolute cock head wanka')""
}";1;1;HIGH;The span contains severe profanity ('fucked', 'cock head', 'wanka') and targeted insults ('absolute cock head wanka')
215;Sitting here, in the same room I couldn't stand leaving;"{
  ""label"": ""NONE_LABEL"",
   ""confidence"": ""HIGH"",
   ""rationale"": ""The span_text does not contain any explicit harmful content, profanity, slurs, or targeted insults.""
}";0;0;HIGH;The span_text does not contain any explicit harmful content, profanity, slurs, or targeted insults.
213;Drop your YouTube & Twitch links below and let's get;"{
  ""label"": ""NONE_LABEL"",
   ""confidence"": ""HIGH"",
   ""rationale"": ""No explicit harmful content or language found in the span_text.""
}";0;0;HIGH;No explicit harmful content or language found in the span_text.
983;sex appeal to the horny bastards and then rip off;"{
  ""label"": ""CENSURE_LABEL"",
   ""confidence"": ""HIGH"",
   ""rationale"": ""The span_text contains targeted derogatory language ('bastards') and a reference to sexual attraction ('sex appeal'), which is considered conflictual and harmful.""
}";1;0;HIGH;The span_text contains targeted derogatory language ('bastards') and a reference to sexual attraction ('sex appeal'), which is considered conflictual and harmful.
217;Cursed DnD 5e Characters that make your DM want to;"{
  ""label"": ""CENSURE_LABEL"",
   ""confidence"": ""HIGH"",
   ""rationale"": ""The term 'Cursed' is used in a derogatory manner, implying something is undesirable or evil, which can be perceived as a form of insult.""
}";1;0;HIGH;The term 'Cursed' is used in a derogatory manner, implying something is undesirable or evil, which can be perceived as a form of insult.
571;african american using aave sound like a fuckin bozo anyways;"{
  ""label"": ""CENSURE_LABEL"",
   ""confidence"": ""HIGH"",
   ""rationale"": ""The span contains a racial slur and a derogatory term, which is considered conflictual language.""
}";1;0;HIGH;The span contains a racial slur and a derogatory term, which is considered conflictual language.
13;@ShotcallGG BRUH you didn't tell me Avori was playing... I;"{
  ""label"": ""NONE_LABEL"",
   ""confidence"": ""LOW"",
   ""rationale"": ""No explicit harmful content or protected categories mentioned in the span_text.""
}";0;0;LOW;No explicit harmful content or protected categories mentioned in the span_text.
1394;coochies of Democrats, then you must be: 1) a Trumpleton;"{
  ""label"": ""CENSURE_LABEL"",
   ""confidence"": ""HIGH"",
   ""rationale"": ""The span_text contains a targeted insult based on political affiliation ('Democrats') and a derogatory term ('Trumpleton'), which is a form of conflictual language.""
}";1;1;HIGH;The span_text contains a targeted insult based on political affiliation ('Democrats') and a derogatory term ('Trumpleton'), which is a form of conflictual language.
347;my lungs out coz these bitches are dumb, now again;"{
  ""label"": ""CENSURE_LABEL"",
   ""confidence"": ""HIGH"",
   ""rationale"": ""The span_text contains targeted derogatory language towards a group of people ('bitches') and also contains a threat ('my lungs out'), which indicates a high level of conflictual language.""
}";1;0;HIGH;The span_text contains targeted derogatory language towards a group of people ('bitches') and also contains a threat ('my lungs out'), which indicates a high level of conflictual language.
894;my throat is like yeah okay bitch, try that again!;"{
  ""label"": ""CENSURE_LABEL"",
   ""confidence"": ""HIGH"",
   ""rationale"": ""The span contains a targeted insult ('bitch') which is a form of conflictual language.""
}";1;0;HIGH;The span contains a targeted insult ('bitch') which is a form of conflictual language.
194;or is peppy just a crybaby on twitter over the;"{
  ""label"": ""NONE_LABEL"",
   ""confidence"": ""LOW"",
   ""rationale"": ""No explicit harmful content or protected category attacks found in the span_text.""
}";0;1;LOW;No explicit harmful content or protected category attacks found in the span_text.
485;y'all defend any borderline racist shit in rap behind 'freedom;"{
  ""label"": ""CENSURE_LABEL"",
   ""confidence"": ""HIGH"",
   ""rationale"": ""The span contains borderline racist language ('borderline racist shit'), which is a direct attack on a protected category.""
}";1;0;HIGH;The span contains borderline racist language ('borderline racist shit'), which is a direct attack on a protected category.
693;the design too - assholes like you slowing shit down;"{
  ""label"": ""CENSURE_LABEL"",
   ""confidence"": ""HIGH"",
   ""rationale"": ""The span contains a targeted insult ('assholes like you') and a derogatory phrase ('slowing shit down') which is a form of conflictual language.""
}";1;1;HIGH;The span contains a targeted insult ('assholes like you') and a derogatory phrase ('slowing shit down') which is a form of conflictual language.
1564;those snivelling coppers and judiciary, well rot in Hell. Such;"{
  ""label"": ""CENSURE_LABEL"",
   ""confidence"": ""HIGH"",
   ""rationale"": ""The span_text contains a targeted insult towards a group of people ('coppers and judiciary'), and also contains a derogatory phrase ('rot in Hell').""
}";1;1;HIGH;The span_text contains a targeted insult towards a group of people ('coppers and judiciary'), and also contains a derogatory phrase ('rot in Hell').
371;the sedition you conspired. Go to hell. And by the;"{
  ""label"": ""CENSURE_LABEL"",
   ""confidence"": ""HIGH"",
   ""rationale"": ""The span_text contains a targeted insult ('Go to hell') and a derogatory phrase ('the sedition you conspired'), which are indicative of conflictual language.""
}";1;1;HIGH;The span_text contains a targeted insult ('Go to hell') and a derogatory phrase ('the sedition you conspired'), which are indicative of conflictual language.
65;@user Trashy Thanos FAHTHICK AROUND AND FOUND OUT 😂😂😂 I;"{
  ""label"": ""CENSURE_LABEL"",
   ""confidence"": ""HIGH"",
   ""rationale"": ""The span_text contains a targeted attack based on a protected category ('FAHTHICK' is a derogatory term for a person of African descent).""
}";1;1;HIGH;The span_text contains a targeted attack based on a protected category ('FAHTHICK' is a derogatory term for a person of African descent).
163;Okay. Mind wanders while at work. Anywho, I don't really;"{
  ""label"": ""NONE_LABEL"",
   ""confidence"": ""HIGH"",
   ""rationale"": ""No explicit harmful content, profanity, slur, or targeted insult present in the span_text.""
}";0;0;HIGH;No explicit harmful content, profanity, slur, or targeted insult present in the span_text.
272;like i'm hot i know but like i can't look;"{
  ""label"": ""NONE_LABEL"",
   ""confidence"": ""HIGH"",
   ""rationale"": ""The span_text does not contain any explicit harmful content, profanity, slurs, or targeted insults.""
}";0;0;HIGH;The span_text does not contain any explicit harmful content, profanity, slurs, or targeted insults.
919;Had permission to sissygasm tonight. With a vibrator on my;"{
  ""label"": ""CENSURE_LABEL"",
   ""confidence"": ""MEDIUM"",
   ""rationale"": ""The presence of derogatory term 'sissygasm' is considered a targeted insult, even though the span_text explicitly states permission was given.""
}";1;0;MEDIUM;The presence of derogatory term 'sissygasm' is considered a targeted insult, even though the span_text explicitly states permission was given.
158;@POTUS @user Liberal translation: I'm going to TAX all of;"{
  ""label"": ""CENSURE_LABEL"",
   ""confidence"": ""HIGH"",
   ""rationale"": ""The span contains a targeted attack on a protected category ('Liberal') and an explicit threat ('I'm going to TAX all of').""
}";1;0;HIGH;The span contains a targeted attack on a protected category ('Liberal') and an explicit threat ('I'm going to TAX all of').
1050;me a fookin break you asshat! Good God! Listen to;"{
  ""label"": ""CENSURE_LABEL"",
   ""confidence"": ""HIGH"",
   ""rationale"": ""The span contains targeted profanity ('fookin', 'asshat') and strong language ('Good God'), which indicates conflictual language.""
}";1;1;HIGH;The span contains targeted profanity ('fookin', 'asshat') and strong language ('Good God'), which indicates conflictual language.
93;why did u say that under this tweet gnsmfkacjkskfmsn;"{
  ""label"": ""CENSURE_LABEL"",
   ""confidence"": ""HIGH"",
   ""rationale"": ""The span_text contains a targeted insult ('u') and a derogatory tone, which is a form of conflictual language.""
}";1;0;HIGH;The span_text contains a targeted insult ('u') and a derogatory tone, which is a form of conflictual language.
108;why do you have to be legal to send me;"{
  ""label"": ""CENSURE_LABEL"",
   ""confidence"": ""MEDIUM"",
   ""rationale"": ""The span_text contains a question that implies a negative tone towards a legal requirement, which could be interpreted as a targeted insult.""
}";1;0;MEDIUM;The span_text contains a question that implies a negative tone towards a legal requirement, which could be interpreted as a targeted insult.
101;@SenSchumer They used it hundreds of times during 45s tenure.;"{
  ""label"": ""NONE_LABEL"",
   ""confidence"": ""MEDIUM"",
   ""rationale"": ""The span_text contains a targeted insult implication ('used it hundreds of times') but it is not explicit, hence a medium confidence.""
}";0;0;MEDIUM;The span_text contains a targeted insult implication ('used it hundreds of times') but it is not explicit, hence a medium confidence.
287;Basketball in like 2 months, shxt like riding a bike;"{
  ""label"": ""NONE_LABEL"",
   ""confidence"": ""HIGH"",
   ""rationale"": ""The span_text contains profanity ('shxt'), but it is used in a casual, familiar context, similar to 'riding a bike', indicating a lack of targeted harm.""
}";0;0;HIGH;The span_text contains profanity ('shxt'), but it is used in a casual, familiar context, similar to 'riding a bike', indicating a lack of targeted harm.
1090;was calling Sanjay the Mo... Fo. He just meant it;"{
  ""label"": ""CENSURE_LABEL"",
   ""confidence"": ""HIGH"",
   ""rationale"": ""The span_text contains a derogatory term ('Mo... Fo') which is a slur, even though it's not explicitly marked as such.""
}";1;1;HIGH;The span_text contains a derogatory term ('Mo... Fo') which is a slur, even though it's not explicitly marked as such.
464;@SarahKSilverman Your dishwasher washes ballsacks? Fuck I need one!! Does;"{
  ""label"": ""CENSURE_LABEL"",
   ""confidence"": ""HIGH"",
   ""rationale"": ""The span contains a targeted insult ('ballsacks') and excessive profanity ('Fuck'), which are considered conflictual language.""
}";1;0;HIGH;The span contains a targeted insult ('ballsacks') and excessive profanity ('Fuck'), which are considered conflictual language.
1900;lickers think a hope she destroys them all vile bastards;"{
  ""label"": ""CENSURE_LABEL"",
   ""confidence"": ""HIGH"",
   ""rationale"": ""The span_text contains a targeted insult with derogatory language ('vile bastards') and a threat of violence ('destroys them all').""
}";1;1;HIGH;The span_text contains a targeted insult with derogatory language ('vile bastards') and a threat of violence ('destroys them all').
1350;of those narrowly-defined areas of acceptable male vanity. Masculinity +;"{
  ""label"": ""NONE_LABEL"",
   ""confidence"": ""HIGH"",
   ""rationale"": ""The span_text does not contain any explicit harmful content, excessive profanity, slurs, or targeted insults.""
}";0;1;HIGH;The span_text does not contain any explicit harmful content, excessive profanity, slurs, or targeted insults.
228;@JeremyDSchwartz @user Mmmmm yummy... I have a 20 % allocation;"{
  ""label"": ""NONE_LABEL"",
   ""confidence"": ""HIGH"",
   ""rationale"": ""No explicit harmful content found in the span_text. The mention of a slur or targeted insult is absent, and excessive profanity is also not present.""
}";0;0;HIGH;No explicit harmful content found in the span_text. The mention of a slur or targeted insult is absent, and excessive profanity is also not present.
116;i received a news that yedam might leave treasure? the;"{
  ""label"": ""NONE_LABEL"",
   ""confidence"": ""HIGH"",
   ""rationale"": ""No explicit harmful content found in the span_text. The text appears to be a neutral statement about a news article.""
}";0;0;HIGH;No explicit harmful content found in the span_text. The text appears to be a neutral statement about a news article.
1076;as meth or cocaine is fucking racist as shit and;"{
  ""label"": ""CENSURE_LABEL"",
   ""confidence"": ""HIGH"",
   ""rationale"": ""The span_text contains a racial slur and a targeted insult, specifically mentioning meth and cocaine as 'fucking racist as shit'.""
}";1;1;HIGH;The span_text contains a racial slur and a targeted insult, specifically mentioning meth and cocaine as 'fucking racist as shit'.
769;Absolutely insane, guards wo','n't' do fuckall because I can't get;"{
  ""label"": ""CENSURE_LABEL"",
   ""confidence"": ""HIGH"",
   ""rationale"": ""The span contains a targeted insult and excessive profanity, citing phrases 'Absolutely insane', 'fuckall' and 'can't get'.""
}";1;0;HIGH;The span contains a targeted insult and excessive profanity, citing phrases 'Absolutely insane', 'fuckall' and 'can't get'.
1147;always have seen your bunch been misogynist pricks with her;"{
  ""label"": ""CENSURE_LABEL"",
   ""confidence"": ""HIGH"",
   ""rationale"": ""The span_text contains misogynistic language ('misogynist pricks') and a derogatory term towards a person ('her'), which is a targeted insult.""
}";1;1;HIGH;The span_text contains misogynistic language ('misogynist pricks') and a derogatory term towards a person ('her'), which is a targeted insult.
267;It's a crime issue whomever the alleged perpetrator. Politics and;"{
  ""label"": ""NONE_LABEL"",
   ""confidence"": ""HIGH"",
   ""rationale"": ""No explicit harmful content, excessive profanity, slurs, or targeted insults found in the span_text.""
}";0;0;HIGH;No explicit harmful content, excessive profanity, slurs, or targeted insults found in the span_text.
1630;him I bet that jigaboo coon boy can't do quadratic;"{
  ""label"": ""CENSURE_LABEL"",
   ""confidence"": ""HIGH"",
   ""rationale"": ""The span contains a racial slur ('jigaboo coon boy'), which is a targeted insult and a conflictual language.""
}";1;1;HIGH;The span contains a racial slur ('jigaboo coon boy'), which is a targeted insult and a conflictual language.
12;Just had the most sobering/depressing realisation, i've' been a latics;"{
  ""label"": ""NONE_LABEL"",
   ""confidence"": ""LOW"",
   ""rationale"": ""No explicit harmful content, profanity, slurs, or targeted insults found in the span_text.""
}";0;0;LOW;No explicit harmful content, profanity, slurs, or targeted insults found in the span_text.
634;I saw my nigga stfu pussy damn 'Read my friend';"{
  ""label"": ""CENSURE_LABEL"",
   ""confidence"": ""HIGH"",
   ""rationale"": ""The span contains a derogatory racial slur ('nigga') and a targeted insult ('stfu pussy').""
}";1;1;HIGH;The span contains a derogatory racial slur ('nigga') and a targeted insult ('stfu pussy').
71;Should someone take @joerogan for an interview, just to make;"{
  ""label"": ""NONE_LABEL"",
   ""confidence"": ""LOW"",
   ""rationale"": ""No explicit harmful content or protected categories mentioned in the span_text.""
}";0;0;LOW;No explicit harmful content or protected categories mentioned in the span_text.
563;with disgraceful immature teenagers who act like fucking douchebags and;"{
  ""label"": ""CENSURE_LABEL"",
   ""confidence"": ""HIGH"",
   ""rationale"": ""The span_text contains a targeted insult ('douchebags') and excessive profanity ('fucking'), which warrants a CENSURE_LABEL with HIGH confidence.""
}";1;1;HIGH;The span_text contains a targeted insult ('douchebags') and excessive profanity ('fucking'), which warrants a CENSURE_LABEL with HIGH confidence.
1623;Fuck of u bald cunt;"{
  ""label"": ""CENSURE_LABEL"",
   ""confidence"": ""HIGH"",
   ""rationale"": ""The span contains targeted hate speech with explicit racial and gender-based slurs.""
}";1;1;HIGH;The span contains targeted hate speech with explicit racial and gender-based slurs.
488;Swipe and get a shlong in your pics. Lovely. 🤣😬;"{
  ""label"": ""CENSURE_LABEL"",
   ""confidence"": ""HIGH"",
   ""rationale"": ""The span contains a targeted sexual comment, specifically mentioning 'shlong' and a suggestive emoji, which is considered conflictual language.""
}";1;0;HIGH;The span contains a targeted sexual comment, specifically mentioning 'shlong' and a suggestive emoji, which is considered conflictual language.
206;need help on my return. Product received by you yet;"{
  ""label"": ""NONE_LABEL"",
   ""confidence"": ""HIGH"",
   ""rationale"": ""The span_text does not contain any explicit harmful content, profanity, slurs, or targeted insults.""
}";0;0;HIGH;The span_text does not contain any explicit harmful content, profanity, slurs, or targeted insults.
799;the herd You know ther fucking name They're' the fucking;"{
  ""label"": ""CENSURE_LABEL"",
   ""confidence"": ""HIGH"",
   ""rationale"": ""The span contains targeted profanity ('fucking') and derogatory language towards a group ('the herd'), which is considered conflictual language.""
}";1;0;HIGH;The span contains targeted profanity ('fucking') and derogatory language towards a group ('the herd'), which is considered conflictual language.
192;Eef Laura runs for Orifice who will stop Earache from;"{
  ""label"": ""NONE_LABEL"",
   ""confidence"": ""HIGH"",
   ""rationale"": ""No explicit harmful content or protected categories mentioned in the span_text.""
}";0;0;HIGH;No explicit harmful content or protected categories mentioned in the span_text.
224;@drosennhl He can't retire. The Hawks would be stuck with;"{
  ""label"": ""NONE_LABEL"",
   ""confidence"": ""HIGH"",
   ""rationale"": ""The span_text does not contain any explicit or implicit harmful content, protected categories attacks, or excessive profanity.""
}";0;0;HIGH;The span_text does not contain any explicit or implicit harmful content, protected categories attacks, or excessive profanity.
1626;DAMN THIS FUCCKKING RACIST, SEXIST, MISOGYNISTIC, HOMOPHOBIC SEWER SHITTT! ALONG;"{
  ""label"": ""CENSURE_LABEL"",
   ""confidence"": ""HIGH"",
   ""rationale"": ""The span_text contains multiple explicit slurs and targeted insults based on protected categories (racist, sexist, misogynistic, homophobic), which is a clear indication of conflictual language.""
}";1;1;HIGH;The span_text contains multiple explicit slurs and targeted insults based on protected categories (racist, sexist, misogynistic, homophobic), which is a clear indication of conflictual language.
1759;Maguire is trash la, sell this motherfker pls;"{
  ""label"": ""CENSURE_LABEL"",
   ""confidence"": ""HIGH"",
   ""rationale"": ""The span contains targeted profanity ('trash', 'motherfker') directed at a person ('Maguire'), which is considered conflictual language.""
}";1;1;HIGH;The span contains targeted profanity ('trash', 'motherfker') directed at a person ('Maguire'), which is considered conflictual language.
829;prove a woman has ever touched you. You also suck;"{
  ""label"": ""CENSURE_LABEL"",
   ""confidence"": ""HIGH"",
   ""rationale"": ""The span contains a targeted insult ('You also suck') and a request to prove a personal experience ('prove a woman has ever touched you'), which can be seen as a form of harassment.""
}";1;1;HIGH;The span contains a targeted insult ('You also suck') and a request to prove a personal experience ('prove a woman has ever touched you'), which can be seen as a form of harassment.
1530;point you just dicksuckin da lil nigga. one day you'll;"{
  ""label"": ""CENSURE_LABEL"",
   ""confidence"": ""HIGH"",
   ""rationale"": ""The span_text contains a racial slur ('nigga') and a derogatory phrase ('dicksuckin'), which are explicit indicators of conflictual language.""
}";1;1;HIGH;The span_text contains a racial slur ('nigga') and a derogatory phrase ('dicksuckin'), which are explicit indicators of conflictual language.
81;Every squad got the: -Smoer -Real drunk alcoholic -Current/Previous Mother;"{
  ""label"": ""CENSURE_LABEL"",
   ""confidence"": ""HIGH"",
   ""rationale"": ""The span contains a targeted attack on a protected category ('Mother') which is a form of conflictual language.""
}";1;0;HIGH;The span contains a targeted attack on a protected category ('Mother') which is a form of conflictual language.
617;was a steamy pile of shit, creative team was just;"{
  ""label"": ""CENSURE_LABEL"",
   ""confidence"": ""HIGH"",
   ""rationale"": ""The span contains explicit profanity ('shit') which is considered conflictual language.""
}";1;0;HIGH;The span contains explicit profanity ('shit') which is considered conflictual language.
1148;everybody know how much of an incompetent fuckhead u are;"{
  ""label"": ""CENSURE_LABEL"",
   ""confidence"": ""HIGH"",
   ""rationale"": ""The span contains a targeted insult with explicit profanity ('fuckhead'), which is considered conflictual language.""
}";1;1;HIGH;The span contains a targeted insult with explicit profanity ('fuckhead'), which is considered conflictual language.
184;@user Delete your account (and this is coming frm a;"{
  ""label"": ""CENSURE_LABEL"",
   ""confidence"": ""HIGH"",
   ""rationale"": ""The span_text contains a targeted threat ('Delete your account') which is a form of attack.""
}";1;1;HIGH;The span_text contains a targeted threat ('Delete your account') which is a form of attack.
297;you are near the Welsh border I suppose. Close enough;"{
  ""label"": ""NONE_LABEL"",
   ""confidence"": ""HIGH"",
   ""rationale"": ""No explicit harmful content, slurs, or excessive profanity found in the span_text.""
}";0;1;HIGH;No explicit harmful content, slurs, or excessive profanity found in the span_text.
211;Of course he's found not guilty. He's white 🤷🏽\u200d♀️;"{
  ""label"": ""CENSURE_LABEL"",
   ""confidence"": ""HIGH"",
   ""rationale"": ""The span_text contains a racial slur (\ud83e\udd37\ud83c\udffd\\u200d\u2640\ufe0f) which is a clear indicator of conflictual language.""
}";1;1;HIGH;The span_text contains a racial slur (🤷🏽\u200d♀️) which is a clear indicator of conflictual language.
824;they are all in some way severely DAMAGED and corrupt.;"{
  ""label"": ""NONE_LABEL"",
   ""confidence"": ""MEDIUM"",
   ""rationale"": ""The span_text contains a strong negative statement, but it does not explicitly target a protected category. The phrase 'severely DAMAGED and corrupt' implies a strong criticism, but it is not directed at a specific group.""
}";0;1;MEDIUM;The span_text contains a strong negative statement, but it does not explicitly target a protected category. The phrase 'severely DAMAGED and corrupt' implies a strong criticism, but it is not directed at a specific group.
900;It's really some Duck Dynasty looking muthafucka at the crib;"{
  ""label"": ""CENSURE_LABEL"",
   ""confidence"": ""HIGH"",
   ""rationale"": ""The span contains a racial slur ('Duck Dynasty looking muthafucka') and excessive profanity, indicating a high level of conflictual language.""
}";1;1;HIGH;The span contains a racial slur ('Duck Dynasty looking muthafucka') and excessive profanity, indicating a high level of conflictual language.
1265;weird goofball. Dantonio was just a smug asshole who happened;"{
  ""label"": ""CENSURE_LABEL"",
   ""confidence"": ""HIGH"",
   ""rationale"": ""The span_text contains a targeted insult with the phrase 'smug asshole' which is considered conflictual language.""
}";1;1;HIGH;The span_text contains a targeted insult with the phrase 'smug asshole' which is considered conflictual language.
923;die? Youre literally the same, if not worse then them;"{
  ""label"": ""CENSURE_LABEL"",
   ""confidence"": ""HIGH"",
   ""rationale"": ""The span_text contains a targeted insult, comparing the subject to 'them' and implying they are worse.""
}";1;1;HIGH;The span_text contains a targeted insult, comparing the subject to 'them' and implying they are worse.
1636;and casters money. Stop being shitcunts and start playing ethically.;"{
  ""label"": ""CENSURE_LABEL"",
   ""confidence"": ""HIGH"",
   ""rationale"": ""The span_text contains targeted insults and derogatory language ('shitcunts') that attack a protected category ('casters'), justifying a CENSURE_LABEL.""
}";1;1;HIGH;The span_text contains targeted insults and derogatory language ('shitcunts') that attack a protected category ('casters'), justifying a CENSURE_LABEL.
868;the fact that he raised hella money for his mom;"{
  ""label"": ""NONE_LABEL"",
   ""confidence"": ""HIGH"",
   ""rationale"": ""No explicit harmful content, excessive profanity, slur, or targeted insult found in the span_text.""
}";0;0;HIGH;No explicit harmful content, excessive profanity, slur, or targeted insult found in the span_text.
185;Guys, sorry I am late.❤️ Happy SocialistSunday. If you would;"{
  ""label"": ""NONE_LABEL"",
   ""confidence"": ""HIGH"",
   ""rationale"": ""No explicit harmful content found in the span_text. The text contains a happy greeting and a friendly apology.""
}";0;0;HIGH;No explicit harmful content found in the span_text. The text contains a happy greeting and a friendly apology.
1123;would realize how ignorant and insensitive your comment is. A;"{
  ""label"": ""CENSURE_LABEL"",
   ""confidence"": ""HIGH"",
   ""rationale"": ""The span_text contains a targeted insult with a derogatory phrase ('ignorant and insensitive'), which is a form of conflictual language.""
}";1;1;HIGH;The span_text contains a targeted insult with a derogatory phrase ('ignorant and insensitive'), which is a form of conflictual language.
639;all. Tony was an alcoholic asshole that came from a;"{
  ""label"": ""CENSURE_LABEL"",
   ""confidence"": ""HIGH"",
   ""rationale"": ""The phrase 'alcoholic asshole' contains a derogatory term and a reference to a substance abuse issue, which is considered a targeted insult and conflictual language.""
}";1;0;HIGH;The phrase 'alcoholic asshole' contains a derogatory term and a reference to a substance abuse issue, which is considered a targeted insult and conflictual language.
1507;they are partnered with Walmart, quit being a raging fagg0t.;"{
  ""label"": ""CENSURE_LABEL"",
   ""confidence"": ""HIGH"",
   ""rationale"": ""The span contains a homophobic slur ('fagg0t'), which is a targeted insult based on protected category.""
}";1;1;HIGH;The span contains a homophobic slur ('fagg0t'), which is a targeted insult based on protected category.
864;do. Get off here and go get your GED. Clearly;"{
  ""label"": ""NONE_LABEL"",
   ""confidence"": ""HIGH"",
   ""rationale"": ""The span_text contains a suggestion to obtain a GED, which is a neutral and educational phrase.""
}";0;1;HIGH;The span_text contains a suggestion to obtain a GED, which is a neutral and educational phrase.
1741;time Rangers, finish these fenian bastards today kill any sort;"{
  ""label"": ""CENSURE_LABEL"",
   ""confidence"": ""HIGH"",
   ""rationale"": ""The span_text contains a targeted attack based on ethnicity ('fenian') and a call to violence ('kill any sort'), which is considered conflictual language.""
}";1;1;HIGH;The span_text contains a targeted attack based on ethnicity ('fenian') and a call to violence ('kill any sort'), which is considered conflictual language.
2;ignore the fucking heart.;"{
  ""label"": ""CENSURE_LABEL"",
   ""confidence"": ""HIGH"",
   ""rationale"": ""The span contains a targeted insult ('fucking heart') which is a form of conflictual language.""
}";1;0;HIGH;The span contains a targeted insult ('fucking heart') which is a form of conflictual language.
943;my nerves watching a few plonkers walk right through the;"{
  ""label"": ""NONE_LABEL"",
   ""confidence"": ""HIGH"",
   ""rationale"": ""The span_text contains derogatory language ('plonkers'), but it is not targeted at a specific protected category and does not contain excessive profanity or slurs.""
}";0;1;HIGH;The span_text contains derogatory language ('plonkers'), but it is not targeted at a specific protected category and does not contain excessive profanity or slurs.
872;top part is the two mothers/milfs and bottom row is;"{
  ""label"": ""NONE_LABEL"",
   ""confidence"": ""HIGH"",
   ""rationale"": ""No explicit harmful content, slurs, or excessive profanity found in the span_text.""
}";0;0;HIGH;No explicit harmful content, slurs, or excessive profanity found in the span_text.
1163;@user @user @user @DrEliDavid You probably think it's a good;"{
  ""label"": ""CENSURE_LABEL"",
   ""confidence"": ""HIGH"",
   ""rationale"": ""The span_text contains targeted language towards @DrEliDavid, implying a personal attack.""
}";1;1;HIGH;The span_text contains targeted language towards @DrEliDavid, implying a personal attack.
1157;can I call those morons rioting at Capitol Hill morons?;"{
  ""label"": ""CENSURE_LABEL"",
   ""confidence"": ""HIGH"",
   ""rationale"": ""The span_text contains derogatory language ('morons') directed at a specific group of people ('riot[ing] at Capitol Hill'), which is an attack based on a protected category.""
}";1;1;HIGH;The span_text contains derogatory language ('morons') directed at a specific group of people ('riot[ing] at Capitol Hill'), which is an attack based on a protected category.
265;called us 'faggots'. He meant to hurt SOMEBODY, Christ knows.;"{
  ""label"": ""CENSURE_LABEL"",
   ""confidence"": ""HIGH"",
   ""rationale"": ""The span contains a targeted derogatory term ('faggots') which is an attack based on protected categories.""
}";1;1;HIGH;The span contains a targeted derogatory term ('faggots') which is an attack based on protected categories.
654;Fucking bus wankers refused my son on the bus because;"{
  ""label"": ""CENSURE_LABEL"",
   ""confidence"": ""HIGH"",
   ""rationale"": ""The presence of profanity ('Fucking') and a targeted insult ('wankers') towards a group of people ('bus wankers') indicates conflictual language.""
}";1;1;HIGH;The presence of profanity ('Fucking') and a targeted insult ('wankers') towards a group of people ('bus wankers') indicates conflictual language.
241;be funny, except stories like this do impact libertards who;"{
  ""label"": ""CENSURE_LABEL"",
   ""confidence"": ""HIGH"",
   ""rationale"": ""The term 'libertards' is a pejorative and targeted insult, referencing a political ideology, which is considered conflictual language.""
}";1;1;HIGH;The term 'libertards' is a pejorative and targeted insult, referencing a political ideology, which is considered conflictual language.
1203;Almost as decrepit as Biden. But, this zombie is retired.;"{
  ""label"": ""CENSURE_LABEL"",
   ""confidence"": ""HIGH"",
   ""rationale"": ""The span_text contains a derogatory comparison to a protected category (race) with 'Biden'.""
}";1;1;HIGH;The span_text contains a derogatory comparison to a protected category (race) with 'Biden'.
286;Baby SW experiences: hanging with civvie friends (online) and editing;"{
  ""label"": ""NONE_LABEL"",
   ""confidence"": ""HIGH"",
   ""rationale"": ""No explicit harmful content, profanity, slurs, or targeted insults found in the span_text.""
}";0;0;HIGH;No explicit harmful content, profanity, slurs, or targeted insults found in the span_text.
395;see my thick white dick horny bwc hardpenis cockrate dickrate;"{
  ""label"": ""CENSURE_LABEL"",
   ""confidence"": ""HIGH"",
   ""rationale"": ""The span_text contains explicit and derogatory language targeting a protected category (race/color), which is considered conflictual language.""
}";1;0;HIGH;The span_text contains explicit and derogatory language targeting a protected category (race/color), which is considered conflictual language.
688;intervention and get this GD stuff done!!! And stop repeating;"{
  ""label"": ""CENSURE_LABEL"",
   ""confidence"": ""MEDIUM"",
   ""rationale"": ""The presence of the GD profanity, which is an abbreviation for a derogatory term, is a targeted insult and thus considered conflictual language.""
}";1;0;MEDIUM;The presence of the GD profanity, which is an abbreviation for a derogatory term, is a targeted insult and thus considered conflictual language.
38;It's alright just woke up very stressed from a dream.;"{
  ""label"": ""NONE_LABEL"",
   ""confidence"": ""HIGH"",
   ""rationale"": ""Lack of explicit harmful language or patterns in the span_text.""
}";0;0;HIGH;Lack of explicit harmful language or patterns in the span_text.
1168;@user @user @user @jameelajamil Are you stupid? Accidents happen. Injuries;"{
  ""label"": ""CENSURE_LABEL"",
   ""confidence"": ""HIGH"",
   ""rationale"": ""The span contains a targeted insult ('Are you stupid?') which is a clear indicator of conflictual language.""
}";1;1;HIGH;The span contains a targeted insult ('Are you stupid?') which is a clear indicator of conflictual language.
261;When is the lesson going to stop repeating itself?;"{
  ""label"": ""NONE_LABEL"",
   ""confidence"": ""HIGH"",
   ""rationale"": ""The span_text does not contain any explicit harmful content, profanity, slurs, or targeted insults.""
}";0;0;HIGH;The span_text does not contain any explicit harmful content, profanity, slurs, or targeted insults.
155;with Koemanball and playing with instagram models and overpaid shitters.;"{
  ""label"": ""CENSURE_LABEL"",
   ""confidence"": ""HIGH"",
   ""rationale"": ""The span contains targeted insults ('shitters') and derogatory language ('overpaid').""
}";1;1;HIGH;The span contains targeted insults ('shitters') and derogatory language ('overpaid').
865;to the ccs because holy fuck traumatizing and I dont;"{
  ""label"": ""CENSURE_LABEL"",
   ""confidence"": ""HIGH"",
   ""rationale"": ""The presence of profanity ('holy fuck') in the span_text, which is not justified as excessive, indicates a high level of conflictual language.""
}";1;0;HIGH;The presence of profanity ('holy fuck') in the span_text, which is not justified as excessive, indicates a high level of conflictual language.
440;some hard working and drinking mofos around. Many had a;"{
  ""label"": ""NONE_LABEL"",
   ""confidence"": ""LOW"",
   ""rationale"": ""No explicit conflictual language or harmful content found in the span_text.""
}";0;0;LOW;No explicit conflictual language or harmful content found in the span_text.
92;@BTS_twt @user yay! taehyung ost is coming omgggg I'm' so;"{
  ""label"": ""NONE_LABEL"",
   ""confidence"": ""HIGH"",
   ""rationale"": ""The span_text does not contain any explicit conflictual language or protected category attacks. It appears to be a positive and enthusiastic statement about a celebrity.""
}";0;0;HIGH;The span_text does not contain any explicit conflictual language or protected category attacks. It appears to be a positive and enthusiastic statement about a celebrity.
214;1st week in middle school bashed by students for being;"{
  ""label"": ""CENSURE_LABEL"",
   ""confidence"": ""MEDIUM"",
   ""rationale"": ""The span_text contains language that can be considered derogatory or bullying ('bashed'), which is a form of targeted insult.""
}";1;1;MEDIUM;The span_text contains language that can be considered derogatory or bullying ('bashed'), which is a form of targeted insult.
111;don't get offended because I said your fans were dickheads.;"{
  ""label"": ""CENSURE_LABEL"",
   ""confidence"": ""HIGH"",
   ""rationale"": ""The span_text contains a targeted insult ('dickheads') which is directed at a specific group associated with the person being addressed.""
}";1;1;HIGH;The span_text contains a targeted insult ('dickheads') which is directed at a specific group associated with the person being addressed.
814;same old, same old tweet. Is that all you got?;"{
  ""label"": ""NONE_LABEL"",
   ""confidence"": ""LOW"",
   ""rationale"": ""The span_text contains a rhetorical question and a colloquial expression, but no explicit harmful content or targeted insults.""
}";0;1;LOW;The span_text contains a rhetorical question and a colloquial expression, but no explicit harmful content or targeted insults.
1126;this disprove my initial comment about Antifa being commie dirtbags?;"{
  ""label"": ""CENSURE_LABEL"",
   ""confidence"": ""HIGH"",
   ""rationale"": ""The span_text contains targeted derogatory language towards 'commie dirtbags', a pejorative term that attacks a political ideology and its adherents.""
}";1;1;HIGH;The span_text contains targeted derogatory language towards 'commie dirtbags', a pejorative term that attacks a political ideology and its adherents.
53;As cool as Navis and the cyberworld are they really;"{
  ""label"": ""NONE_LABEL"",
   ""confidence"": ""LOW"",
   ""rationale"": ""No explicit harmful content or protected category attacks found in the span_text.""
}";0;0;LOW;No explicit harmful content or protected category attacks found in the span_text.
817;effects of drugs and alcohol mixed with fascist white supremacy!;"{
  ""label"": ""CENSURE_LABEL"",
   ""confidence"": ""HIGH"",
   ""rationale"": ""The presence of 'fascist white supremacy' is a targeted attack based on protected categories, thereby qualifying as conflictual language.""
}";1;1;HIGH;The presence of 'fascist white supremacy' is a targeted attack based on protected categories, thereby qualifying as conflictual language.
1346;in these situations at times. Torn faces cunts our league.;"{
  ""label"": ""CENSURE_LABEL"",
   ""confidence"": ""HIGH"",
   ""rationale"": ""The span_text contains a derogatory term ('cunts') which is a targeted insult and constitutes conflictual language.""
}";1;1;HIGH;The span_text contains a derogatory term ('cunts') which is a targeted insult and constitutes conflictual language.
137;believe God said something about lying so I'm guessing there;"{
  ""label"": ""NONE_LABEL"",
   ""confidence"": ""LOW"",
   ""rationale"": ""The span_text does not contain explicit conflictual language or harmful speech.""
}";0;1;LOW;The span_text does not contain explicit conflictual language or harmful speech.
783;somebody is hurt Learn sense and stop being a dolt;"{
  ""label"": ""CENSURE_LABEL"",
   ""confidence"": ""HIGH"",
   ""rationale"": ""The span_text contains a targeted insult ('dolt') which is a form of conflictual language.""
}";1;1;HIGH;The span_text contains a targeted insult ('dolt') which is a form of conflictual language.
276;And that's where we differ, let these youngsters grow into;"{
  ""label"": ""NONE_LABEL"",
   ""confidence"": ""HIGH"",
   ""rationale"": ""The span_text does not contain any explicit harmful content, profanity, slurs, or targeted insults.""
}";0;0;HIGH;The span_text does not contain any explicit harmful content, profanity, slurs, or targeted insults.
175;Eggs with bacon bits and mushrooms, strawberry wild blueberry spinach;"{
  ""label"": ""NONE_LABEL"",
   ""confidence"": ""HIGH"",
   ""rationale"": ""No explicit harmful content, profanity, slurs, or targeted insults found in the span_text.""
}";0;0;HIGH;No explicit harmful content, profanity, slurs, or targeted insults found in the span_text.
244;that tone of 'you fucking idiot, this should be entirely;"{
  ""label"": ""CENSURE_LABEL"",
   ""confidence"": ""HIGH"",
   ""rationale"": ""The span contains a targeted insult ('you fucking idiot') which is considered conflictual language.""
}";1;0;HIGH;The span contains a targeted insult ('you fucking idiot') which is considered conflictual language.
1825;that unvaxxed get a chance to avoid the vaxxed. I;"{
  ""label"": ""CENSURE_LABEL"",
   ""confidence"": ""HIGH"",
   ""rationale"": ""The span_text implies discrimination against vaccinated individuals, which is a targeted attack based on a protected category.""
}";1;1;HIGH;The span_text implies discrimination against vaccinated individuals, which is a targeted attack based on a protected category.
1462;This is Four Seasons Total Landscaping level dipshittery right here.;"{
  ""label"": ""CENSURE_LABEL"",
   ""confidence"": ""HIGH"",
   ""rationale"": ""The span contains a derogatory term ('dipshittery') which is considered conflictual language.""
}";1;1;HIGH;The span contains a derogatory term ('dipshittery') which is considered conflictual language.
437;his juices out of your pussy while you suck yours;"{
  ""label"": ""CENSURE_LABEL"",
   ""confidence"": ""HIGH"",
   ""rationale"": ""The span contains a derogatory and explicit phrase, targeting a specific body part, which is considered conflictual language.""
}";1;0;HIGH;The span contains a derogatory and explicit phrase, targeting a specific body part, which is considered conflictual language.
268;@user Bro I'm fuckin tired of these mfers bro I;"{
  ""label"": ""CENSURE_LABEL"",
   ""confidence"": ""HIGH"",
   ""rationale"": ""The span contains targeted derogatory language ('mfers') and excessive profanity ('fuckin'), which warrants a high severity label.""
}";1;1;HIGH;The span contains targeted derogatory language ('mfers') and excessive profanity ('fuckin'), which warrants a high severity label.
709;stigmatised… IT ' S REALLY FUCKING INTIMATE I MEAN THINK;"{
  ""label"": ""CENSURE_LABEL"",
   ""confidence"": ""HIGH"",
   ""rationale"": ""The span contains targeted derogatory language ('fucking intimate'), which is considered conflictual and stigmatizing.""
}";1;0;HIGH;The span contains targeted derogatory language ('fucking intimate'), which is considered conflictual and stigmatizing.
266;can be lyrical. Just like niggas talking about girls, drugs;"{
  ""label"": ""CENSURE_LABEL"",
   ""confidence"": ""HIGH"",
   ""rationale"": ""The presence of the racial slur 'niggas' in the span_text indicates a targeted attack on a protected category, justifying the CENSURE_LABEL.""
}";1;1;HIGH;The presence of the racial slur 'niggas' in the span_text indicates a targeted attack on a protected category, justifying the CENSURE_LABEL.
1549;@user will get tentacle-fucked if she's not careful. Oi is;"{
  ""label"": ""CENSURE_LABEL"",
   ""confidence"": ""HIGH"",
   ""rationale"": ""The span_text contains a graphic and threatening statement that targets a user based on implied vulnerability, which is a form of targeted insult.""
}";1;1;HIGH;The span_text contains a graphic and threatening statement that targets a user based on implied vulnerability, which is a form of targeted insult.
327;shame no one kicked the crumpled fuckwit into the river;"{
  ""label"": ""CENSURE_LABEL"",
   ""confidence"": ""HIGH"",
   ""rationale"": ""The span contains a targeted insult ('fuckwit') and excessive profanity ('fuck'), which are considered conflictual language.""
}";1;0;HIGH;The span contains a targeted insult ('fuckwit') and excessive profanity ('fuck'), which are considered conflictual language.
302;off. Guy needs to be kicked out of football. Nobody;"{
  ""label"": ""CENSURE_LABEL"",
   ""confidence"": ""HIGH"",
   ""rationale"": ""The span_text contains a targeted insult towards a person ('Guy needs to be kicked out of football'), which is a form of conflictual language.""
}";1;1;HIGH;The span_text contains a targeted insult towards a person ('Guy needs to be kicked out of football'), which is a form of conflictual language.
1137;@NHS God You flower emoji Karen's are the worst people;"{
  ""label"": ""CENSURE_LABEL"",
   ""confidence"": ""HIGH"",
   ""rationale"": ""The span_text contains a targeted insult towards a protected category ('Karen's'), which is a form of conflictual language.""
}";1;1;HIGH;The span_text contains a targeted insult towards a protected category ('Karen's'), which is a form of conflictual language.
21;kinda the opposite. i used to lay it all out;"{
  ""label"": ""NONE_LABEL"",
   ""confidence"": ""HIGH"",
   ""rationale"": ""No explicit harmful content or protected category attacks found in the span_text.""
}";0;0;HIGH;No explicit harmful content or protected category attacks found in the span_text.
176;@theneedledrop yeah i think the practice of making it look;"{
  ""label"": ""NONE_LABEL"",
   ""confidence"": ""LOW"",
   ""rationale"": ""No explicit harmful content found in the span_text.""
}";0;0;LOW;No explicit harmful content found in the span_text.
188;on man don't make excuses to be a prick where's;"{
  ""label"": ""CENSURE_LABEL"",
   ""confidence"": ""HIGH"",
   ""rationale"": ""The span contains a derogatory term ('prick') that targets a person, indicating a targeted insult.""
}";1;1;HIGH;The span contains a derogatory term ('prick') that targets a person, indicating a targeted insult.
151;Dude her didn't always loath her. Also he questioned Harry;"{
  ""label"": ""NONE_LABEL"",
   ""confidence"": ""LOW"",
   ""rationale"": ""No explicit harmful content or protected categories mentioned in the span_text.""
}";0;0;LOW;No explicit harmful content or protected categories mentioned in the span_text.
198;@BillHagertyTN Your predecessor indicated Trump was guilty of the articles;"{
  ""label"": ""CENSURE_LABEL"",
   ""confidence"": ""HIGH"",
   ""rationale"": ""The span_text contains an accusation of guilt, which is a targeted insult and conflictual language.""
}";1;0;HIGH;The span_text contains an accusation of guilt, which is a targeted insult and conflictual language.
1638;Hate a complacent nxgga. Don't let a false sense of;"{
  ""label"": ""CENSURE_LABEL"",
   ""confidence"": ""HIGH"",
   ""rationale"": ""The span_text contains a racial slur ('nxgga'), which is a targeted attack based on a protected category.""
}";1;1;HIGH;The span_text contains a racial slur ('nxgga'), which is a targeted attack based on a protected category.
225;"minded, strong armed, strong lunged; just strong as a muthafucka.";"{
  ""label"": ""CENSURE_LABEL"",
   ""confidence"": ""HIGH"",
   ""rationale"": ""The span_text contains a targeted slur 'muthafucka', which is a derogatory term and considered conflictual language.""
}";1;0;HIGH;The span_text contains a targeted slur 'muthafucka', which is a derogatory term and considered conflictual language.
165;Kind of same, only with a cat. I wouldn't just;"{
  ""label"": ""NONE_LABEL"",
   ""confidence"": ""HIGH"",
   ""rationale"": ""No conflictual language or harmful content found in the span_text.""
}";0;0;HIGH;No conflictual language or harmful content found in the span_text.
917;trauma dumping. even if the person understands paran ang unfair;"{
  ""label"": ""CENSURE_LABEL"",
   ""confidence"": ""HIGH"",
   ""rationale"": ""The span_text contains a targeted insult ('unfair') against a person, which is a form of conflictual language.""
}";1;1;HIGH;The span_text contains a targeted insult ('unfair') against a person, which is a form of conflictual language.
334;for it. i have no ass, BARELY some titties and;"{
  ""label"": ""CENSURE_LABEL"",
   ""confidence"": ""HIGH"",
   ""rationale"": ""The span contains derogatory language towards women ('some titties') which is a targeted insult.""
}";1;0;HIGH;The span contains derogatory language towards women ('some titties') which is a targeted insult.
878;girls can watch it.' 'OMG they edited it, those bastards.';"{
  ""label"": ""CENSURE_LABEL"",
   ""confidence"": ""HIGH"",
   ""rationale"": ""The presence of the slur 'bastards' and the targeted insult towards 'those bastards' indicates conflictual language.""
}";1;1;HIGH;The presence of the slur 'bastards' and the targeted insult towards 'those bastards' indicates conflictual language.
677;the people that you personally killed with COVID by delaying;"{
  ""label"": ""CENSURE_LABEL"",
   ""confidence"": ""HIGH"",
   ""rationale"": ""The span_text contains a direct attack on a specific group (healthcare workers) implied by 'you personally killed' which is a targeted insult.""
}";1;1;HIGH;The span_text contains a direct attack on a specific group (healthcare workers) implied by 'you personally killed' which is a targeted insult.
1783;On @LBC DavidDavis spouts incoherent waffle and casual lies to;"{
  ""label"": ""CENSURE_LABEL"",
   ""confidence"": ""HIGH"",
   ""rationale"": ""The span_text contains an attack based on a protected category ('casual lies to') and a derogatory term for speech ('spouts incoherent waffle')""
}";1;1;HIGH;The span_text contains an attack based on a protected category ('casual lies to') and a derogatory term for speech ('spouts incoherent waffle')
356;does not give a flying fuck if you'll' never vote;"{
  ""label"": ""CENSURE_LABEL"",
   ""confidence"": ""HIGH"",
   ""rationale"": ""The span_text contains a strong, explicit insult ('flying fuck') and a dismissive tone towards a specific group (voters), indicating conflictual language.""
}";1;0;HIGH;The span_text contains a strong, explicit insult ('flying fuck') and a dismissive tone towards a specific group (voters), indicating conflictual language.
1732;Is you stupidddddd;"{
  ""label"": ""CENSURE_LABEL"",
   ""confidence"": ""HIGH"",
   ""rationale"": ""The span contains a targeted insult with derogatory language ('stupidddddd'), which is a form of conflictual language.""
}";1;1;HIGH;The span contains a targeted insult with derogatory language ('stupidddddd'), which is a form of conflictual language.
476;of his elven babe. 'Your pussy is so wet, so;"{
  ""label"": ""CENSURE_LABEL"",
   ""confidence"": ""HIGH"",
   ""rationale"": ""The span contains a targeted sexual comment, which is considered conflictual language.""
}";1;0;HIGH;The span contains a targeted sexual comment, which is considered conflictual language.
70;I've been having really violent and aggressive dreams where I'm;"{
  ""label"": ""NONE_LABEL"",
   ""confidence"": ""LOW"",
   ""rationale"": ""The span_text mentions violent and aggressive dreams, but no explicit harm or conflictual language is present.""
}";0;0;LOW;The span_text mentions violent and aggressive dreams, but no explicit harm or conflictual language is present.
1720;clothes it's not okay, he's a faggot. Why?',''Cause' society finds;"{
  ""label"": ""CENSURE_LABEL"",
   ""confidence"": ""HIGH"",
   ""rationale"": ""The span contains a derogatory slur ('faggot') targeting a protected category, which is considered conflictual language.""
}";1;1;HIGH;The span contains a derogatory slur ('faggot') targeting a protected category, which is considered conflictual language.
608;Steve it's a pile of shit. We've still got bugger;"{
  ""label"": ""CENSURE_LABEL"",
   ""confidence"": ""HIGH"",
   ""rationale"": ""The span contains targeted profanity ('shit', 'bugger') which is considered conflictual language.""
}";1;0;HIGH;The span contains targeted profanity ('shit', 'bugger') which is considered conflictual language.
396;use depression and suicide as a defense against animal abuse?;"{
  ""label"": ""CENSURE_LABEL"",
   ""confidence"": ""HIGH"",
   ""rationale"": ""The span_text contains a reference to depression and suicide, which are severe and explicit threats, and are being used as a defense against animal abuse, indicating a clear intent to intimidate or harm.""
}";1;1;HIGH;The span_text contains a reference to depression and suicide, which are severe and explicit threats, and are being used as a defense against animal abuse, indicating a clear intent to intimidate or harm.
178;@user CrisisActor and a horrible one at that! rittenhouseisguilty;"{
  ""label"": ""CENSURE_LABEL"",
   ""confidence"": ""HIGH"",
   ""rationale"": ""The span_text contains a targeted attack on a protected category ('CrisisActor') and a derogatory statement ('rittenhouseisguilty'), which is a clear indication of conflictual language.""
}";1;1;HIGH;The span_text contains a targeted attack on a protected category ('CrisisActor') and a derogatory statement ('rittenhouseisguilty'), which is a clear indication of conflictual language.
881;49ers fans. Karma is a bitch when you do that;"{
  ""label"": ""CENSURE_LABEL"",
   ""confidence"": ""HIGH"",
   ""rationale"": ""The span_text contains targeted insult ('Karma is a bitch') and a derogatory phrase towards a specific group ('Karma is a bitch when you do that') which is directed at 49ers fans.""
}";1;0;HIGH;The span_text contains targeted insult ('Karma is a bitch') and a derogatory phrase towards a specific group ('Karma is a bitch when you do that') which is directed at 49ers fans.
234;resist this 'parampara pratishtha anushasan' BS It's hyper triggering for;"{
  ""label"": ""CENSURE_LABEL"",
   ""confidence"": ""HIGH"",
   ""rationale"": ""The span_text contains a direct attack on a social norm ('parampara pratishtha anushasan') which is triggering for some individuals.""
}";1;0;HIGH;The span_text contains a direct attack on a social norm ('parampara pratishtha anushasan') which is triggering for some individuals.
1087;Princess Tainted Scunt: with absolutely no respect THAT GUN MAKES;"{
  ""label"": ""CENSURE_LABEL"",
   ""confidence"": ""HIGH"",
   ""rationale"": ""The span_text contains a targeted insult and hate speech towards a specific group (Princess Tainted Scunt), which is a clear indication of conflictual language.""
}";1;1;HIGH;The span_text contains a targeted insult and hate speech towards a specific group (Princess Tainted Scunt), which is a clear indication of conflictual language.
1353;tweet with the most horrendous replies I can think of.;"{
  ""label"": ""NONE_LABEL"",
   ""confidence"": ""LOW"",
   ""rationale"": ""No explicit conflictual language or protected category attacks found in the span_text.""
}";0;1;LOW;No explicit conflictual language or protected category attacks found in the span_text.
553;blue city soyboys - ready to fight. New York's' civilians;"{
  ""label"": ""CENSURE_LABEL"",
   ""confidence"": ""HIGH"",
   ""rationale"": ""The span_text contains a targeted insult with derogatory language ('blue city soyboys'), which is a form of conflictual language.""
}";1;1;HIGH;The span_text contains a targeted insult with derogatory language ('blue city soyboys'), which is a form of conflictual language.
135;My booty a little dirty whore 🤦🏾\u200d♀️;"{
  ""label"": ""CENSURE_LABEL"",
   ""confidence"": ""HIGH"",
   ""rationale"": ""The span_text contains targeted derogatory language towards a person's character ('dirty whore'), which is a form of targeted insult.""
}";1;0;HIGH;The span_text contains targeted derogatory language towards a person's character ('dirty whore'), which is a form of targeted insult.
625;then why did you fuck all the nursing homes over?;"{
  ""label"": ""CENSURE_LABEL"",
   ""confidence"": ""HIGH"",
   ""rationale"": ""The span contains a targeted insult with profanity, specifically 'fuck', which is directed towards a specific group ('nursing homes').""
}";1;1;HIGH;The span contains a targeted insult with profanity, specifically 'fuck', which is directed towards a specific group ('nursing homes').
142;having anxiety is a daily battle 🙁 this shit sucks.;"{
  ""label"": ""CENSURE_LABEL"",
   ""confidence"": ""MEDIUM"",
   ""rationale"": ""The presence of the word 'shit' is considered profane and the phrase 'this shit sucks' is an expression of frustration and discontent, which can be perceived as derogatory.""
}";1;0;MEDIUM;The presence of the word 'shit' is considered profane and the phrase 'this shit sucks' is an expression of frustration and discontent, which can be perceived as derogatory.
76;@BTS_twt Pa muchim is in the thread.. we don't understand;"{
  ""label"": ""NONE_LABEL"",
   ""confidence"": ""HIGH"",
   ""rationale"": ""The span_text does not contain any explicit harmful content, profanity, slurs, or targeted insults.""
}";0;0;HIGH;The span_text does not contain any explicit harmful content, profanity, slurs, or targeted insults.
60;@JamaalBowmanNY @AOC What happened to being innocent until proven guilty??;"{
  ""label"": ""CENSURE_LABEL"",
   ""confidence"": ""HIGH"",
   ""rationale"": ""The span_text implies a biased assumption of guilt without due process, which is a form of conflictual language.""
}";1;0;HIGH;The span_text implies a biased assumption of guilt without due process, which is a form of conflictual language.
3;🌨 I want something stronger (I want it) Than a;"{
  ""label"": ""NONE_LABEL"",
   ""confidence"": ""LOW"",
   ""rationale"": ""No explicit harm or conflictual language found in the span_text.""
}";0;0;LOW;No explicit harm or conflictual language found in the span_text.
1734;and is normal. America is violent asf and sadistic asf;"{
  ""label"": ""CENSURE_LABEL"",
   ""confidence"": ""HIGH"",
   ""rationale"": ""The span contains phrases 'violent asf' and 'sadistic asf', which are derogatory and attack the nation of America, indicating conflictual language.""
}";1;1;HIGH;The span contains phrases 'violent asf' and 'sadistic asf', which are derogatory and attack the nation of America, indicating conflictual language.
691;around and call it a suicide prevention song??????? Big fat;"{
  ""label"": ""CENSURE_LABEL"",
   ""confidence"": ""HIGH"",
   ""rationale"": ""The presence of the phrase 'suicide prevention song' followed by derogatory language ('Big fat') indicates a targeted insult, which is considered conflictual language.""
}";1;1;HIGH;The presence of the phrase 'suicide prevention song' followed by derogatory language ('Big fat') indicates a targeted insult, which is considered conflictual language.
715;belong!!! No doubt the thieving bastards will just get a;"{
  ""label"": ""CENSURE_LABEL"",
   ""confidence"": ""HIGH"",
   ""rationale"": ""The presence of targeted derogatory language ('thieving bastards') and aggressive tone ('belong!!!') indicates a high level of conflictual language.""
}";1;0;HIGH;The presence of targeted derogatory language ('thieving bastards') and aggressive tone ('belong!!!') indicates a high level of conflictual language.
353;communist, not a spineless imperialist weasel democrat who supports drone;"{
  ""label"": ""CENSURE_LABEL"",
   ""confidence"": ""HIGH"",
   ""rationale"": ""The span_text contains a targeted insult ('weasel democrat') and derogatory language ('spineless imperialist weasel'), which are considered conflictual and harmful.""
}";1;1;HIGH;The span_text contains a targeted insult ('weasel democrat') and derogatory language ('spineless imperialist weasel'), which are considered conflictual and harmful.
1894;system (s), and they wan na charge $ 700+ for;"{
  ""label"": ""NONE_LABEL"",
   ""confidence"": ""HIGH"",
   ""rationale"": ""The span_text does not contain any explicit harmful content, profanity, slurs, or targeted insults, but it does express dissatisfaction with a system and its associated cost.""
}";0;1;HIGH;The span_text does not contain any explicit harmful content, profanity, slurs, or targeted insults, but it does express dissatisfaction with a system and its associated cost.
31;I know how you feel 🤣🤣 I'd love to find;"{
  ""label"": ""NONE_LABEL"",
   ""confidence"": ""HIGH"",
   ""rationale"": ""The span_text does not contain any explicit harmful content, profanity, slurs, or targeted insults, but the emojis \ud83e\udd23\ud83e\udd23 could be interpreted as sarcastic or mocking, which is still considered harmless in this context.""
}";0;0;HIGH;The span_text does not contain any explicit harmful content, profanity, slurs, or targeted insults, but the emojis 🤣🤣 could be interpreted as sarcastic or mocking, which is still considered harmless in this context.
240;Also yes many men are pussies these days, luckily they;"{
  ""label"": ""CENSURE_LABEL"",
   ""confidence"": ""HIGH"",
   ""rationale"": ""The span_text contains derogatory language towards men, specifically calling them 'pussies', which is a targeted insult.""
}";1;1;HIGH;The span_text contains derogatory language towards men, specifically calling them 'pussies', which is a targeted insult.
121;In everything you do, remember to fear women. Dangerous motherfuckers.;"{
  ""label"": ""CENSURE_LABEL"",
   ""confidence"": ""HIGH"",
   ""rationale"": ""The span_text contains a derogatory statement about women, specifically using the phrase 'Dangerous motherfuckers', which is an attack based on gender.""
}";1;1;HIGH;The span_text contains a derogatory statement about women, specifically using the phrase 'Dangerous motherfuckers', which is an attack based on gender.
308;come up? 🥴 stop Dick eating me and my peace;"{
  ""label"": ""CENSURE_LABEL"",
   ""confidence"": ""HIGH"",
   ""rationale"": ""The span_text contains a targeted insult with a derogatory tone towards 'Dick'.""
}";1;0;HIGH;The span_text contains a targeted insult with a derogatory tone towards 'Dick'.
1417;you heard anything on 'red side's' thoughts on these new;"{
  ""label"": ""NONE_LABEL"",
   ""confidence"": ""HIGH"",
   ""rationale"": ""The span_text does not contain any explicit harmful content, profanity, slurs, or targeted insults, and does not imply any attack on protected categories.""
}";0;1;HIGH;The span_text does not contain any explicit harmful content, profanity, slurs, or targeted insults, and does not imply any attack on protected categories.
16;I wish my job didn't severely destroy my mental health;"{
  ""label"": ""CENSURE_LABEL"",
   ""confidence"": ""HIGH"",
   ""rationale"": ""The span_text contains a statement about severe mental health destruction, which can be perceived as a targeted insult or attack on the job, and thus is considered conflictual language.""
}";1;0;HIGH;The span_text contains a statement about severe mental health destruction, which can be perceived as a targeted insult or attack on the job, and thus is considered conflictual language.
177;@BrandonStraka Well Georgia is still cheating they stopped counting in;"{
  ""label"": ""CENSURE_LABEL"",
   ""confidence"": ""HIGH"",
   ""rationale"": ""The span_text contains a targeted attack on a protected category (race) with the phrase 'Georgia is still cheating they stopped counting in', implying racial bias in the voting process.""
}";1;0;HIGH;The span_text contains a targeted attack on a protected category (race) with the phrase 'Georgia is still cheating they stopped counting in', implying racial bias in the voting process.
922;in and enforce laws to stop people being fucking dicks;"{
  ""label"": ""CENSURE_LABEL"",
   ""confidence"": ""HIGH"",
   ""rationale"": ""The span contains a targeted insult phrase 'being fucking dicks' which is directed at a group of people, indicating conflictual language.""
}";1;0;HIGH;The span contains a targeted insult phrase 'being fucking dicks' which is directed at a group of people, indicating conflictual language.
1205;Does that mean violence against every Republican should be legal?;"{
  ""label"": ""CENSURE_LABEL"",
   ""confidence"": ""HIGH"",
   ""rationale"": ""The span_text implies violence against a protected category ('Republican') which is a clear attack based on political affiliation.""
}";1;1;HIGH;The span_text implies violence against a protected category ('Republican') which is a clear attack based on political affiliation.
125;He's that random beardy weirdy trying to sell us health;"{
  ""label"": ""CENSURE_LABEL"",
   ""confidence"": ""HIGH"",
   ""rationale"": ""The span_text contains a targeted insult ('beardy weirdy'), which is a derogatory term used to mock someone's appearance.""
}";1;0;HIGH;The span_text contains a targeted insult ('beardy weirdy'), which is a derogatory term used to mock someone's appearance.
325;to know you (r monster cock) more and to fall;"{
  ""label"": ""CENSURE_LABEL"",
   ""confidence"": ""MEDIUM"",
   ""rationale"": ""The span_text contains a derogatory term ('monster cock') which is considered targeted and conflictual language.""
}";1;0;MEDIUM;The span_text contains a derogatory term ('monster cock') which is considered targeted and conflictual language.
764;heard of that, ill just call it mansexual or bitchsexual;"{
  ""label"": ""CENSURE_LABEL"",
   ""confidence"": ""HIGH"",
   ""rationale"": ""The span_text contains derogatory terms 'mansexual' and 'bitchsexual' which are targeted insults and slurs, making it conflictual language.""
}";1;0;HIGH;The span_text contains derogatory terms 'mansexual' and 'bitchsexual' which are targeted insults and slurs, making it conflictual language.
143;@BlueBoxDave I decided i didn't want to die. Sounds stupid,;"{
  ""label"": ""NONE_LABEL"",
   ""confidence"": ""LOW"",
   ""rationale"": ""The span_text does not contain explicit harmful content, but mentions a suicidal thought which is a sensitive topic. However, it is not an attack on any protected category.""
}";0;0;LOW;The span_text does not contain explicit harmful content, but mentions a suicidal thought which is a sensitive topic. However, it is not an attack on any protected category.
30;again around 6 in the fucking morning to eat pepero;"{
  ""label"": ""NONE_LABEL"",
   ""confidence"": ""HIGH"",
   ""rationale"": ""The span_text contains excessive profanity ('fucking'), but it is not directed at a protected category or used as an attack.""
}";0;0;HIGH;The span_text contains excessive profanity ('fucking'), but it is not directed at a protected category or used as an attack.
612;than you might be the Joker or a fucking idiot','''';"{
  ""label"": ""CENSURE_LABEL"",
   ""confidence"": ""HIGH"",
   ""rationale"": ""The span contains a targeted insult with explicit profanity ('fucking idiot'), which is considered conflictual language.""
}";1;1;HIGH;The span contains a targeted insult with explicit profanity ('fucking idiot'), which is considered conflictual language.
67;He has reached Menopause of ideas, he becomes moody.;"{
  ""label"": ""NONE_LABEL"",
   ""confidence"": ""HIGH"",
   ""rationale"": ""The span_text uses a metaphor ('Menopause of ideas') to describe someone's moodiness, which is not a targeted insult or slur.""
}";0;0;HIGH;The span_text uses a metaphor ('Menopause of ideas') to describe someone's moodiness, which is not a targeted insult or slur.
496;depressing that someone as unserious and hateful as you is;"{
  ""label"": ""CENSURE_LABEL"",
   ""confidence"": ""HIGH"",
   ""rationale"": ""The span contains a targeted insult, specifically calling someone 'unserious and hateful', which is a form of conflictual language.""
}";1;1;HIGH;The span contains a targeted insult, specifically calling someone 'unserious and hateful', which is a form of conflictual language.
248;It's an nft for sure gon na right click and;"{
  ""label"": ""NONE_LABEL"",
   ""confidence"": ""LOW"",
   ""rationale"": ""No explicit harmful content found in the span_text.""
}";0;0;LOW;No explicit harmful content found in the span_text.
74;rid of wan? He is horribly bias leftist & u;"{
  ""label"": ""CENSURE_LABEL"",
   ""confidence"": ""HIGH"",
   ""rationale"": ""The span_text contains targeted derogatory language towards a political ideology ('horribly bias leftist') and a personal attack ('u')""
}";1;1;HIGH;The span_text contains targeted derogatory language towards a political ideology ('horribly bias leftist') and a personal attack ('u')
189;w/ rappers? U hv no fckn ear and ungrateful for;"{
  ""label"": ""CENSURE_LABEL"",
   ""confidence"": ""HIGH"",
   ""rationale"": ""The span_text contains a targeted insult ('U hv no fckn ear') and excessive profanity ('fckn'), which are not explicitly excluded by the input signals.""
}";1;0;HIGH;The span_text contains a targeted insult ('U hv no fckn ear') and excessive profanity ('fckn'), which are not explicitly excluded by the input signals.
1048;state-wide embarrassment. BTW, they WERE trumptards. Paxton is as credible;"{
  ""label"": ""CENSURE_LABEL"",
   ""confidence"": ""HIGH"",
   ""rationale"": ""The span_text contains targeted derogatory language towards a specific group ('trumptards'), which is an attack based on political affiliation.""
}";1;1;HIGH;The span_text contains targeted derogatory language towards a specific group ('trumptards'), which is an attack based on political affiliation.
186;@Bethenny You're a miserable cunt. Fuck you.;"{
  ""label"": ""CENSURE_LABEL"",
   ""confidence"": ""HIGH"",
   ""rationale"": ""The span contains a targeted insult with a derogatory term ('cunt') and a profane expression ('Fuck you').""
}";1;1;HIGH;The span contains a targeted insult with a derogatory term ('cunt') and a profane expression ('Fuck you').
127;Lets out a sigh as he pats himself down a;"{
  ""label"": ""NONE_LABEL"",
   ""confidence"": ""HIGH"",
   ""rationale"": ""No explicit harmful content, profanity, slurs, or targeted insults found in the span_text.""
}";0;0;HIGH;No explicit harmful content, profanity, slurs, or targeted insults found in the span_text.
903;feel super depressed and lonely yay why do I do;"{
  ""label"": ""CENSURE_LABEL"",
   ""confidence"": ""HIGH"",
   ""rationale"": ""The span_text contains a targeted expression of negative emotions ('feel super depressed and lonely') followed by a contradictory phrase ('yay'), which may be indicative of a mental health crisis or emotional distress. The phrase 'why do I do' could be interpreted as a self-critical or self-blaming statement, which may be a symptom of depression or low self-esteem.""
}";1;1;HIGH;The span_text contains a targeted expression of negative emotions ('feel super depressed and lonely') followed by a contradictory phrase ('yay'), which may be indicative of a mental health crisis or emotional distress. The phrase 'why do I do' could be interpreted as a self-critical or self-blaming statement, which may be a symptom of depression or low self-esteem.
1280;adrenal glands, these are really evil people - may be;"{
  ""label"": ""CENSURE_LABEL"",
   ""confidence"": ""HIGH"",
   ""rationale"": ""The span_text contains a targeted insult towards 'really evil people', which is a derogatory statement.""
}";1;1;HIGH;The span_text contains a targeted insult towards 'really evil people', which is a derogatory statement.
216;I guess she was','n't' the only survivor after all. I'm;"{
  ""label"": ""NONE_LABEL"",
   ""confidence"": ""HIGH"",
   ""rationale"": ""The text span does not contain any explicit harmful content, profanity, slurs, or targeted insults.""
}";0;0;HIGH;The text span does not contain any explicit harmful content, profanity, slurs, or targeted insults.
1600;Coop, you are the reason Spencer got shot. He told;"{
  ""label"": ""CENSURE_LABEL"",
   ""confidence"": ""HIGH"",
   ""rationale"": ""The span_text contains a targeted accusation of being the reason for someone's injury, which can be considered a form of attack and conflictual language.""
}";1;1;HIGH;The span_text contains a targeted accusation of being the reason for someone's injury, which can be considered a form of attack and conflictual language.
43;the shops, try tweeting them shitheads see if any can;"{
  ""label"": ""CENSURE_LABEL"",
   ""confidence"": ""HIGH"",
   ""rationale"": ""The span contains a targeted insult ('shitheads') which is a form of conflictual language.""
}";1;0;HIGH;The span contains a targeted insult ('shitheads') which is a form of conflictual language.
400;Cameron's POV. ite wsg lil niggas so I'm on my;"{
  ""label"": ""CENSURE_LABEL"",
   ""confidence"": ""HIGH"",
   ""rationale"": ""The span contains a racial slur ('niggas') which is a targeted attack based on protected categories.""
}";1;0;HIGH;The span contains a racial slur ('niggas') which is a targeted attack based on protected categories.
656;ab sleeping with someone's boyfriend, you're a piece of shit;"{
  ""label"": ""CENSURE_LABEL"",
   ""confidence"": ""HIGH"",
   ""rationale"": ""The span contains a targeted insult with explicit derogatory language ('piece of shit'), which is considered conflictual language.""
}";1;0;HIGH;The span contains a targeted insult with explicit derogatory language ('piece of shit'), which is considered conflictual language.
18;Man @NHL has such a dogshit app. Tried to watch;"{
  ""label"": ""CENSURE_LABEL"",
   ""confidence"": ""HIGH"",
   ""rationale"": ""The span_text contains a derogatory term ('dogshit') that is considered conflictual language.""
}";1;0;HIGH;The span_text contains a derogatory term ('dogshit') that is considered conflictual language.
463;with flag poles and head smashed in. 👍🏼👍🏼 fuckn antifa.;"{
  ""label"": ""CENSURE_LABEL"",
   ""confidence"": ""HIGH"",
   ""rationale"": ""The span_text contains targeted hate speech with derogatory language towards 'antifa', a protected category.""
}";1;1;HIGH;The span_text contains targeted hate speech with derogatory language towards 'antifa', a protected category.
299;of rape threats remain untouched on here for years, found;"{
  ""label"": ""CENSURE_LABEL"",
   ""confidence"": ""HIGH"",
   ""rationale"": ""The span_text contains a reference to 'rape threats', which is a severe form of targeted harassment and a clear indicator of conflictual language.""
}";1;1;HIGH;The span_text contains a reference to 'rape threats', which is a severe form of targeted harassment and a clear indicator of conflictual language.
1233;You must have a brain the size of a peanut;"{
  ""label"": ""NONE_LABEL"",
   ""confidence"": ""HIGH"",
   ""rationale"": ""The statement is an insult, but it does not target a protected category and is not excessively profane, thus it is classified as NONE_LABEL with HIGH confidence due to its clear intent to mock.""
}";0;1;HIGH;The statement is an insult, but it does not target a protected category and is not excessively profane, thus it is classified as NONE_LABEL with HIGH confidence due to its clear intent to mock.
1248;anymore. We have a toxic Murdoch/Costello media that diverts the;"{
  ""label"": ""CENSURE_LABEL"",
   ""confidence"": ""HIGH"",
   ""rationale"": ""The term 'toxic' is used to describe a group of people, which can be considered a targeted insult, and the phrase 'diverts the' implies a negative action towards a specific group, indicating conflictual language.""
}";1;1;HIGH;The term 'toxic' is used to describe a group of people, which can be considered a targeted insult, and the phrase 'diverts the' implies a negative action towards a specific group, indicating conflictual language.
766;@user Whoopi is so far wrong she'll' never find her;"{
  ""label"": ""CENSURE_LABEL"",
   ""confidence"": ""HIGH"",
   ""rationale"": ""The span contains a targeted insult with a derogatory tone towards Whoopi, which falls under conflictual language.""
}";1;1;HIGH;The span contains a targeted insult with a derogatory tone towards Whoopi, which falls under conflictual language.
384;@user Your cock mate haha more cumshots! Your ass and;"{
  ""label"": ""CENSURE_LABEL"",
   ""confidence"": ""HIGH"",
   ""rationale"": ""The span contains a derogatory term ('cock mate') and a reference to explicit content ('cumshots'), which is considered conflictual language.""
}";1;0;HIGH;The span contains a derogatory term ('cock mate') and a reference to explicit content ('cumshots'), which is considered conflictual language.
838;my 21+ and bars and shit now. Where the grown;"{
  ""label"": ""NONE_LABEL"",
   ""confidence"": ""LOW"",
   ""rationale"": ""No explicit harmful content or protected categories mentioned in the span_text.""
}";0;0;LOW;No explicit harmful content or protected categories mentioned in the span_text.
96;@BTS_twt glad you're all bundled up! hope you're having a;"{
  ""label"": ""NONE_LABEL"",
   ""confidence"": ""HIGH"",
   ""rationale"": ""The span_text does not contain any harmful or conflictual language, profanity, slurs, or targeted insults.""
}";0;0;HIGH;The span_text does not contain any harmful or conflictual language, profanity, slurs, or targeted insults.
619;had to tell shawty her pussy stink, she was cryin;"{
  ""label"": ""CENSURE_LABEL"",
   ""confidence"": ""HIGH"",
   ""rationale"": ""The span contains a derogatory and dehumanizing comment about a woman's genitalia, which is a form of targeted insult and conflictual language.""
}";1;0;HIGH;The span contains a derogatory and dehumanizing comment about a woman's genitalia, which is a form of targeted insult and conflictual language.
1743;Jack Dorsey is a little pussy-ass bitch faggot.;"{
  ""label"": ""CENSURE_LABEL"",
   ""confidence"": ""HIGH"",
   ""rationale"": ""The span contains a homophobic slur ('faggot') and excessive profanity ('pussy-ass bitch'), which are considered conflictual language.""
}";1;1;HIGH;The span contains a homophobic slur ('faggot') and excessive profanity ('pussy-ass bitch'), which are considered conflictual language.
293;milf is a sexual word why are you trying to;"{
  ""label"": ""CENSURE_LABEL"",
   ""confidence"": ""HIGH"",
   ""rationale"": ""The span contains a derogatory term ('milf') that is a form of targeted insult, which is considered conflictual language.""
}";1;0;HIGH;The span contains a derogatory term ('milf') that is a form of targeted insult, which is considered conflictual language.
796;small. No one is falling for this you racist shitbag.;"{
  ""label"": ""CENSURE_LABEL"",
   ""confidence"": ""HIGH"",
   ""rationale"": ""The span contains a targeted slur and hate speech ('you racist shitbag'), which is a clear example of conflictual language.""
}";1;1;HIGH;The span contains a targeted slur and hate speech ('you racist shitbag'), which is a clear example of conflictual language.
56;While Jake investigates a story involving the Dominion, Odo is;"{
  ""label"": ""NONE_LABEL"",
   ""confidence"": ""HIGH"",
   ""rationale"": ""The span_text does not contain any explicit harmful content, profanity, slurs, or targeted insults.""
}";0;0;HIGH;The span_text does not contain any explicit harmful content, profanity, slurs, or targeted insults.
242;i dont overhype zaha but i really love antwerp's port;"{
  ""label"": ""NONE_LABEL"",
   ""confidence"": ""HIGH"",
   ""rationale"": ""The span_text does not contain any explicit harmful content or protected categories attacks.""
}";0;0;HIGH;The span_text does not contain any explicit harmful content or protected categories attacks.
230;My power went out this morning a little after 10:30.;"{
  ""label"": ""NONE_LABEL"",
   ""confidence"": ""HIGH"",
   ""rationale"": ""The span_text does not contain any explicit harmful content, profanity, slurs, or targeted insults.""
}";0;0;HIGH;The span_text does not contain any explicit harmful content, profanity, slurs, or targeted insults.
801;Thats a personal dumb choice your stupid ass thinking about...;"{
  ""label"": ""CENSURE_LABEL"",
   ""confidence"": ""HIGH"",
   ""rationale"": ""The span contains targeted insults ('your stupid ass'), which aligns with the CENSURE_LABEL.""
}";1;0;HIGH;The span contains targeted insults ('your stupid ass'), which aligns with the CENSURE_LABEL.
109;I love when I tell people I have a pinched;"{
  ""label"": ""NONE_LABEL"",
   ""confidence"": ""HIGH"",
   ""rationale"": ""No explicit harmful content found in the span_text.""
}";0;0;HIGH;No explicit harmful content found in the span_text.
895;have big boobs so theyre sluts and therefore bad' making;"{
  ""label"": ""CENSURE_LABEL"",
   ""confidence"": ""HIGH"",
   ""rationale"": ""The span_text contains derogatory language towards women ('sluts and therefore bad') and objectifies them based on physical appearance ('have big boobs'), which is a form of targeted insult and conflictual language.""
}";1;0;HIGH;The span_text contains derogatory language towards women ('sluts and therefore bad') and objectifies them based on physical appearance ('have big boobs'), which is a form of targeted insult and conflictual language.
1822;The LeftistLoons have been b-tching, 😭 & harping about THEIR;"{
  ""label"": ""CENSURE_LABEL"",
   ""confidence"": ""HIGH"",
   ""rationale"": ""The span contains targeted derogatory language towards a specific group ('LeftistLoons'), with explicit profanity ('b-tching') and a derogatory emoji (🚽), which is considered conflictual language.""
}";1;1;HIGH;The span contains targeted derogatory language towards a specific group ('LeftistLoons'), with explicit profanity ('b-tching') and a derogatory emoji (🚽), which is considered conflictual language.
1109;@user 'that company is racist!!' you literally called black people;"{
  ""label"": ""CENSURE_LABEL"",
   ""confidence"": ""HIGH"",
   ""rationale"": ""The span_text contains an explicit accusation of racism, citing a specific group (black people), which is a targeted attack based on protected category.""
}";1;1;HIGH;The span_text contains an explicit accusation of racism, citing a specific group (black people), which is a targeted attack based on protected category.
72;lmaooo. Them 21 year old bitches used to treat 27;"{
  ""label"": ""CENSURE_LABEL"",
   ""confidence"": ""HIGH"",
   ""rationale"": ""The span_text contains a derogatory statement towards women based on age, which is a targeted insult and a form of conflictual language.""
}";1;0;HIGH;The span_text contains a derogatory statement towards women based on age, which is a targeted insult and a form of conflictual language.
1461;in charge to turn people against the NHS. In readiness;"{
  ""label"": ""CENSURE_LABEL"",
   ""confidence"": ""HIGH"",
   ""rationale"": ""The span_text contains language that is an attack on the NHS, a protected category, which is considered conflictual language.""
}";1;1;HIGH;The span_text contains language that is an attack on the NHS, a protected category, which is considered conflictual language.
1096;die for ghouls like these maggot infested sacks of filth.;"{
  ""label"": ""CENSURE_LABEL"",
   ""confidence"": ""HIGH"",
   ""rationale"": ""The span_text contains targeted derogatory language towards a group of people, using phrases like 'maggot infested sacks of filth', which is a clear insult and attack based on a protected category.""
}";1;1;HIGH;The span_text contains targeted derogatory language towards a group of people, using phrases like 'maggot infested sacks of filth', which is a clear insult and attack based on a protected category.
547;@user You don't want your coochie smelling like flowers and;"{
  ""label"": ""CENSURE_LABEL"",
   ""confidence"": ""HIGH"",
   ""rationale"": ""The span contains a targeted insult ('coochie') and derogatory language, which is conflictual and harmful.""
}";1;0;HIGH;The span contains a targeted insult ('coochie') and derogatory language, which is conflictual and harmful.
251;Hello langtwt I have a question for those who have;"{
  ""label"": ""NONE_LABEL"",
   ""confidence"": ""HIGH"",
   ""rationale"": ""The span_text does not contain any explicit harmful content, profanity, slurs, or targeted insults.""
}";0;0;HIGH;The span_text does not contain any explicit harmful content, profanity, slurs, or targeted insults.
252;@ETCanada Media wanted a skin racist headline.. more racism to;"{
  ""label"": ""CENSURE_LABEL"",
   ""confidence"": ""HIGH"",
   ""rationale"": ""The span_text contains a racist comment ('skin racist') and a racist slur ('more racism to'), which is a clear attack based on a protected category.""
}";1;0;HIGH;The span_text contains a racist comment ('skin racist') and a racist slur ('more racism to'), which is a clear attack based on a protected category.
205;Why tf do I need to write plain html code;"{
  ""label"": ""NONE_LABEL"",
   ""confidence"": ""LOW"",
   ""rationale"": ""The span_text contains a mild profanity, but it is not targeted or excessive.""
}";0;0;LOW;The span_text contains a mild profanity, but it is not targeted or excessive.
711;as much about astrology as it is about anti-misogynistic assholes;"{
  ""label"": ""CENSURE_LABEL"",
   ""confidence"": ""HIGH"",
   ""rationale"": ""The span_text contains a targeted insult ('anti-misogynistic assholes') which is directed towards a protected category (gender)""
}";1;1;HIGH;The span_text contains a targeted insult ('anti-misogynistic assholes') which is directed towards a protected category (gender)
275;He might still might be a bit bitter about that.;"{
  ""label"": ""NONE_LABEL"",
   ""confidence"": ""HIGH"",
   ""rationale"": ""No explicit conflictual language or slurs found in the span_text.""
}";0;0;HIGH;No explicit conflictual language or slurs found in the span_text.
768;guess there'll always be certain a-holes among us who'll have;"{
  ""label"": ""CENSURE_LABEL"",
   ""confidence"": ""MEDIUM"",
   ""rationale"": ""The presence of the slur 'a-holes' is a targeted derogatory term.""
}";1;0;MEDIUM;The presence of the slur 'a-holes' is a targeted derogatory term.
1153;ha ha, you're one of those are you? I have';"{
  ""label"": ""CENSURE_LABEL"",
   ""confidence"": ""MEDIUM"",
   ""rationale"": ""The span_text contains a targeted question that implies a derogatory assumption, which is a form of conflictual language.""
}";1;1;MEDIUM;The span_text contains a targeted question that implies a derogatory assumption, which is a form of conflictual language.
1028;a few moments ago. More nonsense from you when this;"{
  ""label"": ""NONE_LABEL"",
   ""confidence"": ""LOW"",
   ""rationale"": ""No explicit harmful content found in the span_text.""
}";0;1;LOW;No explicit harmful content found in the span_text.
870;@Jim_Jordan You are a deceitful bullshit artist. Happy to lie;"{
  ""label"": ""CENSURE_LABEL"",
   ""confidence"": ""HIGH"",
   ""rationale"": ""The span_text contains a targeted insult ('deceitful bullshit artist') and an attack on honesty ('Happy to lie'), which are forms of conflictual language.""
}";1;1;HIGH;The span_text contains a targeted insult ('deceitful bullshit artist') and an attack on honesty ('Happy to lie'), which are forms of conflictual language.
150;@HelloFreshUK metformin tablets have brought my heart rate down, its;"{
  ""label"": ""NONE_LABEL"",
   ""confidence"": ""HIGH"",
   ""rationale"": ""No conflictual language or targeted insults found in the span_text. The text mentions a positive experience with a product.""
}";0;0;HIGH;No conflictual language or targeted insults found in the span_text. The text mentions a positive experience with a product.
899;StolenPonyRosie Come on you thieving bastards let her go;"{
  ""label"": ""CENSURE_LABEL"",
   ""confidence"": ""HIGH"",
   ""rationale"": ""The span contains targeted derogatory language ('thieving bastards') and an attack based on a protected category ('you'), which is considered conflictual language.""
}";1;0;HIGH;The span contains targeted derogatory language ('thieving bastards') and an attack based on a protected category ('you'), which is considered conflictual language.
1161;Will he get cancer? Grow a tail? A third nipple?;"{
  ""label"": ""NONE_LABEL"",
   ""confidence"": ""HIGH"",
   ""rationale"": ""The span_text contains hypothetical and speculative language, but no explicit conflictual or targeted content.""
}";0;1;HIGH;The span_text contains hypothetical and speculative language, but no explicit conflictual or targeted content.
1776;Same level of lies, same level of ignorance, same bullshit.;"{
  ""label"": ""CENSURE_LABEL"",
   ""confidence"": ""HIGH"",
   ""rationale"": ""The span contains targeted insults and profanity, which is considered conflictual language.""
}";1;1;HIGH;The span contains targeted insults and profanity, which is considered conflictual language.
14;@SholaMos1 That is not a relevant comparison. If someone said;"{
  ""label"": ""NONE_LABEL"",
   ""confidence"": ""HIGH"",
   ""rationale"": ""No explicit harmful content or attacks found in the span_text.""
}";0;0;HIGH;No explicit harmful content or attacks found in the span_text.
200;a Billy Dee lookin ' mothafucka is sending me. I;"{
  ""label"": ""CENSURE_LABEL"",
   ""confidence"": ""HIGH"",
   ""rationale"": ""The span contains a racial slur ('mothafucka') which is a targeted attack based on protected category.""
}";1;0;HIGH;The span contains a racial slur ('mothafucka') which is a targeted attack based on protected category.
212;Will Maxwell suffer the same fate as Epstein... 'involuntary suicide'?;"{
  ""label"": ""CENSURE_LABEL"",
   ""confidence"": ""HIGH"",
   ""rationale"": ""The span_text contains a threat ('suffer the same fate') and a reference to a violent death ('involuntary suicide'), which is a form of conflictual language.""
}";1;0;HIGH;The span_text contains a threat ('suffer the same fate') and a reference to a violent death ('involuntary suicide'), which is a form of conflictual language.
1169;should take a medication meant for ex: horses. You're ridiculous.;"{
  ""label"": ""CENSURE_LABEL"",
   ""confidence"": ""HIGH"",
   ""rationale"": ""The span_text contains a targeted insult ('ridiculous') directed at a person.""
}";1;1;HIGH;The span_text contains a targeted insult ('ridiculous') directed at a person.
39;@user Cause Riley is a massive cunt.;"{
  ""label"": ""CENSURE_LABEL"",
   ""confidence"": ""HIGH"",
   ""rationale"": ""The span contains a targeted insult with a derogatory term ('cunt'), which is a form of conflictual language.""
}";1;1;HIGH;The span contains a targeted insult with a derogatory term ('cunt'), which is a form of conflictual language.
243;to love things that are useless to us in women.;"{
  ""label"": ""CENSURE_LABEL"",
   ""confidence"": ""HIGH"",
   ""rationale"": ""The span_text contains a derogatory statement about women, specifically implying that things they love are useless, which is a form of condescending and sexist language.""
}";1;1;HIGH;The span_text contains a derogatory statement about women, specifically implying that things they love are useless, which is a form of condescending and sexist language.
1387;wasn't on that niggas was cold asshit in 2 hoodies;"{
  ""label"": ""CENSURE_LABEL"",
   ""confidence"": ""HIGH"",
   ""rationale"": ""The span contains a racial slur ('niggas'), which is a targeted attack based on protected category.""
}";1;1;HIGH;The span contains a racial slur ('niggas'), which is a targeted attack based on protected category.
1143;wouldn't touch you with a bargepole you arrogant ignorant fuck.;"{
  ""label"": ""CENSURE_LABEL"",
   ""confidence"": ""HIGH"",
   ""rationale"": ""The span contains targeted derogatory language ('arrogant', 'ignorant', 'fuck') directed at the individual.""
}";1;1;HIGH;The span contains targeted derogatory language ('arrogant', 'ignorant', 'fuck') directed at the individual.
905;@user bunch of virgin ass wallstreet cunts;"{
  ""label"": ""CENSURE_LABEL"",
   ""confidence"": ""HIGH"",
   ""rationale"": ""The span contains a targeted insult based on gender ('cunts') and derogatory language ('ass').""
}";1;0;HIGH;The span contains a targeted insult based on gender ('cunts') and derogatory language ('ass').
145;@user @user That's an awful thing to say about gobshites.;"{
  ""label"": ""CENSURE_LABEL"",
   ""confidence"": ""HIGH"",
   ""rationale"": ""The span_text contains a targeted insult ('gobshites') which is a derogatory term.""
}";1;0;HIGH;The span_text contains a targeted insult ('gobshites') which is a derogatory term.
1557;dead.. keep it on mothefucker. Hell is waiting for you.;"{
  ""label"": ""CENSURE_LABEL"",
   ""confidence"": ""HIGH"",
   ""rationale"": ""The span contains a targeted insult ('mothefucker') and a threat ('Hell is waiting for you').""
}";1;1;HIGH;The span contains a targeted insult ('mothefucker') and a threat ('Hell is waiting for you').
1877;date you, I will blind your motherfucken eyes. Matter of;"{
  ""label"": ""CENSURE_LABEL"",
   ""confidence"": ""HIGH"",
   ""rationale"": ""The span contains a threat ('blind your motherfucken eyes') and a derogatory phrase ('motherfucken'), which indicates a high level of conflictual language.""
}";1;1;HIGH;The span contains a threat ('blind your motherfucken eyes') and a derogatory phrase ('motherfucken'), which indicates a high level of conflictual language.
1053;ourselves, we don't need you jerkoffs telling us what's good;"{
  ""label"": ""CENSURE_LABEL"",
   ""confidence"": ""HIGH"",
   ""rationale"": ""The presence of derogatory language ('jerkoffs') and aggressive tone ('telling us what's good') indicates conflictual language.""
}";1;1;HIGH;The presence of derogatory language ('jerkoffs') and aggressive tone ('telling us what's good') indicates conflictual language.
229;No one that encounters prosperity does not also encounter danger.';"{
  ""label"": ""NONE_LABEL"",
   ""confidence"": ""HIGH"",
   ""rationale"": ""The span_text does not contain any explicit harmful content, but it does contain a statement that implies a potential negative outcome, which is not considered harmful in this context.""
}";0;0;HIGH;The span_text does not contain any explicit harmful content, but it does contain a statement that implies a potential negative outcome, which is not considered harmful in this context.
505;age only to take it away? Let me nap goddammit.;"{
  ""label"": ""CENSURE_LABEL"",
   ""confidence"": ""HIGH"",
   ""rationale"": ""The span contains targeted profanity ('goddammit') and a threat ('take it away'), which is considered conflictual language.""
}";1;0;HIGH;The span contains targeted profanity ('goddammit') and a threat ('take it away'), which is considered conflictual language.
1104;you for the spineless, soulless, snivelling sycophant that you are.;"{
  ""label"": ""CENSURE_LABEL"",
   ""confidence"": ""HIGH"",
   ""rationale"": ""The span_text contains targeted insult with explicit phrases such as 'sycophant', which is an attack on the person's character and implies a lack of courage or principle.""
}";1;1;HIGH;The span_text contains targeted insult with explicit phrases such as 'sycophant', which is an attack on the person's character and implies a lack of courage or principle.
128;@drmistercody Rogan's entire shtick is giving a soapbox to the;"{
  ""label"": ""CENSURE_LABEL"",
   ""confidence"": ""HIGH"",
   ""rationale"": ""The span_text contains a targeted attack on a protected category ('Rogan's entire shtick is giving a soapbox to the'), which is a form of conflictual language.""
}";1;0;HIGH;The span_text contains a targeted attack on a protected category ('Rogan's entire shtick is giving a soapbox to the'), which is a form of conflictual language.
45;@BeckyQuick U made gt points in chat w/ @megtirrell But;"{
  ""label"": ""NONE_LABEL"",
   ""confidence"": ""HIGH"",
   ""rationale"": ""No explicit harmful content or protected categories mentioned in the span_text.""
}";0;0;HIGH;No explicit harmful content or protected categories mentioned in the span_text.
969;@user What a desperate tosser....;"{
  ""label"": ""CENSURE_LABEL"",
   ""confidence"": ""HIGH"",
   ""rationale"": ""The span_text contains a targeted insult ('desperate tosser') directed at the user.""
}";1;0;HIGH;The span_text contains a targeted insult ('desperate tosser') directed at the user.
1482;@user Whats the word for wigger but for ppl who;"{
  ""label"": ""CENSURE_LABEL"",
   ""confidence"": ""HIGH"",
   ""rationale"": ""The term 'wigger' is a pejorative slang word used to describe a white person who adopts the culture, mannerisms, and speech of African Americans, which is considered a targeted insult and conflictual language.""
}";1;1;HIGH;The term 'wigger' is a pejorative slang word used to describe a white person who adopts the culture, mannerisms, and speech of African Americans, which is considered a targeted insult and conflictual language.
988;worse—but he knows the bloodsucking bastard who stole her. His;"{
  ""label"": ""CENSURE_LABEL"",
   ""confidence"": ""HIGH"",
   ""rationale"": ""The span contains a targeted insult ('bloodsucking bastard') which is a form of conflictual language.""
}";1;0;HIGH;The span contains a targeted insult ('bloodsucking bastard') which is a form of conflictual language.
1480;comments implying that her bringing up race is the only;"{
  ""label"": ""CENSURE_LABEL"",
   ""confidence"": ""HIGH"",
   ""rationale"": ""The span_text contains comments implying race-based discrimination, which is a form of conflictual language.""
}";1;1;HIGH;The span_text contains comments implying race-based discrimination, which is a form of conflictual language.
601;worry? NO!! I shaved that shit off and started working;"{
  ""label"": ""CENSURE_LABEL"",
   ""confidence"": ""HIGH"",
   ""rationale"": ""The span_text contains targeted profanity ('shit'), which is a form of aggressive language.""
}";1;0;HIGH;The span_text contains targeted profanity ('shit'), which is a form of aggressive language.
1373;I'm happy with the peasants holding up a random wall;"{
  ""label"": ""NONE_LABEL"",
   ""confidence"": ""HIGH"",
   ""rationale"": ""The span_text does not contain any explicit harmful content, excessive profanity, slurs, or targeted insults.""
}";0;1;HIGH;The span_text does not contain any explicit harmful content, excessive profanity, slurs, or targeted insults.
59;Not being able to make friends irl is like ok;"{
  ""label"": ""NONE_LABEL"",
   ""confidence"": ""HIGH"",
   ""rationale"": ""The span_text does not contain any explicit harmful content, profanity, slurs, or targeted insults.""
}";0;0;HIGH;The span_text does not contain any explicit harmful content, profanity, slurs, or targeted insults.
203;P Hey He is strong mentally physically and emotionally DESERVING;"{
  ""label"": ""NONE_LABEL"",
   ""confidence"": ""HIGH"",
   ""rationale"": ""The span_text does not contain any explicit harmful content, profanity, slurs, or targeted insults.""
}";0;0;HIGH;The span_text does not contain any explicit harmful content, profanity, slurs, or targeted insults.
629;cool as it gets' He's' definitely a really cool motherfucker.;"{
  ""label"": ""CENSURE_LABEL"",
   ""confidence"": ""HIGH"",
   ""rationale"": ""The span contains a targeted insult with derogatory language ('motherfucker').""
}";1;0;HIGH;The span contains a targeted insult with derogatory language ('motherfucker').
226;smaller my circle the Less muthafuckas know my business 👌🏽👌🏽;"{
  ""label"": ""CENSURE_LABEL"",
   ""confidence"": ""HIGH"",
   ""rationale"": ""The span_text contains targeted profanity ('muthafuckas') and derogatory language, indicating conflictual language.""
}";1;0;HIGH;The span_text contains targeted profanity ('muthafuckas') and derogatory language, indicating conflictual language.
33;himself on TV. Cotton ball is another asshole white man.;"{
  ""label"": ""CENSURE_LABEL"",
   ""confidence"": ""HIGH"",
   ""rationale"": ""The span_text contains a targeted insult ('asshole white man') which is a form of conflictual language.""
}";1;1;HIGH;The span_text contains a targeted insult ('asshole white man') which is a form of conflictual language.
735;that would be unsafe, So fuck off. You cunt. You;"{
  ""label"": ""CENSURE_LABEL"",
   ""confidence"": ""HIGH"",
   ""rationale"": ""The span contains targeted insults ('You cunt') that are considered conflictual language.""
}";1;1;HIGH;The span contains targeted insults ('You cunt') that are considered conflictual language.
160;this tweet was programmed 1 week ago and the predator;"{
  ""label"": ""CENSURE_LABEL"",
   ""confidence"": ""HIGH"",
   ""rationale"": ""The presence of the word 'predator' implies a derogatory or threatening tone, which aligns with conflictual language.""
}";1;0;HIGH;The presence of the word 'predator' implies a derogatory or threatening tone, which aligns with conflictual language.
227;@user Apparently it was a mafucka in Novi lol;"{
  ""label"": ""CENSURE_LABEL"",
   ""confidence"": ""MEDIUM"",
   ""rationale"": ""The span contains a derogatory racial slur ('m-fucka') and a racial slur ('mafucka') which is considered conflictual language.""
}";1;0;MEDIUM;The span contains a derogatory racial slur ('m-fucka') and a racial slur ('mafucka') which is considered conflictual language.
280;with it. Young people are fags and retarded type deal.;"{
  ""label"": ""CENSURE_LABEL"",
   ""confidence"": ""HIGH"",
   ""rationale"": ""The span contains derogatory terms 'fags' and 'retarded', which are targeted insults based on protected categories.""
}";1;1;HIGH;The span contains derogatory terms 'fags' and 'retarded', which are targeted insults based on protected categories.
223;love it when i get acid reflux because of my;"{
  ""label"": ""NONE_LABEL"",
   ""confidence"": ""LOW"",
   ""rationale"": ""The span_text does not contain explicit protected categories or excessive profanity.""
}";0;0;LOW;The span_text does not contain explicit protected categories or excessive profanity.
495;It's no way all these motherfuckers got important jobs with;"{
  ""label"": ""CENSURE_LABEL"",
   ""confidence"": ""HIGH"",
   ""rationale"": ""The presence of the word 'motherfuckers' is a targeted insult and derogatory language, which is considered conflictual.""
}";1;0;HIGH;The presence of the word 'motherfuckers' is a targeted insult and derogatory language, which is considered conflictual.
154;@brianschatz @codykeenan Trying to get through law school so I;"{
  ""label"": ""NONE_LABEL"",
   ""confidence"": ""HIGH"",
   ""rationale"": ""No explicit harmful language or patterns found in the span_text.""
}";0;0;HIGH;No explicit harmful language or patterns found in the span_text.
1317;already do this while you aren't in a relationship stupidass.;"{
  ""label"": ""CENSURE_LABEL"",
   ""confidence"": ""HIGH"",
   ""rationale"": ""The span contains targeted insult ('stupidass') which is a form of conflictual language.""
}";1;1;HIGH;The span contains targeted insult ('stupidass') which is a form of conflictual language.
124;Nah its a Snyder movie its dakr and depressing so;"{
  ""label"": ""NONE_LABEL"",
   ""confidence"": ""HIGH"",
   ""rationale"": ""The span_text does not contain any explicit harmful content, profanity, slurs, or targeted insults. However, it does contain a negative opinion about a movie, which is not considered a harmful content.""
}";0;0;HIGH;The span_text does not contain any explicit harmful content, profanity, slurs, or targeted insults. However, it does contain a negative opinion about a movie, which is not considered a harmful content.
866;i'm a pasta whore;"{
  ""label"": ""CENSURE_LABEL"",
   ""confidence"": ""HIGH"",
   ""rationale"": ""The span contains a derogatory term ('whore') targeted at a group or category (people with a preference for pasta), which is considered conflictual language.""
}";1;0;HIGH;The span contains a derogatory term ('whore') targeted at a group or category (people with a preference for pasta), which is considered conflictual language.
179;@Twitter @Twitter India @Twitter Safety I got that notif, it;"{
  ""label"": ""NONE_LABEL"",
   ""confidence"": ""HIGH"",
   ""rationale"": ""The span_text does not contain any explicit profanity, slurs, or targeted insults, but it does contain a mention of a 'notif' which could be related to a notification, and the tone appears to be neutral/informative.""
}";0;0;HIGH;The span_text does not contain any explicit profanity, slurs, or targeted insults, but it does contain a mention of a 'notif' which could be related to a notification, and the tone appears to be neutral/informative.
803;behind us, and all these treasonous fuckwits will emerge unscathed.;"{
  ""label"": ""CENSURE_LABEL"",
   ""confidence"": ""HIGH"",
   ""rationale"": ""The span contains a targeted insult ('treasonous fuckwits') which is an attack based on a protected category (political beliefs), thus warranting a CENSURE_LABEL.""
}";1;1;HIGH;The span contains a targeted insult ('treasonous fuckwits') which is an attack based on a protected category (political beliefs), thus warranting a CENSURE_LABEL.
120;maggots. So I'm glad to find non- maggot friends here.;"{
  ""label"": ""CENSURE_LABEL"",
   ""confidence"": ""MEDIUM"",
   ""rationale"": ""The span_text contains derogatory language ('maggots') which is considered conflictual.""
}";1;1;MEDIUM;The span_text contains derogatory language ('maggots') which is considered conflictual.
678;is low @user to the fuking moon 💪💪💪💪💪🔥🚀🚀🚀🚀 100xCoin RocketCoin;"{
  ""label"": ""CENSURE_LABEL"",
   ""confidence"": ""HIGH"",
   ""rationale"": ""The span contains targeted profanity and excessive use of emojis, which is considered conflictual language.""
}";1;0;HIGH;The span contains targeted profanity and excessive use of emojis, which is considered conflictual language.
1755;dumb brother. Lame asssss fuck not worth the cinturasos que;"{
  ""label"": ""CENSURE_LABEL"",
   ""confidence"": ""HIGH"",
   ""rationale"": ""The span contains targeted profanity ('fuck'), which is a clear indicator of conflictual language.""
}";1;1;HIGH;The span contains targeted profanity ('fuck'), which is a clear indicator of conflictual language.
68;@khanumarfa People wake up be sensible save urself we do;"{
  ""label"": ""CENSURE_LABEL"",
   ""confidence"": ""HIGH"",
   ""rationale"": ""The span contains a targeted attack on a protected category ('People') and a call to violence ('save urself we do'), which is a form of conflictual language.""
}";1;0;HIGH;The span contains a targeted attack on a protected category ('People') and a call to violence ('save urself we do'), which is a form of conflictual language.
1411;naw nigga this phaggot just maxed a child and y'all;"{
  ""label"": ""CENSURE_LABEL"",
   ""confidence"": ""HIGH"",
   ""rationale"": ""The span contains a targeted insult with a racial slur ('nigga') and a derogatory term ('phaggot') directed at a child, which is a severe form of conflictual language.""
}";1;1;HIGH;The span contains a targeted insult with a racial slur ('nigga') and a derogatory term ('phaggot') directed at a child, which is a severe form of conflictual language.
1478;our lifetime once people like you QUIT LYING. VapingSavesLives SaferNicotine;"{
  ""label"": ""CENSURE_LABEL"",
   ""confidence"": ""HIGH"",
   ""rationale"": ""The span_text contains a direct attack on a protected category ('people like you') and promotes a controversial and potentially harmful statement ('VapingSavesLives SaferNicotine').""
}";1;1;HIGH;The span_text contains a direct attack on a protected category ('people like you') and promotes a controversial and potentially harmful statement ('VapingSavesLives SaferNicotine').
208;Progesterone, metformin, and a heating pad lol;"{
  ""label"": ""NONE_LABEL"",
   ""confidence"": ""HIGH"",
   ""rationale"": ""The span_text contains no explicit harmful content, profanity, slurs, or targeted insults.""
}";0;0;HIGH;The span_text contains no explicit harmful content, profanity, slurs, or targeted insults.
167;With this stupid, depressing Chelsea game. We will be eliminated;"{
  ""label"": ""CENSURE_LABEL"",
   ""confidence"": ""HIGH"",
   ""rationale"": ""The span_text contains targeted insult ('stupid') and derogatory language ('depressing Chelsea game') which implies an attack on a specific group or individual.""
}";1;0;HIGH;The span_text contains targeted insult ('stupid') and derogatory language ('depressing Chelsea game') which implies an attack on a specific group or individual.
95;No, I don't remember when last I was physically tired.;"{
  ""label"": ""NONE_LABEL"",
   ""confidence"": ""HIGH"",
   ""rationale"": ""The span_text does not contain any explicit harmful content, profanity, slurs, or targeted insults.""
}";0;0;HIGH;The span_text does not contain any explicit harmful content, profanity, slurs, or targeted insults.
1022;trending? Almost as annoying as the grudge holding, whiney-ass crybaby;"{
  ""label"": ""CENSURE_LABEL"",
   ""confidence"": ""HIGH"",
   ""rationale"": ""The span_text contains a targeted insult with derogatory language ('whiney-ass crybaby'), which is considered conflictual and harmful.""
}";1;1;HIGH;The span_text contains a targeted insult with derogatory language ('whiney-ass crybaby'), which is considered conflictual and harmful.
132;remember this system is built to favor the mothers. 💯;"{
  ""label"": ""CENSURE_LABEL"",
   ""confidence"": ""HIGH"",
   ""rationale"": ""The span_text contains a statement that discriminates based on gender, favoring mothers over others.""
}";1;1;HIGH;The span_text contains a statement that discriminates based on gender, favoring mothers over others.
925;of them even though they disliked by most. And PR;"{
  ""label"": ""NONE_LABEL"",
   ""confidence"": ""LOW"",
   ""rationale"": ""No explicit harmful content, excessive profanity, slurs, or targeted insults found in the span_text.""
}";0;1;LOW;No explicit harmful content, excessive profanity, slurs, or targeted insults found in the span_text.
1173;All scumbags and lowlife. The network of pedophiles and queers.;"{
  ""label"": ""CENSURE_LABEL"",
   ""confidence"": ""HIGH"",
   ""rationale"": ""The span_text contains targeted attacks based on protected categories ('pedophiles' and 'queers'), which is conflictual language.""
}";1;1;HIGH;The span_text contains targeted attacks based on protected categories ('pedophiles' and 'queers'), which is conflictual language.
1786;and then closes them. Absolutely clueless the fucking lot of;"{
  ""label"": ""CENSURE_LABEL"",
   ""confidence"": ""HIGH"",
   ""rationale"": ""The span contains a targeted insult with explicit language ('clueless the fucking lot of')""
}";1;1;HIGH;The span contains a targeted insult with explicit language ('clueless the fucking lot of')
1015;@BorisJohnson Why would you lay a wreath for Polish soldiers;"{
  ""label"": ""CENSURE_LABEL"",
   ""confidence"": ""HIGH"",
   ""rationale"": ""The span_text contains a targeted insult towards Boris Johnson, a public figure, by questioning his actions in laying a wreath for Polish soldiers.""
}";1;1;HIGH;The span_text contains a targeted insult towards Boris Johnson, a public figure, by questioning his actions in laying a wreath for Polish soldiers.
1968;this girl is so stupiddddd! 😭;"{
  ""label"": ""CENSURE_LABEL"",
   ""confidence"": ""HIGH"",
   ""rationale"": ""The span contains a targeted insult towards a person based on their intelligence, which is a form of conflictual language.""
}";1;1;HIGH;The span contains a targeted insult towards a person based on their intelligence, which is a form of conflictual language.
644;I don't want to name any of them. Horrible gobshites.;"{
  ""label"": ""CENSURE_LABEL"",
   ""confidence"": ""HIGH"",
   ""rationale"": ""The span_text contains targeted derogatory language ('gobshites'), which is a form of insult.""
}";1;0;HIGH;The span_text contains targeted derogatory language ('gobshites'), which is a form of insult.
833;100k views. Yes. You beautiful bastards ended 2020 with a;"{
  ""label"": ""NONE_LABEL"",
   ""confidence"": ""LOW"",
   ""rationale"": ""No explicit conflictual language or protected category attacks found in the span_text.""
}";0;0;LOW;No explicit conflictual language or protected category attacks found in the span_text.
668;'Hillbilly Elegy',''''! Jokes aside, her language is gross as fuck.;"{
  ""label"": ""CENSURE_LABEL"",
   ""confidence"": ""HIGH"",
   ""rationale"": ""The span contains a derogatory term ('Hillbilly Elegy') and profanity ('gross as fuck'), which is considered conflictual language.""
}";1;0;HIGH;The span contains a derogatory term ('Hillbilly Elegy') and profanity ('gross as fuck'), which is considered conflictual language.
1135;reach. These cocksuckers need to be knocked off their pedestal.;"{
  ""label"": ""CENSURE_LABEL"",
   ""confidence"": ""HIGH"",
   ""rationale"": ""The span contains a targeted insult with derogatory language ('cocksuckers') and a call to violence ('knocked off their pedestal').""
}";1;1;HIGH;The span contains a targeted insult with derogatory language ('cocksuckers') and a call to violence ('knocked off their pedestal').
282;is this because the eruption? My hometown is kind of;"{
  ""label"": ""NONE_LABEL"",
   ""confidence"": ""HIGH"",
   ""rationale"": ""The span_text does not contain any explicit harmful content, profanity, slurs, or targeted insults.""
}";0;0;HIGH;The span_text does not contain any explicit harmful content, profanity, slurs, or targeted insults.
89;the most annoying thing in the world is when you're;"{
  ""label"": ""NONE_LABEL"",
   ""confidence"": ""LOW"",
   ""rationale"": ""No explicit harmful content found in the span_text.""
}";0;0;LOW;No explicit harmful content found in the span_text.
235;rn Bc of the dumbasss fucken ice means I am;"{
  ""label"": ""CENSURE_LABEL"",
   ""confidence"": ""HIGH"",
   ""rationale"": ""The span contains targeted insults ('dumbasss', 'fucken') which are considered conflictual language.""
}";1;0;HIGH;The span contains targeted insults ('dumbasss', 'fucken') which are considered conflictual language.
1058;@user @DevinNunes @SteveScalise @SenHawleyPress You fucking guys having fun today?;"{
  ""label"": ""CENSURE_LABEL"",
   ""confidence"": ""HIGH"",
   ""rationale"": ""The span contains targeted profanity towards specific individuals, which is an attack based on a protected category (public figure).""
}";1;1;HIGH;The span contains targeted profanity towards specific individuals, which is an attack based on a protected category (public figure).
123;Congratulations to the people who I rooted for in the;"{
  ""label"": ""NONE_LABEL"",
   ""confidence"": ""HIGH"",
   ""rationale"": ""No explicit harmful content found in the span_text.""
}";0;0;HIGH;No explicit harmful content found in the span_text.
568;between your delicious shaved pussy lips and your tight asshole;"{
  ""label"": ""CENSURE_LABEL"",
   ""confidence"": ""HIGH"",
   ""rationale"": ""The span_text contains explicit and derogatory language targeting a person's genitalia, which is considered a targeted attack.""
}";1;0;HIGH;The span_text contains explicit and derogatory language targeting a person's genitalia, which is considered a targeted attack.
979;Sky have manipulated false outrage towards the referee for making;"{
  ""label"": ""CENSURE_LABEL"",
   ""confidence"": ""MEDIUM"",
   ""rationale"": ""The span_text implies an attack on the referee's integrity, which is a protected category.""
}";1;1;MEDIUM;The span_text implies an attack on the referee's integrity, which is a protected category.
1752;i have to watch timothee shamalamadingdong play before we can;"{
  ""label"": ""NONE_LABEL"",
   ""confidence"": ""HIGH"",
   ""rationale"": ""The span_text contains no explicit harmful content, profanity, slurs, or targeted insults.""
}";0;1;HIGH;The span_text contains no explicit harmful content, profanity, slurs, or targeted insults.
372;wan na know what these mfkas on my tL r;"{
  ""label"": ""CENSURE_LABEL"",
   ""confidence"": ""HIGH"",
   ""rationale"": ""The span contains targeted racial slurs ('mfkas') and derogatory language ('tL').""
}";1;0;HIGH;The span contains targeted racial slurs ('mfkas') and derogatory language ('tL').
964;@user @user @TPM Shit, even the look on his face;"{
  ""label"": ""CENSURE_LABEL"",
   ""confidence"": ""HIGH"",
   ""rationale"": ""The span contains a targeted insult in the form of profanity ('Shit') and a derogatory expression ('look on his face'), which is directed at a specific individual ('@TPM').""
}";1;0;HIGH;The span contains a targeted insult in the form of profanity ('Shit') and a derogatory expression ('look on his face'), which is directed at a specific individual ('@TPM').
310;Grown mufuckas out here wearing designer belts and can't pay;"{
  ""label"": ""CENSURE_LABEL"",
   ""confidence"": ""HIGH"",
   ""rationale"": ""The span contains a targeted insult towards people who are financially struggling, using the phrase 'Grown mufuckas' which is derogatory and demeaning.""
}";1;0;HIGH;The span contains a targeted insult towards people who are financially struggling, using the phrase 'Grown mufuckas' which is derogatory and demeaning.
1570;jerkoffs posting positive shit about Putin are fucking traitors. Period.;"{
  ""label"": ""CENSURE_LABEL"",
   ""confidence"": ""HIGH"",
   ""rationale"": ""The span_text contains a targeted insult ('jerkoffs'), a derogatory statement ('traitors'), and profanity ('fucking'), which indicates conflictual language.""
}";1;1;HIGH;The span_text contains a targeted insult ('jerkoffs'), a derogatory statement ('traitors'), and profanity ('fucking'), which indicates conflictual language.
257;semi-new to mcyttwt! if you like benchtrio, nihachu, karl jacobs,;"{
  ""label"": ""NONE_LABEL"",
   ""confidence"": ""HIGH"",
   ""rationale"": ""No explicit harmful content or protected categories mentioned in the span_text.""
}";0;0;HIGH;No explicit harmful content or protected categories mentioned in the span_text.
97;Then, when you have the number above the baseline, how;"{
  ""label"": ""NONE_LABEL"",
   ""confidence"": ""HIGH"",
   ""rationale"": ""The span_text does not contain any explicit harmful content, excessive profanity, slurs, or targeted insults.""
}";0;0;HIGH;The span_text does not contain any explicit harmful content, excessive profanity, slurs, or targeted insults.
1768;My new coworker is too damn angry to be working;"{
  ""label"": ""CENSURE_LABEL"",
   ""confidence"": ""MEDIUM"",
   ""rationale"": ""The span_text contains a targeted insult ('too damn angry') directed at a coworker, which is a form of conflictual language.""
}";1;1;MEDIUM;The span_text contains a targeted insult ('too damn angry') directed at a coworker, which is a form of conflictual language.
285;Mandatory Vaccines, Anyone who does not make a stand against;"{
  ""label"": ""CENSURE_LABEL"",
   ""confidence"": ""HIGH"",
   ""rationale"": ""The phrase 'make a stand against' implies opposition to mandatory vaccines, which can be seen as a targeted insult or attack on public health policies.""
}";1;0;HIGH;The phrase 'make a stand against' implies opposition to mandatory vaccines, which can be seen as a targeted insult or attack on public health policies.
1086;you're little, you've been measured and found lacking!! Ooh You;"{
  ""label"": ""CENSURE_LABEL"",
   ""confidence"": ""HIGH"",
   ""rationale"": ""The span_text contains targeted derogatory language ('you're little', 'found lacking') and an insult ('Ooh You'), which is considered conflictual and attack-based.""
}";1;1;HIGH;The span_text contains targeted derogatory language ('you're little', 'found lacking') and an insult ('Ooh You'), which is considered conflictual and attack-based.
1075;@dcexaminer @tedcruz He was a bigot racist prick who didn't;"{
  ""label"": ""CENSURE_LABEL"",
   ""confidence"": ""HIGH"",
   ""rationale"": ""The span contains a derogatory term ('bigot racist prick') targeting a protected category, which is considered conflictual language.""
}";1;1;HIGH;The span contains a derogatory term ('bigot racist prick') targeting a protected category, which is considered conflictual language.
1498;try. Stop sucking your daddys titty. Go FCUKING educate yourself,;"{
  ""label"": ""CENSURE_LABEL"",
   ""confidence"": ""HIGH"",
   ""rationale"": ""The span contains a targeted insult with derogatory language towards a family member, and a suggestion to engage in self-education, which is not a mitigating factor in this context.""
}";1;1;HIGH;The span contains a targeted insult with derogatory language towards a family member, and a suggestion to engage in self-education, which is not a mitigating factor in this context.
883;sessions and all the PB fucktards just milled around the;"{
  ""label"": ""CENSURE_LABEL"",
   ""confidence"": ""HIGH"",
   ""rationale"": ""The presence of the slur 'fucktards' is a targeted attack and thus considered conflictual language.""
}";1;0;HIGH;The presence of the slur 'fucktards' is a targeted attack and thus considered conflictual language.
114;LOT lip on that Gourmet pussy, I'd like to suck;"{
  ""label"": ""CENSURE_LABEL"",
   ""confidence"": ""HIGH"",
   ""rationale"": ""The span_text contains a derogatory term for a female genitalia, which is a form of targeted insult and conflictual language.""
}";1;0;HIGH;The span_text contains a derogatory term for a female genitalia, which is a form of targeted insult and conflictual language.
50;It sucks im crawling deeper into my depression and I;"{
  ""label"": ""CENSURE_LABEL"",
   ""confidence"": ""HIGH"",
   ""rationale"": ""The span_text contains self-harm and suicidal ideation ('crawling deeper into my depression'), which is a severe indicator of conflictual language.""
}";1;0;HIGH;The span_text contains self-harm and suicidal ideation ('crawling deeper into my depression'), which is a severe indicator of conflictual language.
1042;@MrAndyNgo the 'toughest' niggas really be the pussiest ones 🤦🏽\u200d♂️;"{
  ""label"": ""CENSURE_LABEL"",
   ""confidence"": ""HIGH"",
   ""rationale"": ""The span_text contains a racial slur ('niggas'), which is a targeted insult and conflictual language.""
}";1;1;HIGH;The span_text contains a racial slur ('niggas'), which is a targeted insult and conflictual language.
255;fckerberg is removing all references from fakebook to his 6.3;"{
  ""label"": ""CENSURE_LABEL"",
   ""confidence"": ""HIGH"",
   ""rationale"": ""The span_text contains a targeted insult with profanity ('fckerberg') and derogatory language ('fakebook'), which is considered conflictual language.""
}";1;1;HIGH;The span_text contains a targeted insult with profanity ('fckerberg') and derogatory language ('fakebook'), which is considered conflictual language.
1499;facefucked a belt sander you fat tub of monkey shit;"{
  ""label"": ""CENSURE_LABEL"",
   ""confidence"": ""HIGH"",
   ""rationale"": ""The span contains targeted derogatory language, including racial slurs and insults, which are explicitly mentioned in the span_text.""
}";1;1;HIGH;The span contains targeted derogatory language, including racial slurs and insults, which are explicitly mentioned in the span_text.
896;Wow your so hot and that dick is pure perfection;"{
  ""label"": ""CENSURE_LABEL"",
   ""confidence"": ""HIGH"",
   ""rationale"": ""The span_text contains a targeted sexual comment, which is an attack based on protected categories.""
}";1;0;HIGH;The span_text contains a targeted sexual comment, which is an attack based on protected categories.
47;racist ppl out and calling Candace owens a cunt 😬;"{
  ""label"": ""CENSURE_LABEL"",
   ""confidence"": ""HIGH"",
   ""rationale"": ""The span_text contains a targeted slur and a derogatory term ('cunt') directed at a specific individual ('Candace Owens'), which is an attack based on protected categories.""
}";1;0;HIGH;The span_text contains a targeted slur and a derogatory term ('cunt') directed at a specific individual ('Candace Owens'), which is an attack based on protected categories.
936;headlines when loser Trump is finally called to Hell by;"{
  ""label"": ""CENSURE_LABEL"",
   ""confidence"": ""HIGH"",
   ""rationale"": ""The span_text contains a derogatory reference to a protected category ('Hell') and a personal attack ('loser') which is a form of targeted insult.""
}";1;1;HIGH;The span_text contains a derogatory reference to a protected category ('Hell') and a personal attack ('loser') which is a form of targeted insult.
779;be referred to as whores and sluts but their male;"{
  ""label"": ""CENSURE_LABEL"",
   ""confidence"": ""HIGH"",
   ""rationale"": ""The span_text contains derogatory terms 'whores' and 'sluts' directed at a specific group, which is a targeted insult and conflictual language.""
}";1;0;HIGH;The span_text contains derogatory terms 'whores' and 'sluts' directed at a specific group, which is a targeted insult and conflictual language.
191;up and down, loving the taste of his cock. 'Mmmph.~';"{
  ""label"": ""CENSURE_LABEL"",
   ""confidence"": ""HIGH"",
   ""rationale"": ""The span_text contains explicit sexual content and profanity ('cock'), which is considered harmful and conflictual.""
}";1;0;HIGH;The span_text contains explicit sexual content and profanity ('cock'), which is considered harmful and conflictual.
83;'Sup' he Snapchats me, with 3 videos of him cumming;"{
  ""label"": ""CENSURE_LABEL"",
   ""confidence"": ""HIGH"",
   ""rationale"": ""The span_text contains explicit content, including a description of sexual activity, which is considered conflictual language.""
}";1;1;HIGH;The span_text contains explicit content, including a description of sexual activity, which is considered conflictual language.
196;For sure, some of this broccoli's' pretty bitter. I was;"{
  ""label"": ""NONE_LABEL"",
   ""confidence"": ""HIGH"",
   ""rationale"": ""No explicit harmful content, profanity, slurs, or targeted insults found in the span_text.""
}";0;0;HIGH;No explicit harmful content, profanity, slurs, or targeted insults found in the span_text.
1435;@user Raw vegans set the culture back with a lot;"{
  ""label"": ""CENSURE_LABEL"",
   ""confidence"": ""HIGH"",
   ""rationale"": ""The span_text contains a targeted insult against a specific group ('Raw vegans'), which is considered conflictual language.""
}";1;1;HIGH;The span_text contains a targeted insult against a specific group ('Raw vegans'), which is considered conflictual language.
1055;and the finger points at fatties putting the NHS under;"{
  ""label"": ""CENSURE_LABEL"",
   ""confidence"": ""HIGH"",
   ""rationale"": ""The span_text contains a targeted attack on a protected category ('fatties'), which is considered conflictual language.""
}";1;1;HIGH;The span_text contains a targeted attack on a protected category ('fatties'), which is considered conflictual language.
1207;guy in both pictures both are ugly bald fat bastards;"{
  ""label"": ""CENSURE_LABEL"",
   ""confidence"": ""HIGH"",
   ""rationale"": ""The span contains targeted insults based on physical appearance, specifically 'ugly', 'bald', and 'fat', which are derogatory and conflictual.""
}";1;1;HIGH;The span contains targeted insults based on physical appearance, specifically 'ugly', 'bald', and 'fat', which are derogatory and conflictual.
429;try to beat the shit out of you and this;"{
  ""label"": ""CENSURE_LABEL"",
   ""confidence"": ""HIGH"",
   ""rationale"": ""The span contains a threat of physical violence ('beat the shit out of you') which is a targeted attack and considered conflictual language.""
}";1;1;HIGH;The span contains a threat of physical violence ('beat the shit out of you') which is a targeted attack and considered conflictual language.
298;@gmbutts So you can actually do math? Where were these;"{
  ""label"": ""NONE_LABEL"",
   ""confidence"": ""HIGH"",
   ""rationale"": ""No explicit harmful content, no profanity, slurs, or targeted insults found in the span_text.""
}";0;0;HIGH;No explicit harmful content, no profanity, slurs, or targeted insults found in the span_text.
144;anything remotely close to the shit schlatt's done and it's;"{
  ""label"": ""CENSURE_LABEL"",
   ""confidence"": ""HIGH"",
   ""rationale"": ""The presence of the word 'shit' in the span_text indicates a high level of profanity, which is considered conflictual language.""
}";1;0;HIGH;The presence of the word 'shit' in the span_text indicates a high level of profanity, which is considered conflictual language.
1146;@user @user @FoxNews So ignorant. Maybe he had mental issues.;"{
  ""label"": ""CENSURE_LABEL"",
   ""confidence"": ""HIGH"",
   ""rationale"": ""The span_text contains a targeted insult ('So ignorant') and a derogatory statement towards a specific news organization ('@FoxNews'), which indicates conflictual language.""
}";1;1;HIGH;The span_text contains a targeted insult ('So ignorant') and a derogatory statement towards a specific news organization ('@FoxNews'), which indicates conflictual language.
1718;instead I got the amerimutt wigger accent and am a;"{
  ""label"": ""CENSURE_LABEL"",
   ""confidence"": ""HIGH"",
   ""rationale"": ""The span contains a derogatory term ('wigger') that is a racial slur, targeting a specific ethnic group.""
}";1;1;HIGH;The span contains a derogatory term ('wigger') that is a racial slur, targeting a specific ethnic group.
341;ways can you twist your delusional views on the results;"{
  ""label"": ""CENSURE_LABEL"",
   ""confidence"": ""HIGH"",
   ""rationale"": ""The span_text contains a targeted insult with phrases like 'delusional views' which can be considered as an attack on a person's mental state.""
}";1;1;HIGH;The span_text contains a targeted insult with phrases like 'delusional views' which can be considered as an attack on a person's mental state.
1823;uni'stafes', overseas students. But no. He aint a PM's' arsewipe.;"{
  ""label"": ""CENSURE_LABEL"",
   ""confidence"": ""HIGH"",
   ""rationale"": ""The span contains a targeted insult ('arsewipe') and derogatory language ('uni'stafes', 'PM's arsewipe') which classifies it as conflictual language.""
}";1;1;HIGH;The span contains a targeted insult ('arsewipe') and derogatory language ('uni'stafes', 'PM's arsewipe') which classifies it as conflictual language.
751;of $ $, and paid taxes to mitigate Texas mistakes.;"{
  ""label"": ""NONE_LABEL"",
   ""confidence"": ""HIGH"",
   ""rationale"": ""No explicit harmful content or protected category attacks found in the span_text.""
}";0;1;HIGH;No explicit harmful content or protected category attacks found in the span_text.
435;Old N.Y. Chucky one of the biggest POS in the;"{
  ""label"": ""CENSURE_LABEL"",
   ""confidence"": ""HIGH"",
   ""rationale"": ""The presence of the derogatory term 'POS' (Piece of Sh*t) in the span_text, which is an attack based on a protected category, justifies the CENSURE_LABEL.""
}";1;1;HIGH;The presence of the derogatory term 'POS' (Piece of Sh*t) in the span_text, which is an attack based on a protected category, justifies the CENSURE_LABEL.
1162;' och arselicker like our St Gladys the Golden Poo;"{
  ""label"": ""CENSURE_LABEL"",
   ""confidence"": ""HIGH"",
   ""rationale"": ""The span_text contains a derogatory term ('arselicker') and a racial slur ('och arselicker like our St Gladys the Golden Poo' implies a racial slur, although it's not explicitly stated, it is still considered a slur due to the context of the word 'och' which is a derogatory term for a black person in some cultures).""
}";1;1;HIGH;The span_text contains a derogatory term ('arselicker') and a racial slur ('och arselicker like our St Gladys the Golden Poo' implies a racial slur, although it's not explicitly stated, it is still considered a slur due to the context of the word 'och' which is a derogatory term for a black person in some cultures).
149;@ChronicleNUFC What separated Rafa from any other manager we've appointed;"{
  ""label"": ""NONE_LABEL"",
   ""confidence"": ""HIGH"",
   ""rationale"": ""The span_text does not contain any explicit harmful content, profanity, slurs, or targeted insults. However, it does contain a potentially divisive statement about a manager, which could be considered conflictual language.""
}";0;0;HIGH;The span_text does not contain any explicit harmful content, profanity, slurs, or targeted insults. However, it does contain a potentially divisive statement about a manager, which could be considered conflictual language.
827;me for being a real nigga 🤷🏾\u200d♂️ its like y'all;"{
  ""label"": ""CENSURE_LABEL"",
   ""confidence"": ""HIGH"",
   ""rationale"": ""The span contains a racial slur ('nigga'), which is a targeted attack based on protected category.""
}";1;0;HIGH;The span contains a racial slur ('nigga'), which is a targeted attack based on protected category.
278;I definitely smoke all day almost everyday due to crippling;"{
  ""label"": ""CENSURE_LABEL"",
   ""confidence"": ""MEDIUM"",
   ""rationale"": ""The span_text contains a reference to 'crippling' which may be associated with a derogatory term for people with disabilities, and also mentions 'smoke' which could be related to substance abuse, both of which are considered conflictual language.""
}";1;0;MEDIUM;The span_text contains a reference to 'crippling' which may be associated with a derogatory term for people with disabilities, and also mentions 'smoke' which could be related to substance abuse, both of which are considered conflictual language.
1508;@user bite my motherfcker, that's' how i feel about that.;"{
  ""label"": ""CENSURE_LABEL"",
   ""confidence"": ""HIGH"",
   ""rationale"": ""The span contains a targeted insult and excessive profanity, specifically the phrase 'motherfcker' which is a severe profanity.""
}";1;1;HIGH;The span contains a targeted insult and excessive profanity, specifically the phrase 'motherfcker' which is a severe profanity.
797;6 are hurting like a bxtch rn. that is all;"{
  ""label"": ""CENSURE_LABEL"",
   ""confidence"": ""HIGH"",
   ""rationale"": ""The span_text contains a targeted insult and excessive profanity, which is a form of conflictual language.""
}";1;0;HIGH;The span_text contains a targeted insult and excessive profanity, which is a form of conflictual language.
772;the environment for a literal fucking jpeg you absolute clowns;"{
  ""label"": ""CENSURE_LABEL"",
   ""confidence"": ""HIGH"",
   ""rationale"": ""The span contains a targeted insult ('absolute clowns') and excessive profanity ('fucking') which indicates conflictual language.""
}";1;1;HIGH;The span contains a targeted insult ('absolute clowns') and excessive profanity ('fucking') which indicates conflictual language.
1988;my family to be going around telling my business? dicksuckers;"{
  ""label"": ""CENSURE_LABEL"",
   ""confidence"": ""HIGH"",
   ""rationale"": ""The span contains targeted derogatory language ('dicksuckers') which is considered conflictual and harmful.""
}";1;1;HIGH;The span contains targeted derogatory language ('dicksuckers') which is considered conflictual and harmful.
683;is only one of a few fucking idiots in Georgia;"{
  ""label"": ""CENSURE_LABEL"",
   ""confidence"": ""HIGH"",
   ""rationale"": ""The span contains a derogatory term ('fucking idiots') which is considered conflictual language.""
}";1;0;HIGH;The span contains a derogatory term ('fucking idiots') which is considered conflictual language.
1438;@user She's a horrible cunt!;"{
  ""label"": ""CENSURE_LABEL"",
   ""confidence"": ""HIGH"",
   ""rationale"": ""The span contains a derogatory slur ('cunt') directed at a person, which is a targeted insult and conflictual language.""
}";1;1;HIGH;The span contains a derogatory slur ('cunt') directed at a person, which is a targeted insult and conflictual language.
1158;exercising and not being a fat ass? Wouldn't those things;"{
  ""label"": ""CENSURE_LABEL"",
   ""confidence"": ""HIGH"",
   ""rationale"": ""The span_text contains a derogatory phrase 'fat ass' which is a targeted insult and attack based on physical appearance.""
}";1;1;HIGH;The span_text contains a derogatory phrase 'fat ass' which is a targeted insult and attack based on physical appearance.
46;this person being a racist asshole during black history month?;"{
  ""label"": ""CENSURE_LABEL"",
   ""confidence"": ""HIGH"",
   ""rationale"": ""The span_text contains a slur-like phrase ('racist asshole') and a targeted insult ('during black history month?'), which are considered conflictual language.""
}";1;0;HIGH;The span_text contains a slur-like phrase ('racist asshole') and a targeted insult ('during black history month?'), which are considered conflictual language.
1291;@user @user r/singlemoms must be so depressing. 'How do I;"{
  ""label"": ""CENSURE_LABEL"",
   ""confidence"": ""HIGH"",
   ""rationale"": ""The span_text contains a targeted derogatory statement towards single mothers, which is a protected category.""
}";1;1;HIGH;The span_text contains a targeted derogatory statement towards single mothers, which is a protected category.
193;my part. Even if it fucking kills me.' She knew;"{
  ""label"": ""CENSURE_LABEL"",
   ""confidence"": ""MEDIUM"",
   ""rationale"": ""The span contains a targeted insult phrase ('fucking kills me') which is considered harmful.""
}";1;0;MEDIUM;The span contains a targeted insult phrase ('fucking kills me') which is considered harmful.
447;b/c The Netherlands prefers psychosomatic quackery over actual science and;"{
  ""label"": ""CENSURE_LABEL"",
   ""confidence"": ""HIGH"",
   ""rationale"": ""The span contains a targeted insult against a specific country (\""The Netherlands\"") and a derogatory term (\""quackery\"")""
}";1;1;HIGH;"The span contains a targeted insult against a specific country (""The Netherlands"") and a derogatory term (""quackery"")"
514;Um no Demorats are going to steal this election too;"{
  ""label"": ""CENSURE_LABEL"",
   ""confidence"": ""HIGH"",
   ""rationale"": ""The span_text contains a targeted attack based on political affiliation ('Demorats'), which is a protected category.""
}";1;1;HIGH;The span_text contains a targeted attack based on political affiliation ('Demorats'), which is a protected category.
613;see it ． ⠀⠀ㅤ❛ ㅤYour asshole is next ．Stay away;"{
  ""label"": ""CENSURE_LABEL"",
   ""confidence"": ""HIGH"",
   ""rationale"": ""The span contains a direct threat and a derogatory statement towards a person's body part, which is an attack based on a protected category.""
}";1;0;HIGH;The span contains a direct threat and a derogatory statement towards a person's body part, which is an attack based on a protected category.
152;um i just for head hunted by a company in;"{
  ""label"": ""NONE_LABEL"",
   ""confidence"": ""HIGH"",
   ""rationale"": ""The span_text does not contain any explicit harmful content, profanity, slurs, or targeted insults.""
}";0;0;HIGH;The span_text does not contain any explicit harmful content, profanity, slurs, or targeted insults.
82;@MaryVought @DonaldJTrumpJr It most certainly was. We've had to pay;"{
  ""label"": ""CENSURE_LABEL"",
   ""confidence"": ""HIGH"",
   ""rationale"": ""The span_text contains targeted insult towards @DonaldJTrumpJr with the phrase 'We've had to pay'""
}";1;0;HIGH;The span_text contains targeted insult towards @DonaldJTrumpJr with the phrase 'We've had to pay'
689;guy in Twitch chat thinking it's funny to make suicide;"{
  ""label"": ""CENSURE_LABEL"",
   ""confidence"": ""HIGH"",
   ""rationale"": ""The span_text contains a reference to suicide, which is a sensitive and potentially triggering topic. This is considered conflictual language and warrants a high level of concern.""
}";1;1;HIGH;The span_text contains a reference to suicide, which is a sensitive and potentially triggering topic. This is considered conflictual language and warrants a high level of concern.
1490;@user YOUR own personal agenda is putrid and repulsive. And;"{
  ""label"": ""CENSURE_LABEL"",
   ""confidence"": ""HIGH"",
   ""rationale"": ""The span contains a targeted insult with a strong negative connotation, specifically calling someone's agenda 'putrid and repulsive'.""
}";1;1;HIGH;The span contains a targeted insult with a strong negative connotation, specifically calling someone's agenda 'putrid and repulsive'.
90;zs tag?? lol get a life you all. Stop minding;"{
  ""label"": ""CENSURE_LABEL"",
   ""confidence"": ""HIGH"",
   ""rationale"": ""The span contains a targeted insult with a derogatory tone ('get a life you all') and a phrase that can be perceived as an attack ('Stop minding').""
}";1;1;HIGH;The span contains a targeted insult with a derogatory tone ('get a life you all') and a phrase that can be perceived as an attack ('Stop minding').
1599;Come on Lewis you sexy bastard;"{
  ""label"": ""CENSURE_LABEL"",
   ""confidence"": ""HIGH"",
   ""rationale"": ""The span_text contains a targeted insult with a derogatory term ('sexy bastard') directed at an individual ('Lewis'), which is considered conflictual language.""
}";1;1;HIGH;The span_text contains a targeted insult with a derogatory term ('sexy bastard') directed at an individual ('Lewis'), which is considered conflictual language.
1097;gave these incestuous talentless fucktards the additional 2mins of publicity.;"{
  ""label"": ""CENSURE_LABEL"",
   ""confidence"": ""HIGH"",
   ""rationale"": ""The span contains a targeted insult with derogatory language ('incestuous talentless fucktards') that attacks the recipients' abilities and personal characteristics.""
}";1;1;HIGH;The span contains a targeted insult with derogatory language ('incestuous talentless fucktards') that attacks the recipients' abilities and personal characteristics.
159;❤😜😈 horny SugarDaddys fuckme slut cum cock naughty cumslut nudes;"{
  ""label"": ""CENSURE_LABEL"",
   ""confidence"": ""HIGH"",
   ""rationale"": ""The span_text contains derogatory and objectifying language towards women, including 'slut', 'cumslut', and 'fuckme', which are considered targeted insults and conflictual language.""
}";1;0;HIGH;The span_text contains derogatory and objectifying language towards women, including 'slut', 'cumslut', and 'fuckme', which are considered targeted insults and conflictual language.
126;WhatsApp going down meant I was' n't' able to treat;"{
  ""label"": ""NONE_LABEL"",
   ""confidence"": ""HIGH"",
   ""rationale"": ""No explicit harmful content or protected categories mentioned in the span_text.""
}";0;0;HIGH;No explicit harmful content or protected categories mentioned in the span_text.
823;yall are smoking but hobi looks goofy as hell in;"{
  ""label"": ""NONE_LABEL"",
   ""confidence"": ""LOW"",
   ""rationale"": ""No explicit harmful content found in the span_text.""
}";0;1;LOW;No explicit harmful content found in the span_text.
157;praising Rs for not being a-holes? It means that basic;"{
  ""label"": ""CENSURE_LABEL"",
   ""confidence"": ""HIGH"",
   ""rationale"": ""The phrase 'a-holes' is a derogatory term used to insult people, which falls under targeted insult or conflictual language.""
}";1;0;HIGH;The phrase 'a-holes' is a derogatory term used to insult people, which falls under targeted insult or conflictual language.
1093;Have you seen the hate-filled comment section? Full of troglodytes.;"{
  ""label"": ""CENSURE_LABEL"",
   ""confidence"": ""HIGH"",
   ""rationale"": ""The term 'troglodytes' is a derogatory slur used to insult people, implying they are uncivilized or primitive.""
}";1;1;HIGH;The term 'troglodytes' is a derogatory slur used to insult people, implying they are uncivilized or primitive.
139;@ESPNcricinfo He has an x factor about him, can score;"{
  ""label"": ""NONE_LABEL"",
   ""confidence"": ""HIGH"",
   ""rationale"": ""The span_text contains a positive statement about a person's abilities, with no indication of conflictual language or harmful content.""
}";0;0;HIGH;The span_text contains a positive statement about a person's abilities, with no indication of conflictual language or harmful content.
73;yeah yeah I agree, I was just talking about the;"{
  ""label"": ""NONE_LABEL"",
   ""confidence"": ""HIGH"",
   ""rationale"": ""The span_text does not contain any explicit harmful content, profanity, slurs, or targeted insults.""
}";0;0;HIGH;The span_text does not contain any explicit harmful content, profanity, slurs, or targeted insults.
1164;wouldn't reconvene.. your cognitive dissonance is about to peak. Better;"{
  ""label"": ""CENSURE_LABEL"",
   ""confidence"": ""HIGH"",
   ""rationale"": ""The span_text contains a targeted insult ('cognitive dissonance') and a veiled threat ('about to peak'), which are indicators of conflictual language.""
}";1;1;HIGH;The span_text contains a targeted insult ('cognitive dissonance') and a veiled threat ('about to peak'), which are indicators of conflictual language.
1266;skinny jeans at the capitol. Just angry white trash slobs;"{
  ""label"": ""CENSURE_LABEL"",
   ""confidence"": ""HIGH"",
   ""rationale"": ""The span contains a derogatory slur 'white trash' targeting a specific group based on their socioeconomic status and ethnicity.""
}";1;1;HIGH;The span contains a derogatory slur 'white trash' targeting a specific group based on their socioeconomic status and ethnicity.
78;That's still a lower percentage than the number of fishermen;"{
  ""label"": ""NONE_LABEL"",
   ""confidence"": ""HIGH"",
   ""rationale"": ""The span_text does not contain any explicit harmful content, protected category attacks, or excessive profanity.""
}";0;0;HIGH;The span_text does not contain any explicit harmful content, protected category attacks, or excessive profanity.
15;all over my floor............... I'm' about to KILL this bitch;"{
  ""label"": ""CENSURE_LABEL"",
   ""confidence"": ""HIGH"",
   ""rationale"": ""The phrase 'I'm about to KILL this bitch' contains a targeted threat of violence, which is a form of conflictual language.""
}";1;1;HIGH;The phrase 'I'm about to KILL this bitch' contains a targeted threat of violence, which is a form of conflictual language.
815;ever apply pressure respectfully, emphasis on the RESPECTFULLY. 😓 sadbitchhours;"{
  ""label"": ""NONE_LABEL"",
   ""confidence"": ""HIGH"",
   ""rationale"": ""The span_text contains a request to apply pressure respectfully, which does not indicate conflictual language. Additionally, there is an emoji and a phrase 'sadbitchhours' which does not contain any explicit harmful content.""
}";0;0;HIGH;The span_text contains a request to apply pressure respectfully, which does not indicate conflictual language. Additionally, there is an emoji and a phrase 'sadbitchhours' which does not contain any explicit harmful content.
972;you have to get dirty to wrestle with the pigs🤷\u200d♀️🤷\u200d♀️;"{
  ""label"": ""CENSURE_LABEL"",
   ""confidence"": ""HIGH"",
   ""rationale"": ""The span_text contains a metaphorical expression that implies engaging in derogatory behavior, which is considered conflictual language.""
}";1;1;HIGH;The span_text contains a metaphorical expression that implies engaging in derogatory behavior, which is considered conflictual language.
438;to win it, ignored coaches instructions & fooked it up.;"{
  ""label"": ""CENSURE_LABEL"",
   ""confidence"": ""HIGH"",
   ""rationale"": ""The span contains a targeted insult ('fooked it up') and profanity ('fooked'), which indicates a high level of conflictual language.""
}";1;0;HIGH;The span contains a targeted insult ('fooked it up') and profanity ('fooked'), which indicates a high level of conflictual language.
532;Lefties are becoming more out of touch with reality everyday;"{
  ""label"": ""CENSURE_LABEL"",
   ""confidence"": ""MEDIUM"",
   ""rationale"": ""The span_text contains a derogatory term ('Lefties') that is used to belittle or mock a particular group of people, indicating a targeted insult.""
}";1;1;MEDIUM;The span_text contains a derogatory term ('Lefties') that is used to belittle or mock a particular group of people, indicating a targeted insult.
1514;fr lots of mad bitches/niggas + social media shit! Ion;"{
  ""label"": ""CENSURE_LABEL"",
   ""confidence"": ""HIGH"",
   ""rationale"": ""The span contains a racial slur ('niggas') which is a targeted attack on a protected category.""
}";1;1;HIGH;The span contains a racial slur ('niggas') which is a targeted attack on a protected category.
84;i be holding down fat booty guys as a whole;"{
  ""label"": ""CENSURE_LABEL"",
   ""confidence"": ""HIGH"",
   ""rationale"": ""The span_text contains a derogatory term ('fat booty') that is targeted towards a specific group of people, which is considered a form of conflictual language.""
}";1;0;HIGH;The span_text contains a derogatory term ('fat booty') that is targeted towards a specific group of people, which is considered a form of conflictual language.
1184;@user @user @user You don't know english mothefucker, go to;"{
  ""label"": ""CENSURE_LABEL"",
   ""confidence"": ""HIGH"",
   ""rationale"": ""The span contains a targeted insult ('mothefucker') and excessive profanity is not present, but the language is conflictual and attacks based on protected categories.""
}";1;1;HIGH;The span contains a targeted insult ('mothefucker') and excessive profanity is not present, but the language is conflictual and attacks based on protected categories.
1024;"crews, etc. If you need cops, use your gun; if";"{
  ""label"": ""CENSURE_LABEL"",
   ""confidence"": ""HIGH"",
   ""rationale"": ""The span_text contains a violent and threatening statement, 'use your gun', which is an attack and a call to violence.""
}";1;1;HIGH;The span_text contains a violent and threatening statement, 'use your gun', which is an attack and a call to violence.
826;This guy has nothing to bitch about so he attacks;"{
  ""label"": ""CENSURE_LABEL"",
   ""confidence"": ""HIGH"",
   ""rationale"": ""The span_text contains a targeted attack based on a protected category ('he attacks'), which is considered conflictual language.""
}";1;0;HIGH;The span_text contains a targeted attack based on a protected category ('he attacks'), which is considered conflictual language.
1007;2 % & the corrupt bastards would move on the;"{
  ""label"": ""CENSURE_LABEL"",
   ""confidence"": ""HIGH"",
   ""rationale"": ""The span_text contains a derogatory term ('bastards') which is considered a targeted insult, and also contains a racial slur ('corrupt bastards' implies a racial group, but 'bastards' itself is derogatory and implies a racial group, however, 'bastards' is a strong derogatory term that could be considered as an insult).""
}";1;0;HIGH;The span_text contains a derogatory term ('bastards') which is considered a targeted insult, and also contains a racial slur ('corrupt bastards' implies a racial group, but 'bastards' itself is derogatory and implies a racial group, however, 'bastards' is a strong derogatory term that could be considered as an insult).
863;won the league. Any pub cunt wo','n't' fuckin',''' know what;"{
  ""label"": ""CENSURE_LABEL"",
   ""confidence"": ""HIGH"",
   ""rationale"": ""The span_text contains a targeted slur ('cunt') and excessive profanity ('fuckin'), which justifies the CENSURE_LABEL.""
}";1;0;HIGH;The span_text contains a targeted slur ('cunt') and excessive profanity ('fuckin'), which justifies the CENSURE_LABEL.
41;physically in my sweatpants studying maths, mentally in my dark;"{
  ""label"": ""NONE_LABEL"",
   ""confidence"": ""HIGH"",
   ""rationale"": ""No explicit harmful content, profanity, slurs, or targeted insults found in the span_text.""
}";0;0;HIGH;No explicit harmful content, profanity, slurs, or targeted insults found in the span_text.
86;@LinusTech God damnit 1 minute to go;"{
  ""label"": ""CENSURE_LABEL"",
   ""confidence"": ""HIGH"",
   ""rationale"": ""The span contains a targeted insult in the form of profanity ('God damnit') directed at a person (@LinusTech)""
}";1;0;HIGH;The span contains a targeted insult in the form of profanity ('God damnit') directed at a person (@LinusTech)
26;@user Keeps the Minging fookers at bay 🤣;"{
  ""label"": ""CENSURE_LABEL"",
   ""confidence"": ""HIGH"",
   ""rationale"": ""The span_text contains a targeted insult with derogatory language ('Minging fookers') and a discriminatory tone.""
}";1;1;HIGH;The span_text contains a targeted insult with derogatory language ('Minging fookers') and a discriminatory tone.
493;like some @georgesoros print factory horseshit right there. The yellow;"{
  ""label"": ""CENSURE_LABEL"",
   ""confidence"": ""HIGH"",
   ""rationale"": ""The span_text contains a derogatory phrase (@georgesoros print factory horseshit) that targets a specific individual, which is considered conflictual language.""
}";1;0;HIGH;The span_text contains a derogatory phrase (@georgesoros print factory horseshit) that targets a specific individual, which is considered conflictual language.
957;"pits; silky smooth legs; shaved cock in its chastity cage";"{
  ""label"": ""CENSURE_LABEL"",
   ""confidence"": ""HIGH"",
   ""rationale"": ""The text contains explicit and derogatory language towards a person's genitalia, which is considered conflictual and harmful.""
}";1;0;HIGH;The text contains explicit and derogatory language towards a person's genitalia, which is considered conflictual and harmful.
949;the fucking. You should know. You were one of them.;"{
  ""label"": ""CENSURE_LABEL"",
   ""confidence"": ""HIGH"",
   ""rationale"": ""The span contains a targeted insult ('You were one of them') and excessive profanity ('the fucking'), which indicates a high level of conflictual language.""
}";1;1;HIGH;The span contains a targeted insult ('You were one of them') and excessive profanity ('the fucking'), which indicates a high level of conflictual language.
633;45 gave the racist, misogynist, xenophobic, homophobic, bigots, white Christian;"{
  ""label"": ""CENSURE_LABEL"",
   ""confidence"": ""HIGH"",
   ""rationale"": ""The span_text explicitly mentions racist, misogynist, xenophobic, homophobic, and bigots, which are categories protected by law and are being attacked.""
}";1;1;HIGH;The span_text explicitly mentions racist, misogynist, xenophobic, homophobic, and bigots, which are categories protected by law and are being attacked.
20;not like you beckoned the motherfucker to gun it through;"{
  ""label"": ""CENSURE_LABEL"",
   ""confidence"": ""HIGH"",
   ""rationale"": ""The span contains a targeted insult ('motherfucker') and a violent suggestion ('gun it through'), which warrants a high confidence level for Conflictual language.""
}";1;0;HIGH;The span contains a targeted insult ('motherfucker') and a violent suggestion ('gun it through'), which warrants a high confidence level for Conflictual language.
1083;lacked 'diversity training'..... We being governed by clueless spineless idiots!;"{
  ""label"": ""CENSURE_LABEL"",
   ""confidence"": ""HIGH"",
   ""rationale"": ""The span contains targeted insult towards a group of people ('clueless spineless idiots') which can be interpreted as an attack based on protected categories.""
}";1;1;HIGH;The span contains targeted insult towards a group of people ('clueless spineless idiots') which can be interpreted as an attack based on protected categories.
1008;@ArianaGrande It's been a year, it's been a motherfvcking year!!;"{
  ""label"": ""CENSURE_LABEL"",
   ""confidence"": ""HIGH"",
   ""rationale"": ""The span_text contains excessive profanity ('motherfvcking'), which is considered conflictual language.""
}";1;0;HIGH;The span_text contains excessive profanity ('motherfvcking'), which is considered conflictual language.
1302;@user Ansari is a lowlife scum. Comes from media background;"{
  ""label"": ""CENSURE_LABEL"",
   ""confidence"": ""HIGH"",
   ""rationale"": ""The span_text contains a targeted insult ('lowlife scum') and a derogatory statement ('comes from media background') which can be perceived as an attack based on profession.""
}";1;1;HIGH;The span_text contains a targeted insult ('lowlife scum') and a derogatory statement ('comes from media background') which can be perceived as an attack based on profession.
320;us, you don't accept US. stop being a dumb cunt.;"{
  ""label"": ""CENSURE_LABEL"",
   ""confidence"": ""HIGH"",
   ""rationale"": ""The span contains a targeted insult ('dumb cunt') and a derogatory term ('cunt') which is a slur, and also includes a conflictual statement ('stop being a dumb cunt').""
}";1;0;HIGH;The span contains a targeted insult ('dumb cunt') and a derogatory term ('cunt') which is a slur, and also includes a conflictual statement ('stop being a dumb cunt').
1023;all the GOPers ran like pussies from there own mob;"{
  ""label"": ""CENSURE_LABEL"",
   ""confidence"": ""HIGH"",
   ""rationale"": ""The span_text contains a derogatory term ('pussies') used to insult a group of people (GOPers), which is considered conflictual language.""
}";1;0;HIGH;The span_text contains a derogatory term ('pussies') used to insult a group of people (GOPers), which is considered conflictual language.
719;task imaginable, and b) better fucking include how great I;"{
  ""label"": ""CENSURE_LABEL"",
   ""confidence"": ""HIGH"",
   ""rationale"": ""The span contains a targeted insult ('fucking') and a derogatory phrase ('better fucking include'), which indicates conflictual language.""
}";1;0;HIGH;The span contains a targeted insult ('fucking') and a derogatory phrase ('better fucking include'), which indicates conflictual language.
785;here callin other women 'fat whores' like' c'mon'... That's' just;"{
  ""label"": ""CENSURE_LABEL"",
   ""confidence"": ""HIGH"",
   ""rationale"": ""The span_text contains targeted derogatory language towards women, specifically calling them 'fat whores', which is a clear example of conflictual language.""
}";1;0;HIGH;The span_text contains targeted derogatory language towards women, specifically calling them 'fat whores', which is a clear example of conflictual language.
141;2. There is no question Trump should be convicted (even;"{
  ""label"": ""CENSURE_LABEL"",
   ""confidence"": ""HIGH"",
   ""rationale"": ""The span_text contains a call for conviction based on a protected category (Trump's name), which is an attack and thus conflictual language.""
}";1;1;HIGH;The span_text contains a call for conviction based on a protected category (Trump's name), which is an attack and thus conflictual language.
873;@user The fucking imbecile is trying to make the fact;"{
  ""label"": ""CENSURE_LABEL"",
   ""confidence"": ""HIGH"",
   ""rationale"": ""The span contains targeted derogatory language ('imbecile') that attacks a person's intelligence.""
}";1;1;HIGH;The span contains targeted derogatory language ('imbecile') that attacks a person's intelligence.
574;nah I'm sorry but ya bitches weird I will never;"{
  ""label"": ""CENSURE_LABEL"",
   ""confidence"": ""HIGH"",
   ""rationale"": ""The span contains a targeted insult ('ya bitches'), which is considered conflictual language.""
}";1;0;HIGH;The span contains a targeted insult ('ya bitches'), which is considered conflictual language.
860;Niggas that complain about buying bitches shit is broke idc;"{
  ""label"": ""CENSURE_LABEL"",
   ""confidence"": ""HIGH"",
   ""rationale"": ""The span contains a derogatory term ('bitches') and a slur ('broke idc') is not present, but the term 'bitches' is derogatory and justifies the CENSURE_LABEL.""
}";1;1;HIGH;The span contains a derogatory term ('bitches') and a slur ('broke idc') is not present, but the term 'bitches' is derogatory and justifies the CENSURE_LABEL.
106;No he don't have a point it's not like Ruby;"{
  ""label"": ""NONE_LABEL"",
   ""confidence"": ""HIGH"",
   ""rationale"": ""No conflictual language or harmful speech detected in the span_text.""
}";0;0;HIGH;No conflictual language or harmful speech detected in the span_text.
1245;damn tweet. Stop being purposely obtuse you absolute moron, its;"{
  ""label"": ""CENSURE_LABEL"",
   ""confidence"": ""HIGH"",
   ""rationale"": ""The span contains a targeted insult ('absolute moron') and aggressive language ('Stop being purposely obtuse'), which are indicative of conflictual language.""
}";1;1;HIGH;The span contains a targeted insult ('absolute moron') and aggressive language ('Stop being purposely obtuse'), which are indicative of conflictual language.
328;literally getting those antibodies without getting sick, stupid fucking idiots;"{
  ""label"": ""CENSURE_LABEL"",
   ""confidence"": ""HIGH"",
   ""rationale"": ""The span contains a targeted insult and excessive profanity, which are considered conflictual language.""
}";1;0;HIGH;The span contains a targeted insult and excessive profanity, which are considered conflictual language.
1063;and the secret cabal of Republican foot-fetishists and coprophils will;"{
  ""label"": ""CENSURE_LABEL"",
   ""confidence"": ""HIGH"",
   ""rationale"": ""The span contains derogatory language towards a political group (Republican) and implies fetishistic behavior, which is considered conflictual language.""
}";1;1;HIGH;The span contains derogatory language towards a political group (Republican) and implies fetishistic behavior, which is considered conflictual language.
