original_index,span,label
6,championship? Vaguely remember working in Yorkshire and slagging the locals,CONFLICTUAL
9,@AdamBandt @janet_rice @larissawaters Think you've missed the whole point dumbarse.,CONFLICTUAL
18,Scotland if left to these imbeciles our only contribution to,CONFLICTUAL
27,everything yeah ugly bitches love to talk loads of craps,CONFLICTUAL
29,10. Or else You'll' meet with a terrible fate. You,CONFLICTUAL
39,forgot what a scum bag your racist ancestors are too!!,CONFLICTUAL
42,move their lips Just a bunch of gibberish And motherfuckers,CONFLICTUAL
46,Not the stimmy causing outright coonery. 🤢 This is why,CONFLICTUAL
48,"good.... Let me guess, you failed your suicide attempt? Well",CONFLICTUAL
49,mum finally lost it and called her a fucking idiot,CONFLICTUAL
50,Customer told me to suck a 🍆 and called me,CONFLICTUAL
53,like is very despicable. Nigga why do you hate yourself?,CONFLICTUAL
60,fancy restaurant. Get your dusty broke ass off my mentions,CONFLICTUAL
61,they could get a bent secret serviceman to sleep in,CONFLICTUAL
64,@user @laurenboebert She's a brainless idiot. I wouldn't waste time,CONFLICTUAL
68,just that selling them like sweeties to deranged fuckwits will,CONFLICTUAL
70,you even do this. Niggas are stupid. In the middle,CONFLICTUAL
76,of unemployment. Dnt make ppl suffer bcz of yr incompetence.,CONFLICTUAL
80,"his plays, than you are a fucking idiot. How many",CONFLICTUAL
85,just execute the whole family! the ends justify the means!,CONFLICTUAL
102,"written above all true; women are inferior mathematically, that is",CONFLICTUAL
105,comprehension. He makes the lowliest scumbags look like decent people.,CONFLICTUAL
109,"sometimes. So when we clapbacks, suddenly we hate ur bias.",CONFLICTUAL
116,of these ugly ass happy go lucky Twitter couples indulging,CONFLICTUAL
117,core of voters propping up this nonsense aren't around longer.,CONFLICTUAL
121,white boy called me a nigger i will nit back,CONFLICTUAL
126,be seated for your seditious acts on democracy it's a,CONFLICTUAL
128,left wing extreme twats. Not much in their gene pool.,CONFLICTUAL
134,@user These fucking nerds are why i hated the basalt,CONFLICTUAL
135,reblog models I use as thinspo and fucking gimps. Leave,CONFLICTUAL
143,for literally asking cops to stop killing Black people and,CONFLICTUAL
146,get it. Does' n't' your tinfoil hat itch? You realize,CONFLICTUAL
148,going to torpedo it. What a complete and utter twat.,CONFLICTUAL
150,"not to cry, in Jamaican dialect, what a fucking idiot",CONFLICTUAL
151,"mean really? Invent a whole pandemic, chaos, economic fckery -",CONFLICTUAL
153,I don't think anybody would wan na be a faggy.,CONFLICTUAL
159,kid grow up and get a fucking job or something,CONFLICTUAL
163,type of person offended by anything and everything. Typica Karen,CONFLICTUAL
171,"Why is it a 'white person','''' is called white &",CONFLICTUAL
175,@user We call Democrats like you victims. Is it unfortunate,CONFLICTUAL
179,"@user They ain't trynna talk about it, they think they",CONFLICTUAL
196,igbos run.. let them learn how to crystallize igbo votes.,CONFLICTUAL
200,teach me how to cancel you. You love shitbags with,CONFLICTUAL
202,@user @edballs What do you not understand about the vaccine,CONFLICTUAL
204,Funfact The RoyalFamily is protecting sexual predator and pedophile PrinceAndrew,CONFLICTUAL
209,But all the people now who are so outraged that,CONFLICTUAL
211,"from the right, you know, exploiting people for clicks and",CONFLICTUAL
212,by the way mount sinai emergency room fucking sucks dick,CONFLICTUAL
218,@user Dishonoured scum and low-life being,CONFLICTUAL
223,This planet is full of pussies and they try to,CONFLICTUAL
225,Fernandinho gets fuck all. FA being spineless fucking cowards AGAIN,CONFLICTUAL
235,@JoeBiden the buying off of America. WE WANT JOBS numbskull!!!!!,CONFLICTUAL
241,@user yeah - thats scumbag mentality. Leave the pile neat!,CONFLICTUAL
249,ppl posting me and going 'ew I hope I never,CONFLICTUAL
252,@user @user Seeing and making radical leftist triggered is one,CONFLICTUAL
254,"in basing an article on Jamie' O'Hara's' tiresome fuckwittery, I",CONFLICTUAL
271,evidence you believe this woman just because she's black. It's,CONFLICTUAL
272,manic depressive bulimic girl tries to become a body builder,CONFLICTUAL
284,If you're a fat piece of shit like me and,CONFLICTUAL
306,staking opens 31s october. I must join the whitelist list.,CONFLICTUAL
312,Summer of 2020. lying pieces of shite. The Utrudopian Cult,CONFLICTUAL
318,head still intact so gtfoh with your scummy vile views,CONFLICTUAL
330,this was a good article subject needs to be slapped.,CONFLICTUAL
332,should have asked the nobhead interviewer what team he played,CONFLICTUAL
348,keep living in your fantasy world you dumb stupid cunt,CONFLICTUAL
352,"anything by leaving the skinned cat.on the doorstep',''' fuk people",CONFLICTUAL
357,all knew that nigger-area has no president. Shame to nigger-area,CONFLICTUAL
359,idiots) is very likely bad for the consumer and society,CONFLICTUAL
372,"meant for the traitors and the pussies leaving Trump, not",CONFLICTUAL
373,you will find out. Meanwhile these halfwits are spreading it,CONFLICTUAL
375,na block you because your lack of brain cells is,CONFLICTUAL
379,about Trump brags about grabbing women by their pussys. The,CONFLICTUAL
383,"that the manager i had was a fucking cunt, plus",CONFLICTUAL
386,"months, and you stupid Mississippi andTexas motherfuckers just can't fucking",CONFLICTUAL
389,you move on an ex-President and his gang of maggots.,CONFLICTUAL
400,me angrily ranting about these fucking morons I'm always thinking,CONFLICTUAL
403,yrs old i told one of my tias (who was,CONFLICTUAL
410,"gon na go wild, some dumbass fucking fans are gon",CONFLICTUAL
418,see where half these peoples arguments go considering I def,CONFLICTUAL
420,"law is worse then the Civil War, you grotesque twat?",CONFLICTUAL
437,definitely shouldnt be considering it.The blokes a self centred twat,CONFLICTUAL
446,You're a disgrace if you think this is anti corruption.,CONFLICTUAL
454,pinned tweet says everything we need to know about you.,CONFLICTUAL
458,Wtf is going on on Boruto??? Like don't tell me,CONFLICTUAL
463,i hope some targets that utter twat!!!!,CONFLICTUAL
468,I say we just do the hunger games with every,CONFLICTUAL
475,I hope it hurts like a bitch,CONFLICTUAL
478,"no regard for human feelings... nothing!?! shege, waka!! bloody bastard",CONFLICTUAL
482,and not having some filthy pig like yourself tax it,CONFLICTUAL
489,with everything+us.. and look what these fools are doing. Skybastards/murderers.,CONFLICTUAL
492,@user I don't know how people worship that orange blob.,CONFLICTUAL
515,all your supporters are fucking treasonist losers. It's over. Go,CONFLICTUAL
516,@RMConservative Got ta be the dumbest most uninformed comment I've',CONFLICTUAL
532,@GretaThunberg Are you fingering or use a vibrator for an,CONFLICTUAL
535,@user Well he's' right it's a pile of shite and,CONFLICTUAL
539,changed the alt left to look like pussies and you,CONFLICTUAL
545,you felt suicidal it's a strange idea to create a,CONFLICTUAL
546,@CanaryMugume How gayman? How did i need them? Joined on,CONFLICTUAL
556,@jakluge What charming Western naivety! You succumb 2the self-delusion: Navalny,CONFLICTUAL
558,"our friends, threaten to kill us, r * pe us,",CONFLICTUAL
566,M & L finally disproved hair color correlates to stupidity.,CONFLICTUAL
585,'EXECUTIVE TIME' = stuffing his fat face with Egg McMuffins,CONFLICTUAL
587,"Anything? 🙏 He's such a weaselly, phlegmy little man. 🤮🤮🤮",CONFLICTUAL
597,"idiot, learn to respect people and their pages otherwise okyavumibwa....",CONFLICTUAL
601,of PUT CALLS on them bastards. I would be able,CONFLICTUAL
611,excuses. People who do fake giveaways are just disgusting. You,CONFLICTUAL
616,our children. Men or what ever you call (them) on,CONFLICTUAL
617,@user Kier Starmer fvcking well ABSTAINED. What a useless cvnt,CONFLICTUAL
626,"@user @user Yeah wankers, I had to go to work",CONFLICTUAL
633,just flipped over to Fox So-Called news to see what,CONFLICTUAL
634,them. If your kid sucks at sports just say that,CONFLICTUAL
643,SURE!!! All @TheDemocrats are lying pos fascist hate America scumbags,CONFLICTUAL
648,free dumb to threaten to shoot people because they're scared,CONFLICTUAL
650,will become President? The seedy incumbent (Rizzle) or the mysterious,CONFLICTUAL
651,are complete morons. The mendacious piece of garbage is you.,CONFLICTUAL
653,"speed up the process you dumb ass?!' * Me, watching",CONFLICTUAL
654,now... You was around Bronx niggas your whole college tenure,CONFLICTUAL
658,infection fatality rate while calling me scum. This day just,CONFLICTUAL
668,@wallaceme Pair of absolute arseholes,CONFLICTUAL
678,You bunch of vain animal fur-wearing cunts. And the Guards,CONFLICTUAL
691,thing with the kadabra lawsuit is dumb and fucking bullshit,CONFLICTUAL
697,don't like. That's how all commies come to be. Ignorance,CONFLICTUAL
699,@trvisXX Evil scumbag piece of shit,CONFLICTUAL
718,Wordsworth? I really think there's something wrong with his brain.,CONFLICTUAL
734,are a number of knuckle draggers who would love nothing,CONFLICTUAL
740,@user @RailaOdinga He looks physically and mentally weak... wrong choice!,CONFLICTUAL
742,But this is exactly what and who these scumbags are.,CONFLICTUAL
746,"ya maji, we NATIONALISTS you sh * t head.... but",CONFLICTUAL
748,carried away that even our dumbass fans think they are,CONFLICTUAL
750,women everywhere. Santa is a slut. MerryChristmas holiday Christian slut,CONFLICTUAL
752,you 💕 for the mean motherfuckers….. I hope you have,CONFLICTUAL
770,"isn't she? Learn to read, open the schools indeed dumbass",CONFLICTUAL
775,I'm joking; everyone just assumed and you're inside Hillary's asshole.,CONFLICTUAL
780,@user This bitch should be banned from being able to,CONFLICTUAL
813,"fucking speechless in the worst way possible, racist mf scumbags",CONFLICTUAL
814,@GregAbbott_TX @moodyforelpaso It's OK to crush women and girls. Just,CONFLICTUAL
822,we can outsmart those evil bastards and beat them at,CONFLICTUAL
831,week because I told that one Congressman in a 🦽,CONFLICTUAL
834,"a honest mistake when it clearly wasn't, a honest mistake",CONFLICTUAL
841,"@user My nigga, bros turned to hoes nowadays. Loyalty is",CONFLICTUAL
850,Addison Russell's further exposure as a piece of hot garbage.,CONFLICTUAL
866,dick of a bunch of old white people who don't,CONFLICTUAL
871,"to ditch the monarchy, I hate Prince Charles. Globalist scumbag.",CONFLICTUAL
876,@user If you are dumb enough to self administer veterinary,CONFLICTUAL
878,@user @user $ MOVR has a bigger TVL than ersdl,CONFLICTUAL
880,@user @user @user So that's' 3 a-holes then?,CONFLICTUAL
888,but can we stop treating children like they're literal retards?,CONFLICTUAL
918,fundamentally stupid that he still fails to perceive the problem,CONFLICTUAL
922,honestly anytime i see n/f/t techbro cry/pto losers in replies,CONFLICTUAL
935,"We don't need to read what racist ass Sullivan thinks,",CONFLICTUAL
941,I hate my sister so much. She won't stop projecting,CONFLICTUAL
944,see HER guns taken away due to severe mental illness.,CONFLICTUAL
945,like. Definitely a cat. Evil motherfuckers Vi is a kangaroo,CONFLICTUAL
947,me. Also I believe you are an Oscar Isaac supporter,CONFLICTUAL
960,initial decision only for wanker Masi to do an about,CONFLICTUAL
964,@majorgauravarya This is typical Stockholm Syndrome by Americans? Since Pakistani,CONFLICTUAL
975,the TV in a mad rage ihaye the fat cunt,CONFLICTUAL
979,Same as I've done previously ….. ignore the idiotic fookers.,CONFLICTUAL
981,@user fr!! also a lot of anorexic ppl don't understand,CONFLICTUAL
984,"cant believe the selfishness, and stupidity of these unvaccinated, I",CONFLICTUAL
989,glorifying or romaticizing eds/disordered eating is getting sn1ped idc idc,CONFLICTUAL
998,You got some balls/boobs smol thing fukin piece of shite.,CONFLICTUAL
1004,"outrage over a dead, vile shitbag only makes it funnier.",CONFLICTUAL
1014,tomo you pathetic ramping half breed. So many fucking rampers,CONFLICTUAL
1023,They should hire more leetcode wankers to solve the issue,CONFLICTUAL
1024,your adderall before you go noddy-blinkers again. LoL SleepyJoe NoFucksGiven,CONFLICTUAL
1027,love to hype their beloved COVID. Give it a REST.,CONFLICTUAL
1034,So you've put all of your faith in pharma?? Folks,CONFLICTUAL
1037,but these self righteous ignoramuses will bray like jackasses. I,CONFLICTUAL
1047,"paid to sit their fat. wrinkly asses home- but no,",CONFLICTUAL
1057,"@user @user @nelkboys Being an illegal, for the long term,",CONFLICTUAL
1066,not a suicide bomber. Cowards like Ilhan always find useful,CONFLICTUAL
1077,@user @SenTedCruz You are such a tRumpett you see nothing,CONFLICTUAL
1079,Described as an Intersectionalist Feminist! Whatever that is. From what,CONFLICTUAL
1084,man argument shows what a complete sycophantic moron you are.,CONFLICTUAL
1085,"young savage nigga down with that simpin'shit, you stupid bitch.'",CONFLICTUAL
1086,I still remember the little weasel leaking to CNN closed,CONFLICTUAL
1092,"Fuck all the way off, you lying sack of shit.",CONFLICTUAL
1095,that only for the king of the bullshitting benzo junkies?,CONFLICTUAL
1096,"would say he's a tosser like his dad, but I",CONFLICTUAL
1100,and say jean connie and reiner should violate her (btw,CONFLICTUAL
1105,"if you're angry at this thread -- don't be, i'm'",CONFLICTUAL
1107,fortune in the process. Once again Marxists are the retards,CONFLICTUAL
1111,condoned what a bunch of scumbags did. I find it,CONFLICTUAL
1114,@user What a complete tosspot!,CONFLICTUAL
1120,steal generational sacrifice. Those promoting this are disingenuous amoral scumbags.,CONFLICTUAL
1125,in regards to how many douchebags of all kinds come,CONFLICTUAL
1126,deaths Unprepared Gst that killed MSMEs and suicides. Attracted murderers,CONFLICTUAL
1134,"her! That',''ll' show the WORLD!','''' -this f * ckin',''' guy",CONFLICTUAL
1145,angry. Some group of posh twats in Borough market talking,CONFLICTUAL
1162,@user @user You poor soul... Racist? Clearly you haven't looked,CONFLICTUAL
1168,therapist -One of my roommates was being especially dickish today,CONFLICTUAL
1175,little twat who is a trans creep apologist to boot!,CONFLICTUAL
1180,just shows she's shitty like her abuser now and the,CONFLICTUAL
1181,pussy is so sexy white on black is the best,CONFLICTUAL
1185,groupie and your a goofy dum ass kid if you,CONFLICTUAL
1191,i hate how so many people are traveling to mexico,CONFLICTUAL
1193,My name is Ted Cruz and I'm a fucking seditionist,CONFLICTUAL
1197,Happy to know Pei's got my back against this lowlife.,CONFLICTUAL
1204,"NOT DISTURB, ya fuckin nerd. I literally ain't know. 🥺🥺🥺🥺",CONFLICTUAL
1205,@metpoliceuk Don't warn these thick bastards let them fvcking fry!,CONFLICTUAL
1206,damn about this. Hindus look meek and stupid repeating this,CONFLICTUAL
1229,the law. LETS HAVE SOME ACCOUNTABILITY. JAIL TIME!!! @user @TI_Canada,CONFLICTUAL
1232,"for (& some are, IMHO, bellends) & people he personally",CONFLICTUAL
1235,with Trump supporters. There is a difference you fucking dumbasses.,CONFLICTUAL
1236,@user @user Worst services and a bunch of lies... my,CONFLICTUAL
1239,Massive sense of self-importance mixed with a level of amorality,CONFLICTUAL
1246,festivel. Stupid fans will come in thousands to theatre. Govt,CONFLICTUAL
1250,n say they wan na k! ll themselves n also,CONFLICTUAL
1253,"for you: fueled by lack of morals and decency, heavy",CONFLICTUAL
1261,capable of. Self absorbed small minded gimps like you is,CONFLICTUAL
1268,DJT has to be told when he shits his pants.,CONFLICTUAL
1278,this country no one included you the coward idiots no,CONFLICTUAL
1286,trivial offences Authoritarian & also sinister…what is his endgame? …Scary,CONFLICTUAL
1294,@user @user @MarkDice They should be shot and their families,CONFLICTUAL
1298,US citizen but word on the street says Canada has,CONFLICTUAL
1303,"promote 'unity.','''' Great job, you insipid twatwaffle. See this @user",CONFLICTUAL
1304,Capitalists want money while communists want supremacy. Communists will win.,CONFLICTUAL
1308,@bernybelvedere Fauci is guilty of war crimes. His psychopathic lies,CONFLICTUAL
1314,blocked the floppy haired posh twat last week. He ain't,CONFLICTUAL
1316,and nuggets fan your life has to be depressing 🤣🤣,CONFLICTUAL
1317,"Give teachers a living wage, and you',''ll' attract decent teachers.",CONFLICTUAL
1322,I mean I wan na call him a cunt for,CONFLICTUAL
1323,black & white. Mitch is a bitch & nobody should,CONFLICTUAL
1325,"n't' they the most racist, vile, toxic govt of all",CONFLICTUAL
1335,"to them thou, thought they set up really well fansareracistbastardsthou",CONFLICTUAL
1337,to murder/harm him. Rosenbaum was an 11 time child rapist,CONFLICTUAL
1365,"only the most toxic, idiott, dumbasss, racistt, always disrespect other",CONFLICTUAL
1373,"feel fat' -No honey, you are fat, it's not just",CONFLICTUAL
1377,"to invalidate their experiences, you're the asshole and hard block",CONFLICTUAL
1381,@user @user He's a nobody Annette - block the fucker.,CONFLICTUAL
1385,@RepRaskin @user When Republicans lack the backbone to admit Trump,CONFLICTUAL
1389,don't just wan na defend themselves. You have many braincells.,CONFLICTUAL
1402,I see another stupid fucking question from this tiny dweeb.,CONFLICTUAL
1405,the have to use force and bully tactics ….. dipshits,CONFLICTUAL
1406,Democrats are immune and/or exempt from the Rule Of Law.,CONFLICTUAL
1441,because he wasn't a fucking communist like Obama & Biden!,CONFLICTUAL
1443,@wkyc This man is a douche nozzle.,CONFLICTUAL
1445,with another hun' bro shut up and post some booty,CONFLICTUAL
1449,are complete imbeciles. What a shame they are 'leadership'. So,CONFLICTUAL
1453,another Con boot kicking to the mouth breathing knuckle draggers.,CONFLICTUAL
1455,@VickerySec Arrest him! 25thAmendmentNow ImpeachTrumpNow... he is a very dangerous,CONFLICTUAL
1470,@user I still hate the Tory cnuts.,CONFLICTUAL
1477,blm off your bio ASAP and add karen instead. 😂,CONFLICTUAL
1479,Senator Kennedy was pretty good at killing using a car,CONFLICTUAL
1480,@mtgreenee Everything thing The Biden criminal Democrats have done is,CONFLICTUAL
1483,the rest of his life. Also—is he still a fascist?,CONFLICTUAL
1491,Just watching botched... Those Americans are just nuts. Why the,CONFLICTUAL
1497,"the way, when did Tucker stop beating his wife? How's'",CONFLICTUAL
1501,"@ZConine you are so full it, my wife has been",CONFLICTUAL
1512,hello kitty came out with their own line of meds,CONFLICTUAL
1514,if hes found guilty he gets cut lol why is,CONFLICTUAL
1522,"KEEP CALLING IT WHAT IT 💯 IS... CHINA VIRUS, butthole!",CONFLICTUAL
1524,"so many chill niggas on this site, and i don't",CONFLICTUAL
1557,@user tThis is for julias mean brain you big fat,CONFLICTUAL
1558,"Dear stupid Indian, if you don't want to play with",CONFLICTUAL
1567,This is just disgusting. PTM is just bunch of scumbags,CONFLICTUAL
1569,Furious enough I wanted to key his truck. It said,CONFLICTUAL
1578,who just seems to pretend treatment resistant depression doesn't exist.,CONFLICTUAL
1593,not even getting game time! Away talk shite fucking moron.,CONFLICTUAL
1596,@user @Broncos @DrewLock23 How does a load of horsecock up,CONFLICTUAL
1599,"it. yous are calling civil servants',''the' rich',''' man shut up",CONFLICTUAL
1602,Even now it's ‘ done ' 😂 You're a twat,CONFLICTUAL
1616,a real world culling of the stupids. I refuse to,CONFLICTUAL
1619,You really are an opportunistic pile of shit,CONFLICTUAL
1625,Talk about the incurable condition of being a little bitch.,CONFLICTUAL
1628,He is just an utter moron... how he arrived in,CONFLICTUAL
1629,Trump would've been exposed as a pervert raping underage girls.,CONFLICTUAL
1639,@user stupid ass bitche shut the fuck up cry baby,CONFLICTUAL
1648,"relationship with the US, get called',''Caniggers',''' then the problem is",CONFLICTUAL
1651,You niggas with egos the size of Texas but w/,CONFLICTUAL
1654,all this 'research' aka a white gay who isn't 'stereotypical',CONFLICTUAL
1659,the build up you idiot read my 1st tweet dumbass,CONFLICTUAL
1661,@user Get the initials mp removed from her title immediately,CONFLICTUAL
1666,all those men trying to chop off her head. Like,CONFLICTUAL
1690,choose to reduce their profile. Others are complete fucking morons.,CONFLICTUAL
1692,conservatives This is only going to get worse very depressing,CONFLICTUAL
1702,vote and say FO you orange twat. Ok that's a,CONFLICTUAL
1729,"Fuck that, too many retarded motherfuckers allowed to vote as",CONFLICTUAL
1743,age qualifies him and its queue not cue you halfwit🙂,CONFLICTUAL
1760,Even after the vaccine. That shithead Fauci moves the goalposts,CONFLICTUAL
1762,there's' just a crazy girl who is obsessed with jungkook,CONFLICTUAL
1765,"some of the worthless, grifting cretins in government. That'll' do",CONFLICTUAL
1773,@user Atmospheric mean and moody.,CONFLICTUAL
1785,we please leave crusty dusty ethnicity changing @NikitaDragun in 2020...,CONFLICTUAL
1790,get a pic you console bum if you were any,CONFLICTUAL
1801,that means Nicki wasn't snorting coke like your mother while,CONFLICTUAL
1804,"his slutty hole. 'Who gave you permission to speak, knotslut~?'",CONFLICTUAL
1808,"horse dewormer, is' n't' CNN insinuating, at the very least,",CONFLICTUAL
1813,won't wash. The jingoistic rhetoric you used before Brexshit has,CONFLICTUAL
1816,didn't include that statistic in the original tweet. Fucking numpties.,CONFLICTUAL
1818,at their live actions of torture who act like it's,CONFLICTUAL
1823,"in hindsight, DT was the most hostile president toward people",CONFLICTUAL
1831,to see big brands hire chumps for the clicks. Football,CONFLICTUAL
1834,@user I'm open for scientific experimentation on these cnuts.,CONFLICTUAL
1843,"fraud, you are just incredibly idiotic and moronic. TedCruzIsAMoron TedCruzIsATraitor",CONFLICTUAL
1844,If challenged on face nappy wearing? Repeat after me. 'I,CONFLICTUAL
1845,be. You're starting to look like another click whore. May,CONFLICTUAL
1852,white mans whore for bill hader,CONFLICTUAL
1854,Me and this nigga just fucked less than 24 hours,CONFLICTUAL
1856,@user @BlueJacketsNHL Imagine being this butt hurt about the exactly,CONFLICTUAL
1863,@user yo mama so fat 😩🔪😂💣🤕😏😜she committed suicid 😂😂😂😂😂💀💀💀💀that emoji,CONFLICTUAL
1871,so they gravitate toward Trump acolytes like that spineless weasel,CONFLICTUAL
1874,"@user What a fucking lying, corrupt, self serving cow 😡😡😡😡",CONFLICTUAL
1880,Dear Mr Bacon Strip in your fucking shorts. You voted,CONFLICTUAL
1883,"leering, my old Victorian lady looks a tired whore. 'It's",CONFLICTUAL
1885,be correct. It's no wonder ppl think you're a joke,CONFLICTUAL
1892,Could partly explain why she's aging so quickly too! The,CONFLICTUAL
1894,state to elect a satanic sheep who goes against our,CONFLICTUAL
1895,Colorado and dump this numbskull from representing you. Boebert got,CONFLICTUAL
1900,"specially people in abusive relationships, can't feel bad for them",CONFLICTUAL
1905,"in world where tigerwoods a cheating narcissist is trending, but",CONFLICTUAL
1906,@user Take a motheruckingggg shottttt bitchhhhh🤪🤪🤪😂😂😂😂,CONFLICTUAL
1922,about as funny as woodworm in a cripples crutch. fattwat,CONFLICTUAL
1932,to explain your own statement to you. Stupid ass motherfucker,CONFLICTUAL
1936,@user Ole and his entire crew are very wicked Just,CONFLICTUAL
1938,@RobertKennedyJr you're worse than the orange blob trump. America hopes,CONFLICTUAL
1940,a girl cause they be moody af attitude on stank,CONFLICTUAL
1942,being taken over by northern halfwits with their a-pacifistic propaganda.,CONFLICTUAL
1949,"you with the 'look, you fuckin weirdo' just know... it's",CONFLICTUAL
1951,@user @user Yonny you a slutty boy!?,CONFLICTUAL
1959,fucking witnesses? Is everyone in the Senate taking crazy pills?!,CONFLICTUAL
1961,because your a fucking loser pussy. Get a fucking life.,CONFLICTUAL
1964,@user @danilic Adobe users are the gimps of customers.,CONFLICTUAL
1976,"dumb take, what shaking your dirty black asses is culture?",CONFLICTUAL
1980,why do you use Peter Walton? He's wrong 99 %,CONFLICTUAL
1981,"the male dominate, privileged plonkers that can't organise anything. Can",CONFLICTUAL
1986,"who probably could','n't' get elected chief dog crap remover without",CONFLICTUAL
1989,from a scrawny ass teenager so he shot him. Definition,CONFLICTUAL
1992,something he didn't actually say. You'll feel the consequences soon.,CONFLICTUAL
1994,whispering to myself: 'This guy is scum. Nothing but scum.,CONFLICTUAL
2009,@user @user @user You weren't so compassionate that you didn't,CONFLICTUAL
2017,@user @user You selfish heartless bastard! I have done better,CONFLICTUAL
2018,just straight boo boo the mothafuckin fool,CONFLICTUAL
2040,white they were screaming nig * er at people they,CONFLICTUAL
2044,long memories. Your incompetence as Premier was on display during,CONFLICTUAL
2057,course the cowardice lying cheating corrupt treasonous racist bigot won't,CONFLICTUAL
2064,@user nigga ur simp ass did this to urself fr,CONFLICTUAL
2067,you wish. Indywankers have never presented an economic case for,CONFLICTUAL
2072,"egotistical pathetic homophobic lying cheating racist sexist corrupt cowardly Trump,",CONFLICTUAL
2081,"@user no nigga, the bitch wouldn't stop eating my pussy.",CONFLICTUAL
2088,"To my few niggas who tagged bros, even if I",CONFLICTUAL
2094,"the artist, you insensitive, ignorant piece of garbage. 'iT WoNT",CONFLICTUAL
2100,"youtube for the number of 'viewers',''''... It's a joke!!!! MAGA",CONFLICTUAL
2101,to stop the cheating this election 2022 🤣💪👍 it's a,CONFLICTUAL
2111,This administration needs to stop being so inept and incompetent,CONFLICTUAL
2122,@user Everyone is smoking something cuz its 9 the 2,CONFLICTUAL
2126,rest Danny. You've' been murdering Palestinians for decades. People who,CONFLICTUAL
2133,disgusting weirdos that should be locked up SNPforthecreationofPaedos SNPfortheprotectionofPaedos SNPforscumbagSNPaedos,CONFLICTUAL
2136,@user @user This must be for a paedo ring. The,CONFLICTUAL
2139,I hope the prick gets what's coming and more wba,CONFLICTUAL
2143,@user Dont get me going about these pricks we can,CONFLICTUAL
2145,"morally depraved, then it doesn't matter how we treat him,",CONFLICTUAL
2159,@user yea different fonts of whores,CONFLICTUAL
2165,@IvankaTrump You get no say. Not your call. Now crate,CONFLICTUAL
2172,at the same time. He didn't call anyone a nigger.,CONFLICTUAL
2182,Why are these lowlifes so against the police? Surely they,CONFLICTUAL
2190,votes were organic you are a serious retard... nothing more,CONFLICTUAL
2194,"on fire. Especially if it's dead glass, you ignorant cunt.",CONFLICTUAL
2208,AF and you know it- you are offensive and absurd.,CONFLICTUAL
2212,Glad to know k ksi ko physically hurt nhi kia,CONFLICTUAL
2215,way to inform without posting the orange blob moron crap🤬,CONFLICTUAL
2217,is at fundraising. Is this what they call virtue signalling?,CONFLICTUAL
2222,until somebody sends gas * //killed suicide bomber for this,CONFLICTUAL
2232,from suicidal. He is a complete narcissistic idiot. Making fun,CONFLICTUAL
2233,are we still allowing cunts like @JoeBiden to be filthy,CONFLICTUAL
2234,stop fucking saying and doing these thing when they can,CONFLICTUAL
2255,the older generation that needs to be more aware of,CONFLICTUAL
2263,a pandemic year they come across as self entitled cockwombles.,CONFLICTUAL
2273,hard to imagine bastards like these republicans believe in hell..,CONFLICTUAL
2279,think that Teddy Cruz can't sink any lower he'll find,CONFLICTUAL
2284,"was optimistic about 'Barack the Magic Negro ,'''' trying to",CONFLICTUAL
2287,the USD products because I am Iranian -Canadian! All I,CONFLICTUAL
2290,"@user @mtgreenee She's truly fooked in the head, she clearly",CONFLICTUAL
2297,some of you people are so fucking dumb you'd jump,CONFLICTUAL
2298,mortality. One wonders why this verbose halfwit is on air,CONFLICTUAL
2301,I wish some of y'all would stfu about y'all baby,CONFLICTUAL
2302,This knuckle dragging Neanderthal represents my area of the state.,CONFLICTUAL
2325,they wouldn't have to risk there lives for ungrateful twats,CONFLICTUAL
2332,Cold War it ruined one my favorite games. Screw you,CONFLICTUAL
2355,with autistic children in the past and don't hate them.,CONFLICTUAL
2360,great job occupy rat party asswipes who support this bullshit,CONFLICTUAL
2363,"we did vote the orange turd blossom out. But, 77",CONFLICTUAL
2369,our White House ANYMORE!! Arrest his lame duck crybaby ass!,CONFLICTUAL
2373,thinking! Another jihadist tribal extremist vomiting their hatred of Amhara,CONFLICTUAL
2383,checked. 9.9 Also she's just a fucking racist twat and,CONFLICTUAL
2386,@BorisJohnson All of you spiteful bastards on this why don't,CONFLICTUAL
2408,Foolish i had no idea he was a whore until,CONFLICTUAL
2414,be treated like a dirty little slut nsfwtwt معصيتي__رIحتي سالب_الرياض,CONFLICTUAL
2415,Sirianni is a cocksucker,CONFLICTUAL
2417,@user Fauci is a megalomaniac. A Megalomaniac is a pathological,CONFLICTUAL
2418,hole because we are letting in to many scumbags 'they,CONFLICTUAL
2419,@user @Trevornoah Black folks have been demonstrating & rioting for,CONFLICTUAL
2429,read d original tweet??. You are d senseless and scumbag,CONFLICTUAL
2431,one cis white man don't reflect on the entire population.,CONFLICTUAL
2450,@rickygervais I think you are a fucking imbecile bud. I'll',CONFLICTUAL
2451,"Massachusetts decides to put the unvaccinated on lockdown, I unfortunately",CONFLICTUAL
2454,years now. He is emotionally and physically abusive. I have,CONFLICTUAL
2466,@ananavarro I think this man must be a false prophet!,CONFLICTUAL
2467,@user It's because of motherfvckers like you people suffer from,CONFLICTUAL
2470,I'd have to make a stupid assumption like your post.,CONFLICTUAL
2486,and fuck anybody who doesn't take this shit seriously. You're,CONFLICTUAL
2489,"a naked pic of you for attention, is not',''doing' feminine",CONFLICTUAL
2490,of thinking is what encourages scumbags to keep doing what,CONFLICTUAL
2497,"vaccinated, But you are forcing us to get it, Now",CONFLICTUAL
2504,that he is a WHITE CIS MAN IN AMERICA DOES,CONFLICTUAL
2507,either you're an asshole or you're lying about your experience,CONFLICTUAL
2517,"it's in pieces, That fat cunt over there sat on",CONFLICTUAL
2523,"Pump your brakes there, Adolf. Innocent is not the same",CONFLICTUAL
2525,"@user @TMZ 'They're kneeling.. fucking niggers, I hope they lose'",CONFLICTUAL
2531,"because even if she is a loose, slutty cumdump he",CONFLICTUAL
2535,"well done, I blame you sheep for all this fuckery",CONFLICTUAL
2542,about is stopping degenerates from wasting earth's' resources.. lock them,CONFLICTUAL
2560,@cenkuygur No. You are unhinged and need help. Have reported,CONFLICTUAL
2564,code dash for 30 % on gfuel you fuckinn cornball,CONFLICTUAL
2571,them!? no you haven't you fucking dumbass i can't cross,CONFLICTUAL
2575,isn't job creating FFS. This guy is a fucking idiot.,CONFLICTUAL
2580,"to keep refreshing, launch your shit on time you clowns",CONFLICTUAL
2603,"fucking bitches, them bum bitches you fuck idolize' ~Conway The",CONFLICTUAL
2607,in on... Look at the schmuck on that horse... no,CONFLICTUAL
2617,"here, they just don't want to marry your slutty ass.",CONFLICTUAL
2618,that people with so much power can be so stupid.,CONFLICTUAL
2620,"@UN _Women Haha, the most anti-human Organisation talking about moral",CONFLICTUAL
2621,@9NewsSyd @cokeefe9 Don't they like the Russians? Is that why,CONFLICTUAL
2625,"feel, most people that use fag/gay knew the term to",CONFLICTUAL
2628,Can someone dox this man please he supports cp/rape its,CONFLICTUAL
2641,even a single class after midterm. Suck my dick profs.,CONFLICTUAL
2645,"Clinton, the biggest thief in US political history. Have a",CONFLICTUAL
2649,"@user Nah, the school board meeting group are all a",CONFLICTUAL
2656,@user How the fck you fat and have no tits,CONFLICTUAL
2657,"@nypost @washingtonpost LMAO, it's only fucktards are the ones you",CONFLICTUAL
2681,they debate you. Shut the fuck up you stupid cunt.,CONFLICTUAL
2685,think so. Just stop your virtue signaling is nauseating. 🙄,CONFLICTUAL
2690,mess your president made. Calm your titties ma ' am.,CONFLICTUAL
2698,@user michael is a whore you can do better than,CONFLICTUAL
2705,@user So a black retard?,CONFLICTUAL
2713,@user @user @user India is democratic dumbass everyone has right,CONFLICTUAL
2721,someone could tweet 'I'm' gon na commit' and you'll' never,CONFLICTUAL
2724,"larger numbers of selfish, self interested numpties both within the",CONFLICTUAL
2725,theybmy dudes foreal hahahah stay mad 'best butterfly in bjj',CONFLICTUAL
2726,he wanted was to attend school unmasked. Now he's disabled.,CONFLICTUAL
2730,instead of holding the perpetrator accountable is a patriarchal idea.,CONFLICTUAL
2735,Pros: Keeps the spandex wussies off the back roads Cons:,CONFLICTUAL
2737,allegation and now that thing? fucking hope he gets shot.,CONFLICTUAL
2742,company is relying on retailers… @jypnation are you not ashamed?,CONFLICTUAL
2747,survive the trial. As long as @HillaryClinton is around the,CONFLICTUAL
2759,that makes sense. 'My transphobic parents and the transphobic medical,CONFLICTUAL
2765,@brgridiron @AdamSchefter Can't quit the drugs either,CONFLICTUAL
2773,"and mock Joe Rogan that's cool, btw aren't you suicidal?",CONFLICTUAL
2782,@NicolaSturgeon And displaying a distinct lack of respect. A wee,CONFLICTUAL
2783,@BTS_twt I'm' a piece of scum any fucking ways I,CONFLICTUAL
2805,"amalgamation of overly PC peeps, racist fucks, anti fanservice peeps,",CONFLICTUAL
2808,gun to a riot and shooting people down who are,CONFLICTUAL
2821,@user @user better than pisstat bitchstat shitstat lesthot and every,CONFLICTUAL
2834,Kazan saying 'Kevin saber is the stupidest moron on Earth.',CONFLICTUAL
2837,a Marine I hate people like you who think everything,CONFLICTUAL
2841,not news. Shouting over people is not journalism. He's an,CONFLICTUAL
2845,"losing it, it WAS TEMPORARY. Pensioners did' n't' get £20",CONFLICTUAL
2853,afford the fucking doorknob. Bunch of fucking TV production morons.,CONFLICTUAL
2858,6th Jan speech? Oh... no one was interested! What did,CONFLICTUAL
2864,of the majority. so speak for yourself u lil bitch,CONFLICTUAL
2869,are now the Political armpit of POLITICS. People like Hawley,CONFLICTUAL
2871,i would start black history month with: 'The Emancipation Proclimation:,CONFLICTUAL
2882,"to save our planet, not pollute it even more. BTS",CONFLICTUAL
2886,others called just 'look at this stupid motherfucker right here.',CONFLICTUAL
2898,I have found a new level. Bring on the revolt!,CONFLICTUAL
2913,coz that shit mad stressful and people are fucking retards,CONFLICTUAL
2922,barely on the verge of downs syndrome and a full,CONFLICTUAL
2925,"right ahead, but this is a fucking dumbass complaint 😭",CONFLICTUAL
2929,"@DonaldJTrumpJr You're daddy is sick Junior, physically, and mentally.",CONFLICTUAL
2932,"the 21st century. You guys, are scum, each and every",CONFLICTUAL
2938,I'm' pretty sure voting doesn't matter anyway. Congress wo' n't',CONFLICTUAL
2949,"it as such, and stop Bowing down to backwards cultures",CONFLICTUAL
2962,"'allowed','''' by 'The Party.','''' This is fascism, this is communism.",CONFLICTUAL
2978,"You're more than a cum dumpster, incubator. You're a woman,",CONFLICTUAL
2987,about suffering and like their suffering means nothing to others.,CONFLICTUAL
2992,It's a fact that Mental health affects way too much,CONFLICTUAL
2995,Maybe the Egyptians bad every right to call us niggers,CONFLICTUAL
3001,I heard Russ was so depressed that after the game,CONFLICTUAL
3003,dirty NC senator? Oh not doing one. Makes sense scumbags,CONFLICTUAL
3014,@user @user He's' a proper little gobshite is' n't' he,CONFLICTUAL
3015,"must ask, when has that utter cuntbubble EVER done politics",CONFLICTUAL
3021,??? Who the fuxk would buy your shitty figures for,CONFLICTUAL
3023,the DOJ or FBI or CIA are framing and extorting.,CONFLICTUAL
3029,Either way it'll be great seeing you go to prison,CONFLICTUAL
3034,you really should keep your little mouth shut. You have,CONFLICTUAL
3048,"@GMB @GNev2 Another fucking imbecile talking shit, sooner or later",CONFLICTUAL
3053,@user where is this asshole. I just want to talk.,CONFLICTUAL
3057,address problem for whole of country you pretentious greasy prick,CONFLICTUAL
3061,never had to whore himself on a fake news network.,CONFLICTUAL
3062,even funny! It just shows that she was a dick!,CONFLICTUAL
3066,"so than the place itself. Reeks of self-importance, envy and…projection.",CONFLICTUAL
3074,do they call you in South Bermondsey?' 'Useless fucking shitcunt',CONFLICTUAL
3084,"who spammed you with the nword a nigga pass, you",CONFLICTUAL
3086,@SenTedCruz Biden isn't insane! He's a bastard anti America.,CONFLICTUAL
3087,It's the fat little cunts fault. Pity he isn't dead.,CONFLICTUAL
3093,"bullshit, nobody is redeeming this motherfucker, we're on a highway",CONFLICTUAL
3094,one of those ignorant twatwaffles spreading lies and misinformation. She,CONFLICTUAL
3097,@user @user Brighton has no shortage of little pricks,CONFLICTUAL
3105,@user @user what has ariana that was so problematic? and,CONFLICTUAL
3110,"is something really wrong with him, both physically and mentally!",CONFLICTUAL
3112,SUM? shut up i fucking h8 men they're fucking stupid,CONFLICTUAL
3114,"one of our own, make her suicidal, run her out",CONFLICTUAL
3127,@user Marshal is ugly imagine if you saw a white,CONFLICTUAL
3129,"bag, I've only joined to agg a few covidiots I've",CONFLICTUAL
3134,Where was he then when his wife was having these,CONFLICTUAL
3144,femdom ebony ohio finD beta cuck sissy slave white bitch,CONFLICTUAL
3159,@user Does the maid have big titties?,CONFLICTUAL
3163,INC needs vaccine immediately to survive probably a Chinese on😉.,CONFLICTUAL
3171,"that you're actually dumb enough to miss this, so fuck",CONFLICTUAL
3178,time to go prance around like a bunch of cunts!,CONFLICTUAL
3185,is in his Scientology church and praying to the devil,CONFLICTUAL
3189,second she said I'm not dumb. I'm a lawyer. I,CONFLICTUAL
3190,to not be a racist twat if you do take,CONFLICTUAL
3201,"forever now - a skeevey, slimy, dirty, bunch of scumbags.",CONFLICTUAL
3204,"of wages, & your crooked whore hopping corporate controlled party",CONFLICTUAL
3205,lmaoooooo. He looks like a toddler that just fell and,CONFLICTUAL
3211,Now the same mf saying let's bring back Trues cause,CONFLICTUAL
3215,"any gap because our leaders are not resourceful. 2, are",CONFLICTUAL
3216,Bill was an appalling piece of authoritarian shit they couldn't,CONFLICTUAL
3225,@RealCandaceO OJ was guilty and so is Kyle Rittenhouse.,CONFLICTUAL
3235,@PeterHamby @HBO Dont ever book that Kmele Foster douchebag on,CONFLICTUAL
3244,@PeteBlackburn That's why I fucked yo bitch you fat mothafucka,CONFLICTUAL
3249,"@user @user This is literally science, you dolt.",CONFLICTUAL
3250,deadnaming and guilt tripping i cant stand being around them,CONFLICTUAL
3255,blame. But I doubt the commies can be violent and,CONFLICTUAL
3265,is broken. And I wish people like that the worst.,CONFLICTUAL
3267,humble himself and them young niggas. He had the 1,CONFLICTUAL
3269,"(puppet power) you assholes keep fucking with people's emotions, makes",CONFLICTUAL
3273,The person single handed drove SBC into the ground at,CONFLICTUAL
3280,about him. He runs away like the bitch he's 🤪🤣,CONFLICTUAL
3290,votes are a waste of fuckin time noconfidencemotion imagine a,CONFLICTUAL
3291,got one bunch of civil service halfwits tell us to,CONFLICTUAL
3300,"true, you may not be the best judge of character.",CONFLICTUAL
3304,"the 'stolen election',''''. What a bunch of sore fucking losers.",CONFLICTUAL
3309,ass WEB in the middle of your muthafuckin WALKWAY??? Asshole,CONFLICTUAL
3313,the ignorant perceptions of the perpetually racist sons of bitches,CONFLICTUAL
3314,making me 'suicidal' nobody does Jack shit. If I say,CONFLICTUAL
3318,"so proud of is Capitol Police issue? See ya, dumbass!",CONFLICTUAL
3323,that The MET are corrupt right across the board. Same,CONFLICTUAL
3324,"country, just shut the hell up, you cowardly little prick.",CONFLICTUAL
3325,the @user has their heads permanently implanted in Trump's' asshole.,CONFLICTUAL
3331,Ughhhh damn these old ass 'I don't like change' folks,CONFLICTUAL
3336,said was amazing and signed. You lot are fucking idiots.,CONFLICTUAL
3337,(tomboy) were arrested yesterday. A police (in the photo) threatened,CONFLICTUAL
3348,"want them all to die. You poor, miserable little cunt.",CONFLICTUAL
3351,You are nothing more than a bunch of scumbags!! Killers!,CONFLICTUAL
3359,carriers aren't necessarily equal to 'lowlifes' or 'loons.' No more,CONFLICTUAL
3364,open. just posted a sussy tweet on my secret ma1ntwt,CONFLICTUAL
3371,these images about gay people being slutty murderers thats censorship,CONFLICTUAL
3378,spreading covid by allowing illegal aliens to come into the,CONFLICTUAL
3379,something to discuss that doesn't equate to corruption & cronyism.,CONFLICTUAL
3381,to all of you boys-not men- boys who like to,CONFLICTUAL
3386,"recent (ish) past were utter pricks on the field, sooks",CONFLICTUAL
3396,sick. men think they have the right to women's bodies,CONFLICTUAL
3397,"Trump and people like you are guilty of war crimes,",CONFLICTUAL
3416,he don't give a damn if shawty know jigga lmao,CONFLICTUAL
3436,"is, Scotland is a country populated with yes voting fucktards,",CONFLICTUAL
3437,@user Guys a tosspot. I've got him blocked but yet,CONFLICTUAL
3447,"description 'Who da fuck said I was a commie?','''' Personally",CONFLICTUAL
3475,Obnoxious douche bag car noise in Newport Beach is worse,CONFLICTUAL
3476,"freedom fighters against a vastly overwhelming force of utter bastards,",CONFLICTUAL
3478,a detail. A typical Democratic Hippocrite. He belongs in prison!,CONFLICTUAL
3479,why do dems cannabalize their own party - Al Franken,CONFLICTUAL
3482,account displays disordered eating—stop with daily eating menus—and manic exercise.,CONFLICTUAL
3504,keep complying with what the gov wants and says are,CONFLICTUAL
3518,are always harassing women completely out of thier league &,CONFLICTUAL
3520,boys' …i'm never beating those white mans whore allegations i,CONFLICTUAL
3524,fields in front of left-leaning people because of all the,CONFLICTUAL
3545,"Sooner these gimps realise Klopp knows better, the better ✌🏻",CONFLICTUAL
3546,It's some ultra losers on this planet I tell you.,CONFLICTUAL
3569,You wan na be emotionally manipulated??? You want your therapist,CONFLICTUAL
3580,@PhilipRucker @ChrisCoonsforDE A bunch of scumbags communist Chinese domestic terrorist!,CONFLICTUAL
3582,undermining vaccination with a load of idiotic hard left cranks.,CONFLICTUAL
3586,hope one of those streaming twats was looking at their,CONFLICTUAL
3602,"my belly button this morning, it was red, commie bastard.",CONFLICTUAL
3606,@user You're a coomer lmao I'm not going to do,CONFLICTUAL
3614,"QB, but this nigga here is an issue this year!",CONFLICTUAL
3634,Dolidze making himself look like a complete dickhead celebrating before,CONFLICTUAL
3636,started it! Stop being such pussys and scream it from,CONFLICTUAL
3645,rest that their already biased commentators tend to get a,CONFLICTUAL
3653,This stankety stank ass trick also loves getting information on,CONFLICTUAL
3663,"they truly are. 'Negro children are like cockroaches, once you",CONFLICTUAL
3666,"do anything. These people are idiots and assholes, but let's",CONFLICTUAL
3668,I think he's a pompous prick but I'm with him,CONFLICTUAL
3683,"the libs' as the dumbest, most ineffectual suicide bomber ever.",CONFLICTUAL
3684,that doesn't scream needy whore to your tiny dicks? 🤬🤬🤬,CONFLICTUAL
3687,If you are violent towards a shop worker or bus,CONFLICTUAL
3695,@atrupar You must be suicidal to vote republican,CONFLICTUAL
3697,Biden. And all you bellends won't say a damn thing,CONFLICTUAL
3700,not my mom guilt tripping her kids when she could,CONFLICTUAL
3708,much is clear. These rich fuckers don't like prison!! ToryBrexitDisaster,CONFLICTUAL
3713,"nobody win the title, stay mad Max and Lewis dicksuckers.",CONFLICTUAL
3714,@Nigel_Farage Ur a posh twat!!!! But I'm too drunk do,CONFLICTUAL
3728,the royal family have been racist against Megan Merkel &,CONFLICTUAL
3731,@LilNasX You are worst than the government. Lame ass nigga,CONFLICTUAL
3732,to everyone about some classless ahole being mean to him?!...,CONFLICTUAL
3734,to life than followers. Get off the internet. Go do,CONFLICTUAL
3735,start talking I don't shut up and it's like... why,CONFLICTUAL
3744,have to point these things out' what a fucking pussy.,CONFLICTUAL
3747,The feminine urge to be a whore,CONFLICTUAL
3750,that bullying her off the platform is perfectly adequate for,CONFLICTUAL
3757,"who is purging the Party of Jews, who submits to",CONFLICTUAL
3760,"is your outdated, unsophisticated worldview.. especially for someone of your",CONFLICTUAL
3768,blatantly killing people. Only 1 idiot here and that's' you!,CONFLICTUAL
3776,done making my kids suffer. Open everything NOW you scumbags.,CONFLICTUAL
3779,(sex: male) and looks like bad cosplay.' Did the author,CONFLICTUAL
3782,"therapy and you mofos are the Guinea pigs/// goodnight, some",CONFLICTUAL
3787,a sad time when Republicans choose Fascism over Democracy. And,CONFLICTUAL
3813,not be happening... I will not pander to these cunts..,CONFLICTUAL
3816,☃️🎄 but that is one load of shite fuck it,CONFLICTUAL
3817,"blank stare, he shouted 'go white, goddammit!' and sped off.",CONFLICTUAL
3820,"especially unbearable after quarentine started, motherfuckers have too much time",CONFLICTUAL
3822,@user @GavinNewsom @JenSiebelNewsom Are you begging a scumbag?,CONFLICTUAL
3823,"gaetz, I thought they liked them on the younger side",CONFLICTUAL
3826,Enough with the 'kids are Covid unicorns' @maddow schoolsreopening COVID19,CONFLICTUAL
3833,you guys piss the fuck off and leave me alone?,CONFLICTUAL
3838,@user because he's a fking idiot.. 2 clear goals missed...,CONFLICTUAL
3844,the majority of his brainless fans who support this idiot,CONFLICTUAL
3847,i had that pink waffle bxtch BLOCKEDT @user 😂😂😂😂🤚🏻,CONFLICTUAL
3855,@user Long Covid is the new 'I have undiagnosed anxiety,CONFLICTUAL
3864,Y'all be fucking over the people god sent to heal,CONFLICTUAL
3868,"become a symbol for far-right ideology, bunch of selfish bastards.",CONFLICTUAL
3869,"newspaper, I wouldn't wipe my arse on the mirror. ScumMedia",CONFLICTUAL
3871,anything now the same DJ is criticizing miss sa. Our,CONFLICTUAL
3881,"Seriously, get the fuck over your obsession with elevating assholes.",CONFLICTUAL
3882,am amazed at GBNews or anyone giving him a platform,CONFLICTUAL
3888,Haven't seen so many ugly bastards in my life till,CONFLICTUAL
3892,"wow, i really just got threatened & followed all around",CONFLICTUAL
3905,that picture! Like tf mfkas say nasty shit 24/7! 🙄🖕🏾,CONFLICTUAL
3916,"to amaze me what miserable, pathetic bastards the Tories are",CONFLICTUAL
3929,then any previous year. These commie bastards rebranded the common,CONFLICTUAL
3935,rewarding. Turns you into a incel basically. Why bother chasing,CONFLICTUAL
3937,"Hey, that's' offensive to the mentally ill. Having illnesses is",CONFLICTUAL
3942,literally not wind turbines you fucking muppet. Your constituents are,CONFLICTUAL
3952,character and truth about those bigots and racists who doxxed,CONFLICTUAL
3954,available.. People like you are a tyrants wet dream. Pure,CONFLICTUAL
3955,dire physical consequences'. Or just call him a daft cunt.,CONFLICTUAL
3956,many here in Oz already know. He's' a narcissistic fuckstick.,CONFLICTUAL
3962,"im christian, you fuking hate christians, shut the fuk up.",CONFLICTUAL
3977,@user Yeah. Stop sexualizing yourselves and using your bodies to,CONFLICTUAL
3985,or right to return fire on a heartless murdering bastard?,CONFLICTUAL
3987,of a FaceTime call with a nigga and shit lol,CONFLICTUAL
3988,"@talkRADIO @JamesFrith Starmer is a member of The Trilateral Commision,",CONFLICTUAL
3991,@user @user the way yall took this serious... I thought,CONFLICTUAL
4005,"@Peston @theresa_may 'Insipid', 'arse-licking', client journalist' … … these are",CONFLICTUAL
4009,make a name for myself. Now sit yo ass down.,CONFLICTUAL
4010,"@JasonMillerinDC TraitorsSupportTraitorTrump Who cares, Jason? You're ALL SO IRRELEVANT. Tell",CONFLICTUAL
4012,"makes me want to scream ACAB even louder, embarrassing club",CONFLICTUAL
4017,"@user Dictionary defines slut as a woman... unfortunately, the closest",CONFLICTUAL
4022,@user @molcranenewman Wow. Are you really that dumb. Trump is,CONFLICTUAL
4041,And they all voted for the grand priest of bigotry,CONFLICTUAL
4054,with your corrupt political corporate monopoly oligarchy class party and,CONFLICTUAL
4056,"🇺🇸 wife, not looking like a whore familiar in our",CONFLICTUAL
4058,posted a story saying: 'Who are these faggots? 'Army_help NOtoRacism,CONFLICTUAL
4062,"yo thot just called the glass noodles 'spaghetti',''''",CONFLICTUAL
4063,"mom cared about her retarded child. I mean, not today,",CONFLICTUAL
4064,blue tick centrist love in over that embarrassing tweet. Knobhead.,CONFLICTUAL
4067,all from speaking German??? How dare you. Gellout ma cuntry,CONFLICTUAL
4075,He's so self centered and ugly he threw her suicide,CONFLICTUAL
4078,replies. Literally all he does is talk shit to people,CONFLICTUAL
4084,a long term some short term - now fuck off,CONFLICTUAL
4086,& Presstitute: RSS & Hindu nationalist is killing paper industry,CONFLICTUAL
4089,being a bitter twat. you were useless in the first,CONFLICTUAL
4108,"@user A very sick, mentally & physically man. He has",CONFLICTUAL
4109,How you slide to a nigga house with some boof,CONFLICTUAL
4125,"in your lane, you half-wit twatwaffle... stick to what you",CONFLICTUAL
4127,for this pageant I'd have squirted you with PVA glue,CONFLICTUAL
4129,"& continue to live like a bitch because 'career tho',''''.",CONFLICTUAL
4130,"n't' shown up on my'liberal' white privilege timeline', whatever he",CONFLICTUAL
4131,of the big mouth POS liberal Hollywood shitbags. Hopefully the,CONFLICTUAL
4136,skinny that non disordered ppl are scared of me LOL,CONFLICTUAL
4137,of asshole he was. Good fucking riddance. Rest in Piss.,CONFLICTUAL
4138,go ahead and say that to the suicidal aircraft pilot,CONFLICTUAL
4140,the types of immigrants that Joe Biden welcomes. Future Democrats!,CONFLICTUAL
4142,when there's' a whole ass music video about on of,CONFLICTUAL
4149,@user @DailyMail Were you born in a barn. The reason,CONFLICTUAL
4152,to end up lifeless cumdump! Clout chasing ass dingy mf.,CONFLICTUAL
4154,she said she was allergic to gay people 💀,CONFLICTUAL
4157,And the fools/Voters are in a abusive relationship and despite,CONFLICTUAL
4188,Servis so you think they care about these slimeball brothers?,CONFLICTUAL
4191,How can these dumbasses on the radio claim there was,CONFLICTUAL
4192,co were always a bunch of lying bastards utter scumbags,CONFLICTUAL
4198,just put some other scummy Tory in charge. But still,CONFLICTUAL
4205,no reason. go out and touch some grass. on that,CONFLICTUAL
4213,happen. Get this old white man off my TV now,CONFLICTUAL
4214,of him sucking air between his miserable yellow fucking teeth.,CONFLICTUAL
4215,to think you're a vacuous shill writing garbage pieces while,CONFLICTUAL
4235,@user @user @user Very well deserved fuss! Achieved so much,CONFLICTUAL
4242,when the opposition party barely blinks at such conduct yet,CONFLICTUAL
4244,picture of Xi's face superimposed over Winnie the Poo and,CONFLICTUAL
4245,@user @WMerciaPolice The knuckle draggers in the replies saying the,CONFLICTUAL
4252,bring the bastards down for the sake of future generations.,CONFLICTUAL
4265,die then you need to fix that and if you,CONFLICTUAL
4266,"@user There are millions of similar 'people','''' who support RealarseholeTRUMP",CONFLICTUAL
4271,@Femi_Sorry @user He's such a total utter complete cretin.!! 🙄,CONFLICTUAL
4272,'you know what? We are better without Eustass' * they,CONFLICTUAL
4278,more opportunities for illicit drugs to flow into our country.,CONFLICTUAL
4279,miss that then you're scum and you're weak and you,CONFLICTUAL
4288,empowered women than a garbo scumbag like that idk about,CONFLICTUAL
4289,@JesseDamiani @laurenboebert That crazy lunatic non educated person should be,CONFLICTUAL
4290,"@user @Naija_PR You're' are a simp, i can show you",CONFLICTUAL
4297,tits pussy porn amateurporn nsfw cumslut blowjob sex slut ass,CONFLICTUAL
4300,"writer and is a fucking racist, homophobic, misogynistic asshole lmao.",CONFLICTUAL
4302,When the rich start blatantly acting like the law doesn't,CONFLICTUAL
4305,and children are being raped and murdered at the southern,CONFLICTUAL
4309,@AOC And you call human beings knuckle draggers? Sheesh!,CONFLICTUAL
4310,girls like it.' The only women who say they don't,CONFLICTUAL
4318,you call them terrorists. 🖕🏻 die in a hole pussies,CONFLICTUAL
4323,Sometimes it hard to tell all the Twitter halfwits apart.,CONFLICTUAL
4341,no the royal family and the british media will be,CONFLICTUAL
4343,chief conspirators. The first two are crooked trouble makers who,CONFLICTUAL
4349,them committed? They very plainly need a psych eval before,CONFLICTUAL
4353,@RepBrianFitz Hi there douchenozzle! It's come to my attention that,CONFLICTUAL
4358,with little girls with huge cocks. Smogmella would head to,CONFLICTUAL
4373,I see a lot of bulshit bigotry on both sides,CONFLICTUAL
4374,said you'd clock me pay to fucking do it pussy,CONFLICTUAL
4379,can't fucking cope i hope she dies i hate her,CONFLICTUAL
4380,brother My own aniki Fucking hatecrimed me AND FOR WH,CONFLICTUAL
4383,@davidsirota @user 'You don't read very well'. What a polite,CONFLICTUAL
4394,"the common cold they have, SNP are loving the power",CONFLICTUAL
4397,@user @user @user Yoo u fucking idiots can u doo,CONFLICTUAL
4403,@user @user The fuckeer has learnt that water is crucial,CONFLICTUAL
4407,'why would you vote against a self interest/ best interest.,CONFLICTUAL
4415,shame they did' n't' deport those fcukers as soon as,CONFLICTUAL
4417,simple concept but for imbeciles like you it's quite difficult,CONFLICTUAL
4423,"have zero tolerance for idiot bitches, she makes those of",CONFLICTUAL
4424,against Covid. Nobody is seriously suggesting concentration camps you dumbarse,CONFLICTUAL
4427,"good, because you're a white supremacist who hides their love",CONFLICTUAL
4433,"@user Yes, my brother is a complete dickhead. Unsurprisingly, the",CONFLICTUAL
4439,What a bunch of cunts * * You knew who,CONFLICTUAL
4442,it you fucking loser. God you guys suck in Toronto.,CONFLICTUAL
4468,This stupid mother fucker Eric keeps trying to connect his,CONFLICTUAL
4475,at school since you look like one or stick to,CONFLICTUAL
4480,nick law is retarded,CONFLICTUAL
4488,"@Jim_Jordan Hey crazypants, say it all u want on ur",CONFLICTUAL
4490,seeing the insane nintendo dicksucking building up to the release,CONFLICTUAL
4498,"people off, but Djokovic really is a prize prick! Djokovic",CONFLICTUAL
4506,can be burnt! Alaskans are laughing at you dumb fucks!,CONFLICTUAL
4511,penalty has WRONGLY killed countless black and brown. It's a,CONFLICTUAL
4514,@user You're only moody with one person and perfectly fine,CONFLICTUAL
4516,tours of the Capitol to terrorists that later attacked Congress.,CONFLICTUAL
4523,@user @user Never the sharpest knife in the box! Always,CONFLICTUAL
4526,"I thought, turned out to all be ignorant twats built",CONFLICTUAL
4534,Refs stop sucking the Warriors'dicks challenge (impossible),CONFLICTUAL
4535,"cunts traitors? get a fucking grip of yourself, you monumental",CONFLICTUAL
4539,"Trudeau 2.0 is a conniving, lowlife Central Canadian politician out",CONFLICTUAL
4557,"news, the Royal Family are all a bunch of cunts.",CONFLICTUAL
4563,"fall within that role, grow up you over privileged twerp!",CONFLICTUAL
4569,and the effects of same sex why God Hates it,CONFLICTUAL
4578,will only produce more vacuous individuals like you and Morrison.,CONFLICTUAL
4579,word ‘ nigger '' and 'I hate the N-word'? Which,CONFLICTUAL
4580,"a bunch of scum, homophobic, racist, misogynistic, absolute vile… banana",CONFLICTUAL
4587,tried to build a purple house in my GATED COMMUNITY,CONFLICTUAL
4597,"of shit. A liar, crook and meek sycophant to the",CONFLICTUAL
4599,) @POTUS suck-ups in continuing TraitorTrump legacy in TAKINGAmericaDOWN w,CONFLICTUAL
4604,into the issues. Instead of spreading misinformation and biased assumptions.,CONFLICTUAL
4605,@user is nothing more than the Klan with a tan.,CONFLICTUAL
4610,bodily fluids) in hotel rooms. Good point you fucking idiot.,CONFLICTUAL
4618,the National Party racists... triggering the arseholes. Well done Hector,CONFLICTUAL
4623,"sadistic arseholes who take pleasure in the suffering of others,",CONFLICTUAL
4625,as some imbecile tries to jab me with a syringe,CONFLICTUAL
4647,like 20? You are a fucking knuckle dragging douche who,CONFLICTUAL
4654,@Nigel_Farage He really is just the stereotypical Uncle Knobhead isn't,CONFLICTUAL
4657,@user @MeidasTouch @user Why is she a scumbag?,CONFLICTUAL
4660,WHO REPLIES A DREAM BLOB!!!' bitch no one wants ur,CONFLICTUAL
4665,@sunrisemvmt @user @Sen_JoeManchin He doesn't care. Just another Trumptard with,CONFLICTUAL
4667,Your ability to embarrass yourself really is a bottomless pit.,CONFLICTUAL
4671,around with a faggy 😂😂😭😭😭 bitch the joke on you,CONFLICTUAL
4677,@user That cunt is bought and paid for like the,CONFLICTUAL
4683,"a shame some of its inhabitants are such morons, but",CONFLICTUAL
4687,"means not being a seditious traitor, count me in as",CONFLICTUAL
4691,"tell them to suck our Ds, yo bitch ain't complain",CONFLICTUAL
4702,insurance company independent of those fucking corrupt racist bastards at,CONFLICTUAL
4703,link a woman killed for being trans in those articles.,CONFLICTUAL
4719,"disrespectful person.. Ok ma, tell Agba there to keep his",CONFLICTUAL
4720,"romanticize the farmers. They behaved like hooligans today, provoked by",CONFLICTUAL
4735,instead of representing the people of Alabama. Treason TrumpIsGuilty Trumpisarapist,CONFLICTUAL
4743,All world leaders should have psilocybin treatment before being allowed,CONFLICTUAL
4749,"of a mood to be in, you jew muddafucka you!",CONFLICTUAL
4769,saying and you're willing to endanger your kids. You're scum.,CONFLICTUAL
4776,go nominating that pig of human @RepMTG to any kind,CONFLICTUAL
4783,insult they can come up with is cracker??? Lame asses,CONFLICTUAL
4797,came from london That said; governments a pile of cnuts,CONFLICTUAL
4798,body🔥 It's a completely moronic thing to do🙇\u200d♂️ But that's',CONFLICTUAL
4801,make a racist comment you massive bellend. One look at,CONFLICTUAL
4805,differences without becoming a knuckle-dragging troglodyte. And we don't have,CONFLICTUAL
4815,have another 4 years with those commie bastards in charge.,CONFLICTUAL
4816,@Independent_ie Another cnut that should have gotten jail time. Still,CONFLICTUAL
4817,those around them. The young are spreaders due to the,CONFLICTUAL
4818,is the level of juror negligence happening in the US,CONFLICTUAL
4829,obnoxious and unpleasant big nosed pricks I've' ever met. Ironic,CONFLICTUAL
4831,up in a depressing dead end rural shithole hanging with,CONFLICTUAL
4832,"basic, simple biology. This is predictable. Politicization is also predictable.",CONFLICTUAL
4839,@user I remember Tricky Dicky flying away in a helicopter,CONFLICTUAL
4866,"everything, but wait the 'Bug Pharma' doesn't want to cure,",CONFLICTUAL
4886,the show.. then you would Kno that the transgender community,CONFLICTUAL
4894,"@user Pass the Voter Rights act, you scummy hypocrite",CONFLICTUAL
4910,And go ahead and ban me for that to @Twitter,CONFLICTUAL
4913,dual personality.? Impress upon them you're Indian sanatani not bhakt.,CONFLICTUAL
4915,Barstool Sports outlets are Trump sympathizers and you jackholes support,CONFLICTUAL
4916,stop repeating the lies you hear other liberal racist democrats,CONFLICTUAL
4921,@HamillHimself You're quite clearly too retarded to read the 2nd,CONFLICTUAL
4922,And I know you're still stalking me. You made a,CONFLICTUAL
4929,look on his face now they call him nigger potter,CONFLICTUAL
4932,@user Your only danger is from yourself and vaxxinated people.,CONFLICTUAL
4934,@user Imagine being so brainwashed by ALL the media to,CONFLICTUAL
4938,is for what the ‘ they ' have planned to,CONFLICTUAL
4940,with a REAL plan to weed out those racist bastards!,CONFLICTUAL
4945,"suicidebating and psychoanalyzed, she's clearly a pathological liar and NO",CONFLICTUAL
4946,"Boog. 1- it's Twitter, people sound like assholes. 2- I",CONFLICTUAL
4966,won't reverse the fact that he's a cowardice little bitch,CONFLICTUAL
4979,be here and type a comment. What a pinhead dipshit.,CONFLICTUAL
4990,"and a twatwaffle, waste of of space, piece of 💩",CONFLICTUAL
1,i think the idea of aliens is so fucking cool,UNHARMFUL_PROFANITY
7,are not islands at the asshole of the world they,UNHARMFUL_PROFANITY
8,be icy and breezy with bastardous avalanches. Temperature will be,UNHARMFUL_PROFANITY
15,your enjoyment! ✌️ wankbattle wankchat horny cum jerk cumtributepic cumtribute,UNHARMFUL_PROFANITY
16,constituents. There will never be a bottom for these asshats,UNHARMFUL_PROFANITY
21,enoughhhh where's PINKYXXX put these lil booty hoes to shame,UNHARMFUL_PROFANITY
22,//: Fuck I didnt set it so nobody can reply,UNHARMFUL_PROFANITY
23,but i'm okay with that i fucking love her @tanamongeau,UNHARMFUL_PROFANITY
32,the time and it be shit that sounds so weenie,UNHARMFUL_PROFANITY
35,she'd say ‘ what size ' but not say pussy,UNHARMFUL_PROFANITY
36,IM.. SO.. FUCKING.. HORNY 😫😫😫I been on Twitter all morning,UNHARMFUL_PROFANITY
38,at the moment. So nostalgic. You know the fuckn vibez.,UNHARMFUL_PROFANITY
41,"0 % normal here, & that Boss Guy's fucking lying.',''''",UNHARMFUL_PROFANITY
44,so ananas is just a bitch and blueberries are nice,UNHARMFUL_PROFANITY
52,album but at this point you're just deep-throating Marshalls cock,UNHARMFUL_PROFANITY
58,when she screamed ‘ you goddamn motherfucker!!!! ' All I,UNHARMFUL_PROFANITY
59,all I needed to do was stop eating processed bs,UNHARMFUL_PROFANITY
73,send me your money. U-Useless whores. L-Let me boss a,UNHARMFUL_PROFANITY
82,just a real life dick sucker for mfas to care,UNHARMFUL_PROFANITY
90,yall bitches gettin TO INTO THIS moning and shit lgbTsxarmy,UNHARMFUL_PROFANITY
91,it's my last night of work.. I am moody af,UNHARMFUL_PROFANITY
101,"I lived, but every day still hurts, every fucking day.",UNHARMFUL_PROFANITY
111,public but twitter really said fucka you and shoves suggestive,UNHARMFUL_PROFANITY
119,= Arm-leg-leg-Arm-head. Peep game this shit about you. Not another,UNHARMFUL_PROFANITY
120,sweet talk still Fiat dumb bitch can't realise why Leo's,UNHARMFUL_PROFANITY
123,I wan na help you become a better cocksucker,UNHARMFUL_PROFANITY
129,"news due to signing with, the Saints. Wooo saaaa motherfucker!",UNHARMFUL_PROFANITY
136,The dicksucking is still immaculate.,UNHARMFUL_PROFANITY
157,"my lips, cupping your perky tit and rubbing my thumb",UNHARMFUL_PROFANITY
165,contingent will have someone less cunty to tell them how,UNHARMFUL_PROFANITY
168,with you instead of having to wait for their ass,UNHARMFUL_PROFANITY
173,made of and swallow it like cummies i pwomise dont,UNHARMFUL_PROFANITY
176,around the pan whilst giant assholes keep adding shit and,UNHARMFUL_PROFANITY
181,this app in general just has a lot of assholes,UNHARMFUL_PROFANITY
186,and give it the old wanker hand gesture until the,UNHARMFUL_PROFANITY
188,saw a man with good tiddies nga like bagay sa,UNHARMFUL_PROFANITY
190,"really a settle day, gave muthafuckas time to think foreal.",UNHARMFUL_PROFANITY
208,"I hate fake sugar daddies. I'm a good person, I've",UNHARMFUL_PROFANITY
210,in November. These cheeky lil shits were busy on Valentine's,UNHARMFUL_PROFANITY
213,i still don't have my shit figured out but her,UNHARMFUL_PROFANITY
220,until you run yet another bullshit giveaway to scam for,UNHARMFUL_PROFANITY
221,me today 4. I will fucking own this day 5.,UNHARMFUL_PROFANITY
230,"-- - Me: Mute. You can get a mute, fuckface.",UNHARMFUL_PROFANITY
233,"my best (that's' what these fuckers really want, and they",UNHARMFUL_PROFANITY
236,now...... she going THROUGH it. Shiiiiiiid I'm grateful for this,UNHARMFUL_PROFANITY
245,low volume. Market just a shitter right now lol A,UNHARMFUL_PROFANITY
246,seem like an insufferable knob head. But I get a,UNHARMFUL_PROFANITY
250,Looking to get into cock rings and possibly ball rings,UNHARMFUL_PROFANITY
251,used to be money... so I'm putting shit together... 😜,UNHARMFUL_PROFANITY
255,Been a depressed piece of shit lately lol so much,UNHARMFUL_PROFANITY
262,This wind outside is triggering af 🙂 I'm getting flashbacks,UNHARMFUL_PROFANITY
263,Chris Step 1. Post you tiddies Step 2. Await the,UNHARMFUL_PROFANITY
267,to open by shoving big anime titties in her face,UNHARMFUL_PROFANITY
279,"don't know how to count','''' This kid really fucking retarded",UNHARMFUL_PROFANITY
285,being even more of a fucktard because it's become mass,UNHARMFUL_PROFANITY
289,with big hairy milkers can fuck me with his big,UNHARMFUL_PROFANITY
291,anyone with big titties want to make some money? no,UNHARMFUL_PROFANITY
296,@user Play it fast cuz Mario fucking diesnon the 31st,UNHARMFUL_PROFANITY
299,I can't stand looking at motherfuckers with helmets on horses,UNHARMFUL_PROFANITY
304,@user Well that mafucka photoshopped 😂,UNHARMFUL_PROFANITY
307,a video of her ride cock and getting filed up,UNHARMFUL_PROFANITY
324,truly blessed that they put up with my goofy ass.,UNHARMFUL_PROFANITY
325,@Tess_Holliday There is always a mfka that has a problem,UNHARMFUL_PROFANITY
329,a playing mood & shit niggas don't think it's funny😭😭,UNHARMFUL_PROFANITY
339,or not we'd both be fucked! Time has passed when,UNHARMFUL_PROFANITY
343,and I can't wait to smother those fuckers this week!,UNHARMFUL_PROFANITY
360,"mfers only hit you up on their time, so I",UNHARMFUL_PROFANITY
363,be pregnant because he didn't fuk her but of course,UNHARMFUL_PROFANITY
364,speed hitting you when its opportunities. Kut them muthafuckas off,UNHARMFUL_PROFANITY
374,got ta clean up after grown ass adults is depressing,UNHARMFUL_PROFANITY
378,now. The same people slagged off Ndombele throughout his whole,UNHARMFUL_PROFANITY
391,She's singing the 'wet ass pussy' part as Ecstasy. Lol,UNHARMFUL_PROFANITY
395,Being a Human is hard af I shoulda deadassss been,UNHARMFUL_PROFANITY
411,Everyone needs a good dicking and licking to start off,UNHARMFUL_PROFANITY
417,@SkySports Way too late to be PPV money grabbing twats,UNHARMFUL_PROFANITY
419,"to you and all that shit, but at the end",UNHARMFUL_PROFANITY
421,day he was back. mi poor bb rude ass bitchs,UNHARMFUL_PROFANITY
423,@user Fuck yeah! Gorgeous with a beautiful pussy! 😋😍😎🎸💃😀🌷,UNHARMFUL_PROFANITY
427,"@user Ass, tits and a phat pretty pussy bb",UNHARMFUL_PROFANITY
430,"Bellamy Blake! And yes S7 fckng hurts, up until S6",UNHARMFUL_PROFANITY
434,"just a bunch of lying pricks. I have','n't' been proven",UNHARMFUL_PROFANITY
435,"hole, slamming ruthlessly into her needy pussy while smirking at",UNHARMFUL_PROFANITY
436,"Ear fucking, up. Got those massive multi-ears for a reason;",UNHARMFUL_PROFANITY
438,honor of the 74 million shitstains who voted for Trump.,UNHARMFUL_PROFANITY
439,shocked unless my scales are fucked bc i swear i,UNHARMFUL_PROFANITY
443,After 2 fucking hours of nonstop drawing and erasing and,UNHARMFUL_PROFANITY
445,showing you they do NAWT give a fxck AT ALL😭,UNHARMFUL_PROFANITY
450,one side is such sore fucking losers they can't accept,UNHARMFUL_PROFANITY
456,airplane mode bc mfkas done piss me for the night,UNHARMFUL_PROFANITY
467,@user Steaming piles of shit,UNHARMFUL_PROFANITY
474,@user Cancer is the cumslut sign we been established this,UNHARMFUL_PROFANITY
488,might b a unforgivin wild ass dog nigga/ wig splitta,UNHARMFUL_PROFANITY
490,"moderates, and 29 % among liberals,' You rinos are fooked.",UNHARMFUL_PROFANITY
495,nightmare and waking up slightly horny is hot girl shit,UNHARMFUL_PROFANITY
497,that boy everybody else posting on snap. Bandwagon ass niggas🤢,UNHARMFUL_PROFANITY
499,@user I can't stand a motherfucker whose word isn't bond,UNHARMFUL_PROFANITY
501,because I don't watch tennis fucking Charlie If you like,UNHARMFUL_PROFANITY
503,trying to imagine how that cock would feel inside him...,UNHARMFUL_PROFANITY
522,to see wtf that was all about? these bitches stupid,UNHARMFUL_PROFANITY
525,Den wen I start doin shyt to you physically whewwwwww,UNHARMFUL_PROFANITY
529,ago & hungry kids etc... why are you such bullshitters?,UNHARMFUL_PROFANITY
533,who should be put alongside him as insidious traitors! Republucanpussys,UNHARMFUL_PROFANITY
534,"you to be his valentine, dont give him no pussy",UNHARMFUL_PROFANITY
538,and calling someone a fat cunt. Definite progress at being,UNHARMFUL_PROFANITY
543,while he forces his D * ck in her mouth,UNHARMFUL_PROFANITY
554,work done and I can't FUCKING FOCUS and now I'm,UNHARMFUL_PROFANITY
555,ago 3. covid 4. the dick i was deep throating,UNHARMFUL_PROFANITY
557,@user Neither one of them bitches made good music &,UNHARMFUL_PROFANITY
563,with a thin waist are fucking cowards it takes away,UNHARMFUL_PROFANITY
565,It wasn't their fault they fell for an immature fucktard,UNHARMFUL_PROFANITY
569,"That's' amazing, such a huge tentacle. I'm' not even surprised",UNHARMFUL_PROFANITY
577,"could have a taste of them, foot whore. Findom Femdom",UNHARMFUL_PROFANITY
579,kisser and calling her a 'dumb white bitch' (via @user,UNHARMFUL_PROFANITY
580,gon na call everyone a wanker so if you get,UNHARMFUL_PROFANITY
583,you see normal conversations then the next you see titties.',UNHARMFUL_PROFANITY
588,he deleted tha shi with a QUICKNESS 😂🤣🤣 Guess these,UNHARMFUL_PROFANITY
591,main are now depressing as fuck too let's see how,UNHARMFUL_PROFANITY
593,"not wasting money, bottoms up motherfuckers, and downed it w/in",UNHARMFUL_PROFANITY
595,When a mfka don't keep it real with you it,UNHARMFUL_PROFANITY
599,kinda trash ngl 💯💯💯 - We kinda bitch ass motherfuckers,UNHARMFUL_PROFANITY
600,"years. Turgid, pain-staking, self-indulging pile of wnk. Avoid this shite",UNHARMFUL_PROFANITY
604,an ugly shirt from the fucking lost and found for,UNHARMFUL_PROFANITY
606,ask me if i had hoes at 10 years old,UNHARMFUL_PROFANITY
609,THEM FROM THE GROUP and DESTROY FRIENDSHIPS you fucking weirdos.,UNHARMFUL_PROFANITY
610,"never stops there. The absolute fuckery in last election, was",UNHARMFUL_PROFANITY
613,"𝙃𝙖𝙣𝙙 upon her throbbing hard cock, providing to Mel the",UNHARMFUL_PROFANITY
614,"or stepdaughter? dm me, no limits incest stepdaughter wankchat cumslut",UNHARMFUL_PROFANITY
620,your life is meaningless to them. Plats are just shitters.,UNHARMFUL_PROFANITY
623,"it, i chatted with the arsehole in dms and he",UNHARMFUL_PROFANITY
625,be unvaxxies. This is fucking scary shit. The really up,UNHARMFUL_PROFANITY
629,"start re-liking your stuff..... Fck off you daft twats, they're",UNHARMFUL_PROFANITY
631,"smoke, I'm toxic as all hell on here because this",UNHARMFUL_PROFANITY
640,is elderly superficial incestual role-playing bullshit is being torn apart.,UNHARMFUL_PROFANITY
641,What a dirty motherfucking play that was by whoever that,UNHARMFUL_PROFANITY
667,"Well look who's' here, my motherfucker from Atlanta on the",UNHARMFUL_PROFANITY
677,you assume that this wrinkly fuck had a soul. look,UNHARMFUL_PROFANITY
680,without her having memories of fucking somebody involved in the,UNHARMFUL_PROFANITY
682,I am a broke ass bitch'' 😂 Please send me,UNHARMFUL_PROFANITY
685,long winter of discontent and fuck ugly shoes seems to,UNHARMFUL_PROFANITY
686,all honesty that don't mean shit lol cause who else,UNHARMFUL_PROFANITY
692,studies class ONLINE?!?!? Why the fuck did I buy those,UNHARMFUL_PROFANITY
703,someone's youtube video for having shit audio quality but then,UNHARMFUL_PROFANITY
706,"he pulled out of his ass. But, all good. Tesla",UNHARMFUL_PROFANITY
707,not a true finsub. fuck off 😇 findom • humanatm,UNHARMFUL_PROFANITY
708,to deal with weak minded pussies. 😂 watch them all,UNHARMFUL_PROFANITY
709,"many: He's still your President, fucking snowflakes. If you don't",UNHARMFUL_PROFANITY
714,huge bwc and I'm horny pussy fuck cum dickrate cumtribute,UNHARMFUL_PROFANITY
715,"Every stretch, but for Ambur-Krishnagiri, is pretty fucked up now.",UNHARMFUL_PROFANITY
721,loads from so many giant cocks. I did have to,UNHARMFUL_PROFANITY
731,"be so disturbing. @SenTedCruz for fuck sake, lose some weight",UNHARMFUL_PROFANITY
737,"in the perfect era for music, fashion, and lifestyle..... 95muthafuckas",UNHARMFUL_PROFANITY
739,I'm' awake from my short asf nap that made me,UNHARMFUL_PROFANITY
747,her. Don't just say ‘ pussy ' or ‘ tits,UNHARMFUL_PROFANITY
757,tf would i do that?? i ain't your bitch byeee,UNHARMFUL_PROFANITY
763,I hate being alone I fucking hate this virus I,UNHARMFUL_PROFANITY
765,look out it's the birthday bitch @user : ] hope,UNHARMFUL_PROFANITY
766,buyingnudes I'm' sellingnudes. horny slut whore camgirls slutty paypigs nudes,UNHARMFUL_PROFANITY
768,through that pile and then arrested them all such bullshit,UNHARMFUL_PROFANITY
777,@user @user I'm not an asshole I just don't know,UNHARMFUL_PROFANITY
782,indeed love company n right now I'm a miserable.... miserable.crybaby.sad.ass.bitch.,UNHARMFUL_PROFANITY
799,given the option. I'm not fucking no thot that's for,UNHARMFUL_PROFANITY
805,faster. I also heard that titty milk babies get bigger,UNHARMFUL_PROFANITY
806,and be like wait dats badbitchesonlyspam from ig 🤨😂😂 mfs,UNHARMFUL_PROFANITY
815,make you think not every muthafucka should have a voice.,UNHARMFUL_PROFANITY
824,protest that's against our protest. Like what u racist bastards,UNHARMFUL_PROFANITY
829,farm then told me filthy whore now go make me,UNHARMFUL_PROFANITY
830,"my jaw was locked, this motherfucker swallowed soo much water",UNHARMFUL_PROFANITY
832,if dicked down in dallas was written by a lesbian:,UNHARMFUL_PROFANITY
833,and took me to the doctor instead of being assholes,UNHARMFUL_PROFANITY
842,Yws rubbing his cock inside sq's' lacy white underwear until,UNHARMFUL_PROFANITY
846,feeling the same way. It fucking sucks how children are,UNHARMFUL_PROFANITY
851,accurate that Mark is a fucking gross bastard who also,UNHARMFUL_PROFANITY
856,sounded like kimi no nawa OST bitchhhh ang ganda 🥺🥺🥺🥺🥺🥺🥺🥺🥺,UNHARMFUL_PROFANITY
857,@user Here's some truth you twat. Jorginho is utterly useless,UNHARMFUL_PROFANITY
862,guess kids don't care about shit quality but somehow still,UNHARMFUL_PROFANITY
864,"needs is our support.','y'all' are doing the exact opposite, fckers",UNHARMFUL_PROFANITY
865,"Thanos too. Though he gets bitchslapped most times, he comes",UNHARMFUL_PROFANITY
868,romantic feelings for as 'this motherfucker' and apparently it leaves,UNHARMFUL_PROFANITY
883,"masks but didn't you just hear my ass say 'Hello',''''?",UNHARMFUL_PROFANITY
885,health and that's their choice. Get off their dicks people,UNHARMFUL_PROFANITY
891,a show that gets as batshit ridiculous in the best,UNHARMFUL_PROFANITY
905,Bill Clinton over a consentual blow-job. Trump's raped several women,UNHARMFUL_PROFANITY
910,@user theyre such fucking morons when it comes to zack,UNHARMFUL_PROFANITY
912,throb of their lover's fat cock inside of them—and that's,UNHARMFUL_PROFANITY
914,"Fuck I have','n't' skated in years. My knees. Hahaha I",UNHARMFUL_PROFANITY
923,the center of the conversation again little bitch boi 😢,UNHARMFUL_PROFANITY
925,Call of Duty. There's no fucking war that will be,UNHARMFUL_PROFANITY
926,mind jyp telling him his songs werent good... that bitch,UNHARMFUL_PROFANITY
954,"this offense is so fucking pathetic. As always, Pete is",UNHARMFUL_PROFANITY
957,and tie i wouldnt care to make a sound bitch,UNHARMFUL_PROFANITY
963,"trench coat up, and goes fucking feral. Like the mere",UNHARMFUL_PROFANITY
966,Social anxiety at the gym sucks asssss,UNHARMFUL_PROFANITY
971,shoes all last year… they asses ain't want to help,UNHARMFUL_PROFANITY
980,feel like a piece of shit. But damn... talk to,UNHARMFUL_PROFANITY
990,"saw a tweet that says, 'niqqas who litter don't get",UNHARMFUL_PROFANITY
991,"'Daddy wants to fuck his little girl's tight cunt,' I",UNHARMFUL_PROFANITY
994,Like bro stfu. Everyone reacts to meds differently. Just bc,UNHARMFUL_PROFANITY
995,@maxrushden All the jealous cnuts coming out of the woodwork,UNHARMFUL_PROFANITY
999,war path & our drunk asses were in the way,UNHARMFUL_PROFANITY
1008,you worry about white celebrities and their musty ass families,UNHARMFUL_PROFANITY
1012,bad? they should be proud but they're so fucking nasty,UNHARMFUL_PROFANITY
1016,with UPS that likes to fucking deliver at 9PM. Or,UNHARMFUL_PROFANITY
1028,"means today, which is a pile of American commercialised shite.",UNHARMFUL_PROFANITY
1031,beat melodies then the lyrics are so fucking heartbreaking 😭,UNHARMFUL_PROFANITY
1042,just call people lying sluts and whores if they make,UNHARMFUL_PROFANITY
1046,Just as fast as mufuckers come around they will disappear,UNHARMFUL_PROFANITY
1053,been reduced to an absolute shithole under the watch of,UNHARMFUL_PROFANITY
1055,@user Fully send naked fotos of boobs and pussy fotos,UNHARMFUL_PROFANITY
1058,"and realised he was an arsehole. A married arsehole, who",UNHARMFUL_PROFANITY
1060,will forever make me smile. What a fucken amazing song😭,UNHARMFUL_PROFANITY
1062,that's how my fake bougie ass be out here lol.,UNHARMFUL_PROFANITY
1070,"I've slept like complete shiiiiit the last two nights, &",UNHARMFUL_PROFANITY
1071,"CD's (condom) in the same slot/slut',''''. Even King Los gav",UNHARMFUL_PROFANITY
1076,i would 100 % hug the fuck out of u,UNHARMFUL_PROFANITY
1080,Doyoung challenging his inner thot? Hoe? But I'm not complaining,UNHARMFUL_PROFANITY
1090,trial??? No words huh??? That asshole that you've been kissing,UNHARMFUL_PROFANITY
1128,"prettier, teehee sissy gay femboy horny slut toy whore daddy",UNHARMFUL_PROFANITY
1139,text I'm like 👀👀👀the nosy bitch in me realllyyy wants,UNHARMFUL_PROFANITY
1143,the traffic jams caused by these arseholes.Hope they are proud.,UNHARMFUL_PROFANITY
1144,were going out. It's still fuck her ‘ til this,UNHARMFUL_PROFANITY
1151,"talk to us like we're fucking idiots, listen to how,",UNHARMFUL_PROFANITY
1152,"like in a jhene aiko pussy fairy, spiritual healing, smoking",UNHARMFUL_PROFANITY
1159,a God complex but this is some next level batshittery.,UNHARMFUL_PROFANITY
1163,@user @speedybanks87 Id be pissed too. Simoni beat Bighill in,UNHARMFUL_PROFANITY
1164,manpuss. Slurpin all ova ur shinny phat dick head 🤎😈,UNHARMFUL_PROFANITY
1165,dishonest and corrupt performance. This dickhead could be the most,UNHARMFUL_PROFANITY
1179,ago cuz of you fucking dicks. If everyone just does,UNHARMFUL_PROFANITY
1189,i guess all the sexy bitches do be going Through,UNHARMFUL_PROFANITY
1194,"My back is still fucked up, I think this is",UNHARMFUL_PROFANITY
1196,"again. I ordered it a fucking month ago, stop delaying",UNHARMFUL_PROFANITY
1199,just glad I grew out of selfish entitled dickheads) 😂😂😂,UNHARMFUL_PROFANITY
1211,My stomach is such a moody bitch 😩,UNHARMFUL_PROFANITY
1212,Why is there not a dick in him!! Why is,UNHARMFUL_PROFANITY
1213,work. Either you're an intentional fucking troll on this platform,UNHARMFUL_PROFANITY
1214,form of evil? or is it just being an asshole?,UNHARMFUL_PROFANITY
1217,how about you shut the fuck up and stop guilt,UNHARMFUL_PROFANITY
1218,💩ton of fentanyl off of our streets?? Please explain. WTAF?!,UNHARMFUL_PROFANITY
1227,@user 'Fuck... You are irresistible...' Eivor muttered as she knelt,UNHARMFUL_PROFANITY
1228,kinda nervous but also fuckinng stoked to be opening the,UNHARMFUL_PROFANITY
1238,"yes or no, like it's fucked! I'm already at 7",UNHARMFUL_PROFANITY
1240,They put artists through a lot. They are disgusting motherfuckers.,UNHARMFUL_PROFANITY
1243,sacked from everywhere after letting it all turn to shit.,UNHARMFUL_PROFANITY
1247,and guess what Karma is a bitch! All you involved,UNHARMFUL_PROFANITY
1258,Hope your using wipes for that assss,UNHARMFUL_PROFANITY
1264,must have been an abusive arsehole. Anyway someone died &,UNHARMFUL_PROFANITY
1265,"loot, move on and get smashed by some sweaty cunts.",UNHARMFUL_PROFANITY
1270,vintage??? It was actually really fucking good and it was,UNHARMFUL_PROFANITY
1276,realized she was staring at my cumslut flight tag (•͈ᴗ•͈),UNHARMFUL_PROFANITY
1277,tl is so fcking depressing i think its time for,UNHARMFUL_PROFANITY
1287,lawlessness - or suck the mighty dick of another 9/11,UNHARMFUL_PROFANITY
1292,First and foremost I am a bullshitter,UNHARMFUL_PROFANITY
1307,@user Just hope they don't fuk up with chainsaw man,UNHARMFUL_PROFANITY
1321,off because my ugly pathetic ass just going to bring,UNHARMFUL_PROFANITY
1329,a weirdo and the teacher is the biggest bitch ever,UNHARMFUL_PROFANITY
1333,young to be a cum dumpster whore but i pay,UNHARMFUL_PROFANITY
1338,gens after have 1 banger starter line and 2 shitters,UNHARMFUL_PROFANITY
1339,now left us in a shit situation where this could,UNHARMFUL_PROFANITY
1349,@user It's rare cause a bitch not leaving n and,UNHARMFUL_PROFANITY
1358,on their arms... is this the new dick sizing competition?,UNHARMFUL_PROFANITY
1361,anyways we used to wasting time on pure bullshit 🙃,UNHARMFUL_PROFANITY
1366,applications? No. But I'd feel like a bad ass bitch,UNHARMFUL_PROFANITY
1376,so i keep sending goofy ass tweets to her from,UNHARMFUL_PROFANITY
1378,I've seen you. So How tf can you even say,UNHARMFUL_PROFANITY
1382,man said 'thick like cow shxt' 😂🤣🤣🤣🤣🤣🤣🤣🤣🤣🤣😂😂😂 yo these men,UNHARMFUL_PROFANITY
1384,games after my wrist surgery shits lowkey depressing I need,UNHARMFUL_PROFANITY
1387,"she doesnt deserve all this bullshits. human, why r u",UNHARMFUL_PROFANITY
1388,"right body, dysphoria is a pain in the fucking ass.",UNHARMFUL_PROFANITY
1394,Absolutely not. It's just that sometimes goodbyes are a bitch.,UNHARMFUL_PROFANITY
1407,Novocaine flow hoe you ain't know? Like a balla in,UNHARMFUL_PROFANITY
1410,to donate or whatever the fuck to your cause. You,UNHARMFUL_PROFANITY
1416,"It wasn't rigged you complete cock womble, you can't fake",UNHARMFUL_PROFANITY
1423,"The alien's hips thrust again, cock sliding the small space",UNHARMFUL_PROFANITY
1425,and dread over what the fuck I am actually supposed,UNHARMFUL_PROFANITY
1426,you some things to see your views. horny cocktribute cumtribute,UNHARMFUL_PROFANITY
1432,you got all the slow niggas' 😹😹😹😹,UNHARMFUL_PROFANITY
1433,do is compare me to these other bitches! 😂 baby,UNHARMFUL_PROFANITY
1436,I want to be drunkkkk assssf for my birthday 😭😮\u200d💨,UNHARMFUL_PROFANITY
1438,done that. More like that cunt deserved it. Football fans,UNHARMFUL_PROFANITY
1444,'dada' for the pass three days...... wtf do you expect,UNHARMFUL_PROFANITY
1457,@user She needs to jerk off big horse cock 🍆🍆🍆🍆,UNHARMFUL_PROFANITY
1459,i do not give two shits about some guy's name,UNHARMFUL_PROFANITY
1462,to participate in a huge cock exchange. You will buy,UNHARMFUL_PROFANITY
1467,live in the outback. The evil bastards live among us,UNHARMFUL_PROFANITY
1484,they just be shooting the shit and casually talking about,UNHARMFUL_PROFANITY
1486,little sub daddy lewd naughty cumslut lewdRP slut cockslut amateurvideo,UNHARMFUL_PROFANITY
1487,Tired of taking meds w/ BS side effects Dr. probably,UNHARMFUL_PROFANITY
1489,tell me to drink my piss... Then laugh at me,UNHARMFUL_PROFANITY
1502,dumps on their friends without warning a very fuck you,UNHARMFUL_PROFANITY
1505,"ideology' that colours everything a shitstain brown, look no further",UNHARMFUL_PROFANITY
1509,@user whew that ratio.... yo goofy ass deserved,UNHARMFUL_PROFANITY
1516,"she wasn't going to be pissed about meatloaf before, she",UNHARMFUL_PROFANITY
1520,"excuses, no trial just drag his scrawny ass to jail.",UNHARMFUL_PROFANITY
1527,upon themselves to do some thotty shit to memorialize me,UNHARMFUL_PROFANITY
1528,have big accounts who always shit on other groups. Put,UNHARMFUL_PROFANITY
1533,ones that dropped are hard af. i'm never paying $,UNHARMFUL_PROFANITY
1535,"> tomorrow, And shit on the bastard (s) below, below",UNHARMFUL_PROFANITY
1536,"mfs got only fans now, niggas think they Jordan Belfort",UNHARMFUL_PROFANITY
1537,you just call me a fucking coward?' Hunt tipped his,UNHARMFUL_PROFANITY
1538,"covid, haha April Fool's,'''' their ass is blocked. Silly, goofy",UNHARMFUL_PROFANITY
1539,business closes and don't pay money back ffs. Robbing fuckers.,UNHARMFUL_PROFANITY
1540,' 2 and black in England with no bitches ',UNHARMFUL_PROFANITY
1548,this I sound like an asshole. I'm' just kinda annoyed,UNHARMFUL_PROFANITY
1552,keep starting new pieces in all these different mediums wtffffff,UNHARMFUL_PROFANITY
1556,attach myself to another sport. I'm a competitive fucker lol,UNHARMFUL_PROFANITY
1560,"girls, against my will at 8 in the fucking morning",UNHARMFUL_PROFANITY
1561,NYC! 2022 will be a fucking blast! WAGMI!! 🎉🎊 @user,UNHARMFUL_PROFANITY
1562,online/app launches are infiltrated with fucking bots that snatch it,UNHARMFUL_PROFANITY
1566,think i am chilling) No bitch vada majheraa hunxu yo,UNHARMFUL_PROFANITY
1576,name in yo mouth you dick sucking cause i don't,UNHARMFUL_PROFANITY
1579,If a mfer out here questioning my loyalty they shouldn't,UNHARMFUL_PROFANITY
1581,asserting needs and being a dickhead. Shaming people is sometimes,UNHARMFUL_PROFANITY
1582,No beer and no FM22 make bigcockbassey go something something…,UNHARMFUL_PROFANITY
1586,"what u expert to happen dumbasses, that why people got",UNHARMFUL_PROFANITY
1591,is that twitch rivals is kinda in the shitter atm,UNHARMFUL_PROFANITY
1600,it's just a bunch of pussys that leave when they,UNHARMFUL_PROFANITY
1609,"you that are just too fucking sexy, sweet and cool.",UNHARMFUL_PROFANITY
1618,"Bidens near future sucks hairy balls ladies and gentlemen, wakeup",UNHARMFUL_PROFANITY
1630,@user Very sweet boobs nipples Billy and legs dolly and,UNHARMFUL_PROFANITY
1632,11am and i'm 5 ibuprofens deep fuck a buzz ball,UNHARMFUL_PROFANITY
1637,"anything','''' oh and the little bitches didnt want to go",UNHARMFUL_PROFANITY
1655,his real life piece of shit scumbag energy into something,UNHARMFUL_PROFANITY
1670,evolution mate.. now you're sounding like an old fooker 😂😂,UNHARMFUL_PROFANITY
1672,or ratchet cause he'll smack tf outta me 💀 I,UNHARMFUL_PROFANITY
1674,are in love with dean fucking winchester... i don't guilt,UNHARMFUL_PROFANITY
1678,still don't understand why grown ass people don't understand bodily,UNHARMFUL_PROFANITY
1682,Triller promotions is fking trash for canceling Teo vs Kambosos🤦\u200d♂️,UNHARMFUL_PROFANITY
1684,@user @user she has a dick?,UNHARMFUL_PROFANITY
1685,"His Tok Tok account name, 4doorsmorewhores and him saying 'Bruh,",UNHARMFUL_PROFANITY
1688,for school back then we used to fight any motherfuker,UNHARMFUL_PROFANITY
1689,least that's' legally allowable ARE shitheads. But why on earth,UNHARMFUL_PROFANITY
1691,also the apple cider we have fucking sucks for this,UNHARMFUL_PROFANITY
1693,in my truck and how fuckn cold it is I,UNHARMFUL_PROFANITY
1695,"well, it's been the 'mail, motherfucka' from Road Trip since",UNHARMFUL_PROFANITY
1696,life just started getting fucked up and making me depressed,UNHARMFUL_PROFANITY
1697,for even existing. He also whored Melody out to the,UNHARMFUL_PROFANITY
1704,of them are a peice of shit so don't even,UNHARMFUL_PROFANITY
1705,the actual people responsible is a fucking idiot...... What? HappyNewYear2021,UNHARMFUL_PROFANITY
1706,months ago and now I'm' just straight up a zenosfucker,UNHARMFUL_PROFANITY
1710,'I don't give a fuck about running the 1s when,UNHARMFUL_PROFANITY
1714,offended me? It doesn't… It makes my little clitty twitch,UNHARMFUL_PROFANITY
1715,@user lmfaooo he was like 'aye you poppin pills??? 👀👀',UNHARMFUL_PROFANITY
1718,Bro I'm so fuckin exhausted mentally and physically it's been,UNHARMFUL_PROFANITY
1727,"in action at some places, Fuck off those ppl who",UNHARMFUL_PROFANITY
1731,@user Hey dicksucker stop playing on,UNHARMFUL_PROFANITY
1734,"@pulte $ gavynsabitch, I need that",UNHARMFUL_PROFANITY
1735,and mental symptoms for 7 fucking years before they ran,UNHARMFUL_PROFANITY
1741,that little vein and it reminds me of a dick,UNHARMFUL_PROFANITY
1746,Tgese mfers think cause I'm' here on overtime I'm' about,UNHARMFUL_PROFANITY
1751,break that you NEED to brush your stanky ass teeth.,UNHARMFUL_PROFANITY
1752,have to chew so God damn loud omg!!!!!! It's so,UNHARMFUL_PROFANITY
1753,I need a way to collect that fucking money hoe,UNHARMFUL_PROFANITY
1758,collecting only them lil bottom bitches if i was' n't',UNHARMFUL_PROFANITY
1759,cheap! sellingcontent buyingcontent sellingnudes buyingnudes dickrate horny hornyhour sex porn,UNHARMFUL_PROFANITY
1761,"fine you if you don't, wankers the lot of them",UNHARMFUL_PROFANITY
1767,its all good when you ass and legs are completely,UNHARMFUL_PROFANITY
1771,so i disconnected because fuck you and now she emailed,UNHARMFUL_PROFANITY
1774,guarantee they did some dumb shit in between getting there,UNHARMFUL_PROFANITY
1776,getting married to my best motherfucking friend. We're KILLING it,UNHARMFUL_PROFANITY
1779,playing like a right nasty bastard tonight. Really got into,UNHARMFUL_PROFANITY
1788,dudes bm took his new bitches babydaddy first 🤣🤣🤣🤣🤣 how,UNHARMFUL_PROFANITY
1803,bastard bitchass like justine littlewood can get a bf what,UNHARMFUL_PROFANITY
1807,We are both moody grumpy assholes and I love her,UNHARMFUL_PROFANITY
1809,show your love' - a bitch who isn't getting flowers,UNHARMFUL_PROFANITY
1811,and just hyperfocused on how shitty the ch * nel,UNHARMFUL_PROFANITY
1815,it'll commemorate your graduation from being a total whore: D,UNHARMFUL_PROFANITY
1817,@GOP Except when they're screaming bullshit about CRT at us,UNHARMFUL_PROFANITY
1822,buy a pole - this shit be having me LIT,UNHARMFUL_PROFANITY
1824,@user badass shoe line for life or $ 20?????,UNHARMFUL_PROFANITY
1828,I might tweet about cock and balls but the only,UNHARMFUL_PROFANITY
1829,sound of a dominant man's voice? kink wmaf bwc pussy,UNHARMFUL_PROFANITY
1836,about me? ima mind my mothafuckin business 💀 'you're probably,UNHARMFUL_PROFANITY
1841,"recovery is pretty strong, others might not be so shitdaymadeshitter",UNHARMFUL_PROFANITY
1842,then I'm in the same fckn predicament the next exercise,UNHARMFUL_PROFANITY
1846,Weed and none of them bitches knew wtf I was,UNHARMFUL_PROFANITY
1848,defend her. You'd a fucking dumbass. Someone had to say,UNHARMFUL_PROFANITY
1849,"are going to our rivals, cry me a fuxking river",UNHARMFUL_PROFANITY
1887,"people who are lgbt, but some people who are assholes.",UNHARMFUL_PROFANITY
1888,draw Hillary's feet. What the fuck she's only one barefoot.,UNHARMFUL_PROFANITY
1902,in our currency. -- El: D (one broke ass bitch),UNHARMFUL_PROFANITY
1904,I don't get that executive ass sucking. AA is a,UNHARMFUL_PROFANITY
1908,"game is dead, why are you acting like a dumbarse?",UNHARMFUL_PROFANITY
1911,horny dick cock bigdick bigcock cum cumslut cocktribute cumtribute nude,UNHARMFUL_PROFANITY
1918,"like yours, they wouldn't b bitching n moaning about broken",UNHARMFUL_PROFANITY
1925,our neighborhood and now bitch ass billionaires are righ rising,UNHARMFUL_PROFANITY
1933,to start a Group Chat wankbattle if u want to,UNHARMFUL_PROFANITY
1946,them so people can have fun again you dumbasses @RavenSoftware,UNHARMFUL_PROFANITY
1955,furry friend really started a biology lesson in twatwaffles,UNHARMFUL_PROFANITY
1967,"always worth it, but don't lose your sanity.','''' Fucking true.",UNHARMFUL_PROFANITY
1971,serious you calling me a bitch isn't gon na make,UNHARMFUL_PROFANITY
1974,comeback cuz i rather die. that shit bring zero benefits,UNHARMFUL_PROFANITY
1975,ass id be one rich motherfuker i tell ya hwat,UNHARMFUL_PROFANITY
1978,it's the European Commission who fucked up by not ingesting,UNHARMFUL_PROFANITY
1982,i fucking hate my body shape): and my tiddies,UNHARMFUL_PROFANITY
1987,show off merch??? It's not fckng cute wtf. This is,UNHARMFUL_PROFANITY
1998,that i am not eating it right now!!!!!!! ooohhhhhh fuck,UNHARMFUL_PROFANITY
2001,tomorrow for weeks and this shit basically just entirely cured,UNHARMFUL_PROFANITY
2007,think I need help @user Bullshit! You're lying... show us,UNHARMFUL_PROFANITY
2008,"@piersmorgan No-one said',''just' a little prick, then?',''' Well done. Hope",UNHARMFUL_PROFANITY
2011,"@user Good grief, what a fuckstick.",UNHARMFUL_PROFANITY
2012,"out all over your cock and balls. 'Sarap mo, mahal.'",UNHARMFUL_PROFANITY
2015,gone say just burn my ass up im not lyin,UNHARMFUL_PROFANITY
2016,are going to $ 25k rn. Place your bets pussies.,UNHARMFUL_PROFANITY
2019,"For the most part im a fucker, not a fuckee",UNHARMFUL_PROFANITY
2023,2 weeks later because that man was such a prick.,UNHARMFUL_PROFANITY
2025,"general office/production staff that are','n't' shitbags and work there because",UNHARMFUL_PROFANITY
2029,and the pleasure cause her pussy to begin to get,UNHARMFUL_PROFANITY
2033,"off that was probably really fucking cringy, huh. good thing",UNHARMFUL_PROFANITY
2034,And sucked my cock some more as we were in,UNHARMFUL_PROFANITY
2055,you don't get some of the coochie poor you lad,UNHARMFUL_PROFANITY
2058,is class can't believe numpties on here think he's shit,UNHARMFUL_PROFANITY
2065,"me,, treat me like the slut i am for uu,,",UNHARMFUL_PROFANITY
2069,'cultivate me yanthe' username and thought 'heh. cultivate deez nuts',UNHARMFUL_PROFANITY
2071,"meds and said to myself Wtf, do those meds have",UNHARMFUL_PROFANITY
2074,the need to tell a bihh💃🏾they raw🔥 asf I feel,UNHARMFUL_PROFANITY
2079,in love or anything I just think you're all bellends!,UNHARMFUL_PROFANITY
2082,span of 10 minutes. feeling strong bitch feeling fricking strong,UNHARMFUL_PROFANITY
2085,@mmpadellan Fuck no.. those fuckers attempted to car jack a,UNHARMFUL_PROFANITY
2098,"was','n't' tall enough but her tits were as big as",UNHARMFUL_PROFANITY
2102,with anime lolis/the cute limp dick mtf sign and tacky,UNHARMFUL_PROFANITY
2106,Depressed and sad 5. Horny asf virgins 6. Lame and,UNHARMFUL_PROFANITY
2109,humanatm humanwallet footfetish footworship assworship cuck sissy humiliation cbt sph,UNHARMFUL_PROFANITY
2110,then I am a lazy dumbass who failed to fulfil,UNHARMFUL_PROFANITY
2112,"they Instagram, number, snapchat etc ion play that shit 👎🏾‼️",UNHARMFUL_PROFANITY
2113,"— pec/tit fucking, creampies, face sitting, all the way through,",UNHARMFUL_PROFANITY
2114,@user Dio has big titties on that photo,UNHARMFUL_PROFANITY
2118,your car & hit the mcdicks drive thru???? And then,UNHARMFUL_PROFANITY
2119,@user U had to add motherfucking karina 😂,UNHARMFUL_PROFANITY
2132,BAIRSTOW is a sexy mothafooker. Ben Stokes super gluing the,UNHARMFUL_PROFANITY
2135,Every o my had my dick jumping. She will get,UNHARMFUL_PROFANITY
2140,after work. He's' going to fuck her and send her,UNHARMFUL_PROFANITY
2142,you done w those bitches baby!' the mf might get,UNHARMFUL_PROFANITY
2156,"scarred This is for my niggas on the block, twisting",UNHARMFUL_PROFANITY
2158,from disrupting the world haha fuckem they already lost.. FEW,UNHARMFUL_PROFANITY
2161,@theferocity Bullshit. If it were a white comedian who wouldn't,UNHARMFUL_PROFANITY
2169,make it happen - should you post this too: fuckaoarii2021,UNHARMFUL_PROFANITY
2180,the slightest any more. Im so used to terrible shit.,UNHARMFUL_PROFANITY
2181,I know some bitches that play in they nose.,UNHARMFUL_PROFANITY
2183,voice. His music also is shit. Like in E girls,UNHARMFUL_PROFANITY
2184,little boys to call females bitches or showing little girls,UNHARMFUL_PROFANITY
2191,"losing your virginity on is stupid, but if you don't",UNHARMFUL_PROFANITY
2201,me off). i'm just a motherfkng dreamer who wishes one,UNHARMFUL_PROFANITY
2202,Its to keep the stupid bitch within me from getting,UNHARMFUL_PROFANITY
2204,If this mofo leaves me on read I'm finna have,UNHARMFUL_PROFANITY
2209,"role model, Donald's 'Grab them by the pussy','''' was an",UNHARMFUL_PROFANITY
2218,"his throat, lining up his cock with his asshole. 'A",UNHARMFUL_PROFANITY
2220,Then heat up with a dildo and finally squirt out,UNHARMFUL_PROFANITY
2221,come back to the club of loner.. hellyeah mothafucka hahahakkk,UNHARMFUL_PROFANITY
2228,herself tangled between two big black cocks and i dont,UNHARMFUL_PROFANITY
2235,for the randoms to be dickheads so I don't blame,UNHARMFUL_PROFANITY
2240,kevin because he sounded passive aggressive... zoom you raggedy bitch,UNHARMFUL_PROFANITY
2248,@user Depends on how equiped the babe everyone is fucking,UNHARMFUL_PROFANITY
2254,I'm muting this because you're ass backwards lady. Fuck off.,UNHARMFUL_PROFANITY
2261,for Manic Monday: 'Just another shitty Monday'? -Nah 'Just another,UNHARMFUL_PROFANITY
2266,wtf i'm hot as fuxking shit what do you have,UNHARMFUL_PROFANITY
2267,"My guy, you are the avg flashy-ass ATL dude. MAFS",UNHARMFUL_PROFANITY
2271,"it for everyone Weekend album fucking mid asf tho, DS4",UNHARMFUL_PROFANITY
2274,dudes makes us feel like shit and treat us bad.,UNHARMFUL_PROFANITY
2288,one where you call him a dickhead has more likes.,UNHARMFUL_PROFANITY
2303,It sucks having so much shit to do but being,UNHARMFUL_PROFANITY
2309,was' n't' coughing and spluttering all over the place ffs.,UNHARMFUL_PROFANITY
2317,get your hearts broken cause you're all some bad bitches,UNHARMFUL_PROFANITY
2318,just wear condom when they fucking the ladies who don't,UNHARMFUL_PROFANITY
2320,"You. Me: Honey, there's horse cock in that. J: I",UNHARMFUL_PROFANITY
2322,are fetishizers. for example yarichin bitch club. remember when we,UNHARMFUL_PROFANITY
2326,learned that Mari wants to fuck Luigi for having a,UNHARMFUL_PROFANITY
2339,My pops lowkey funny af mfs don't even understand his,UNHARMFUL_PROFANITY
2343,@user @user @user No you deadass said it's the second,UNHARMFUL_PROFANITY
2350,"realize what nasty, cruel little bastards they are. Style. That's",UNHARMFUL_PROFANITY
2359,be real here we're all fucking weebs we love putting,UNHARMFUL_PROFANITY
2366,to learn russian or something lmfao Who in the russian,UNHARMFUL_PROFANITY
2370,@user He's' a dick. Same vein (is that a nasty,UNHARMFUL_PROFANITY
2374,"enemies. there are corrupt, war/corporate hoes on both sides don't",UNHARMFUL_PROFANITY
2378,enough for me to deep throat it while playing with,UNHARMFUL_PROFANITY
2380,"activity may look like random bellends sounding off, but it's",UNHARMFUL_PROFANITY
2381,can't help but come across as a gilded age asshat.,UNHARMFUL_PROFANITY
2389,around for how many years? Fuckin fat Cartman ass mufucka.,UNHARMFUL_PROFANITY
2393,i realize i had the fucking chance to write exes,UNHARMFUL_PROFANITY
2396,"at the Capitol, although I'm sure this asshole was there.",UNHARMFUL_PROFANITY
2397,the motherfuckers pushing us to give up cars for bicycles,UNHARMFUL_PROFANITY
2400,mfn stanky 😷i promise this shit better work too!!!!! Or,UNHARMFUL_PROFANITY
2403,Tbh I'm tired of you mfkas nd these attitude ima,UNHARMFUL_PROFANITY
2406,clip of my favorite bit of dialogue ever wolfgangpuckpizza itsafuckhouse,UNHARMFUL_PROFANITY
2407,Anxiety is kicking my ass,UNHARMFUL_PROFANITY
2416,thought NY could have given birth to 2 total fuckwits,UNHARMFUL_PROFANITY
2428,Now that Biden's in these fuckers flip just like CNN.,UNHARMFUL_PROFANITY
2439,to suck on those lush tits and nibble on those,UNHARMFUL_PROFANITY
2442,"you, being a nerd was fucking lit. 🤓 ♥ LOOK",UNHARMFUL_PROFANITY
2445,i know id be more sad as a broke bitch,UNHARMFUL_PROFANITY
2462,people still holding and buying shits gon na get wild.,UNHARMFUL_PROFANITY
2473,simple guy. All this fancy shit like 'financial instruments' or,UNHARMFUL_PROFANITY
2475,"as if to say fuxk off, so why, that is",UNHARMFUL_PROFANITY
2479,without a dealer and seeing this hurts like a mfer,UNHARMFUL_PROFANITY
2484,hits the clit when he fucks so it's like a,UNHARMFUL_PROFANITY
2485,days. I need a slut obsessed with sucking my dick.,UNHARMFUL_PROFANITY
2488,rather than this stuff. It pisses me off but I,UNHARMFUL_PROFANITY
2491,"like kpop fans, you all are assholes for no reason",UNHARMFUL_PROFANITY
2493,😈 horny SugarDaddys fuckme slut cum cock naughty cumslut nudes,UNHARMFUL_PROFANITY
2496,like slouch over like a fucking goblin or else the,UNHARMFUL_PROFANITY
2501,Again? A motherfkngain????? Ads every 10 minutes uno. OprahMeghanHarry,UNHARMFUL_PROFANITY
2505,got something for u bitches fuck that nigga i ain't,UNHARMFUL_PROFANITY
2516,and not on that weak shit. Best way2 wake up,UNHARMFUL_PROFANITY
2518,"started over the tasteless horny twts oh god, it was",UNHARMFUL_PROFANITY
2520,this mean I have to draw more of Jess's boobs?,UNHARMFUL_PROFANITY
2524,would die if a plane went down. It was fucked.,UNHARMFUL_PROFANITY
2528,"your parents, Even know? You're fucking desperate to have a",UNHARMFUL_PROFANITY
2530,"@user @UbiMassive @Ubisoft Lmao! The ``','Wedon'tgiveafuckaboutyouwealreadyhaveyourmoney','''' streak continues.... It's just",UNHARMFUL_PROFANITY
2532,"into eating pussy, his back was all fucked up. 🤣",UNHARMFUL_PROFANITY
2536,The algorithm in Twitter is better than Facebook twittergang fuckfacebook??,UNHARMFUL_PROFANITY
2537,The Monster Hunter and Guardian dickheads cause the problems with,UNHARMFUL_PROFANITY
2550,is open????? He's a lying cocksucker and if he's giving,UNHARMFUL_PROFANITY
2552,"of madness, I can feel the bass tickling my butthole",UNHARMFUL_PROFANITY
2555,OWN bestie are just lazy ass bitches who's tired of,UNHARMFUL_PROFANITY
2557,"me for not liking certain shit, like if i don't",UNHARMFUL_PROFANITY
2559,didn't think so. Attitude is everything. Self-image is for pussies.,UNHARMFUL_PROFANITY
2563,such a zombie i hate it so much😭😅 adhdbullshit zombie,UNHARMFUL_PROFANITY
2565,his pretty lips around his cock. Beomgyv shoved him further,UNHARMFUL_PROFANITY
2566,I spent like hell nah bitch run me all my,UNHARMFUL_PROFANITY
2578,"voice breathless as he thrusts faster, humping into him like",UNHARMFUL_PROFANITY
2581,I no get the ultimate Edition (my personal fuxk up),UNHARMFUL_PROFANITY
2583,it to try to talk shit to them. dm shlong,UNHARMFUL_PROFANITY
2584,"Genuinely seem like a good cvnt, don't worry about the",UNHARMFUL_PROFANITY
2587,will also suit the term knobhead... made my day OGP,UNHARMFUL_PROFANITY
2588,around lookin goofy as a bitch for $ 20. Lol,UNHARMFUL_PROFANITY
2589,@user SOUNDS LIKE A PLAN! [ fucking dies ],UNHARMFUL_PROFANITY
2594,"'wow what a gritty and fucked up romance', because I",UNHARMFUL_PROFANITY
2598,saving NFTs is funny as fuck but I dont want,UNHARMFUL_PROFANITY
2600,already feeling like a depressed anxious overdramatuc piede of shit🤩🤩,UNHARMFUL_PROFANITY
2604,I use to buy bitches 5 star meals those day,UNHARMFUL_PROFANITY
2606,shed its just some wee bastard at the wind up,UNHARMFUL_PROFANITY
2608,just break me and call me your whore Kerry 🥺,UNHARMFUL_PROFANITY
2609,"never sleeps, Aussies to phone, get to work cvnts etc.",UNHARMFUL_PROFANITY
2619,Woken up still so fucking horny... want to be a,UNHARMFUL_PROFANITY
2624,@user biden lied to the milfs,UNHARMFUL_PROFANITY
2632,that's the biggest pile of shite response so far🤣🤣🤣 rather,UNHARMFUL_PROFANITY
2634,Any chance i get to shit on someone on fb,UNHARMFUL_PROFANITY
2636,'If that's what you want whore I'll give it too,UNHARMFUL_PROFANITY
2640,@user Best pussy ever is when it's hairy,UNHARMFUL_PROFANITY
2647,society wasn't a total fucking shit hole? There have been,UNHARMFUL_PROFANITY
2659,"back, wanting more like a slut in heat. Akin sensed",UNHARMFUL_PROFANITY
2668,and the man was licking Lewis's' arse because Lewis made,UNHARMFUL_PROFANITY
2677,be a result of people bitching about every little detail,UNHARMFUL_PROFANITY
2680,@user This is so fuckee up. I'm so sorry.,UNHARMFUL_PROFANITY
2688,to discract everyone from his tory mates being massive bellends,UNHARMFUL_PROFANITY
2691,to her.🥴 I've ushered rando ass kids out of harms,UNHARMFUL_PROFANITY
2699,2 million followers doesn't mean shit if you're dead. Another,UNHARMFUL_PROFANITY
2706,@user @user let's fuxking go deserved THIS GUY IS THE,UNHARMFUL_PROFANITY
2712,"my back. We',''re' getting closer to finally fucking I think!",UNHARMFUL_PROFANITY
2717,It's about not postponing people's' fucking cancer surgeries to make,UNHARMFUL_PROFANITY
2736,"with small chests, dont rope them in with these assholes",UNHARMFUL_PROFANITY
2746,copy of 'From Cuntbog to Ass Valley - A Walking,UNHARMFUL_PROFANITY
2753,"No suicidal sh! t, life just doesn't hit the same",UNHARMFUL_PROFANITY
2764,time to mention the sappy fuck who is trying to,UNHARMFUL_PROFANITY
2766,Bitch I got the motherfucking lemon pepper steppers,UNHARMFUL_PROFANITY
2776,them because they can smell asshats like him a mile,UNHARMFUL_PROFANITY
2779,"themselves, the opposite of that arsehole @user :) how refreshing",UNHARMFUL_PROFANITY
2788,"the good of Britian. A British Trump. Narcissist, arse, twat....",UNHARMFUL_PROFANITY
2798,Art and cosplay being reposted is the scummiest fucking act,UNHARMFUL_PROFANITY
2813,sex horny porn cumtribute cumwhore slutty Brazzers bra boobs tits,UNHARMFUL_PROFANITY
2819,@user bring the smug bastard home ‼️,UNHARMFUL_PROFANITY
2823,accept everything❣️ horny sex cock bigdick dmnudes sext nudes sexy,UNHARMFUL_PROFANITY
2825,@Lubchansky this type of shit is what birthed the 'every,UNHARMFUL_PROFANITY
2826,@user i'm not a manwhore 😭😭😭,UNHARMFUL_PROFANITY
2831,"pay the 'Diavolo has huge titties','''' thing any mind but",UNHARMFUL_PROFANITY
2844,i say it like hunty hunty so beat that motherfuckers,UNHARMFUL_PROFANITY
2848,kfc (Soweto) because of heartbreak. They'll huuuurrrrddd you my nigga.🤣,UNHARMFUL_PROFANITY
2859,break some bones. That's pretty fucked. Jackass 5 will be,UNHARMFUL_PROFANITY
2862,"career paths, education, friendships and shit just overall life itself",UNHARMFUL_PROFANITY
2865,the police telling them what bellendery you had just witnessed.,UNHARMFUL_PROFANITY
2867,"back disc that's' newly fucked up from RA, did this",UNHARMFUL_PROFANITY
2875,environmentally destructive purveyors of unfathomably shitty food get into a,UNHARMFUL_PROFANITY
2876,"to lung surgery. Total pile of shite, innit - especially",UNHARMFUL_PROFANITY
2878,i'm even more of a fucking weirdo than y'all thought.,UNHARMFUL_PROFANITY
2881,to her sexy audios. Your dick will throb out ya,UNHARMFUL_PROFANITY
2890,waited 12 years for this boof ass senior year 😂,UNHARMFUL_PROFANITY
2892,tbh……. jk i am byeeee bitches see U on @user,UNHARMFUL_PROFANITY
2894,motorcycle trying be trailing big booty hoes all Sumer 💙🤞🏽,UNHARMFUL_PROFANITY
2895,which one of u fuckers paying for my drugs paypigspayformycocaine,UNHARMFUL_PROFANITY
2897,goes like 'ye a daft cunt aint it? much more,UNHARMFUL_PROFANITY
2900,me to trauma dump my daughter's whole life story omfgggg,UNHARMFUL_PROFANITY
2901,had like three classes with this bitch senior year 😂,UNHARMFUL_PROFANITY
2904,and the work of balancing shit with one who's not,UNHARMFUL_PROFANITY
2905,@user Im fucking dead on the gloor the tattoos and,UNHARMFUL_PROFANITY
2918,I want to see some tits and pussy in my,UNHARMFUL_PROFANITY
2923,6 weeks for this stupid ass game that's supposedly nowhere,UNHARMFUL_PROFANITY
2930,to grab women by the pussy. amongst other admissions. and,UNHARMFUL_PROFANITY
2936,calling 2-3 out of towners dickheads on ch is childish,UNHARMFUL_PROFANITY
2937,better. I've' been feeling like shit and sleeping a lot.,UNHARMFUL_PROFANITY
2950,"SUV, a minivan even a fucking electric scooter like I'm",UNHARMFUL_PROFANITY
2961,you. These people are complete gobshites of the highest order.,UNHARMFUL_PROFANITY
2964,Bro yarn is on everyones dick editing the highlight vids,UNHARMFUL_PROFANITY
2967,so I had to abort that whole operation. TMI motherfuckers.,UNHARMFUL_PROFANITY
2968,a point. she's a lying bitch who loves to body,UNHARMFUL_PROFANITY
2971,me of being a bum/stripper. Try again you broke bitch.,UNHARMFUL_PROFANITY
2972,today... so guess where I'm headed? The mothafuckn mall hoe,UNHARMFUL_PROFANITY
2973,the scene and was found elsewhere. Did fucking 18 months.,UNHARMFUL_PROFANITY
2981,Minus the mothafuckin cowboys losing,UNHARMFUL_PROFANITY
2984,pilots are the 21 guys who fucked pontious Pilates mom',UNHARMFUL_PROFANITY
2991,"evening, is triggering right now. im so fucking scared hahaha",UNHARMFUL_PROFANITY
2993,"logging out of this acc, bye bitches",UNHARMFUL_PROFANITY
2998,not the only on with assholes in my family. I'm,UNHARMFUL_PROFANITY
3010,that bussy into submission with his girthy uncut fuckstick. Due,UNHARMFUL_PROFANITY
3017,Kick Buttowski's brother was a dicksucker,UNHARMFUL_PROFANITY
3025,"Ya, except that half the fucking country thinks that Trump",UNHARMFUL_PROFANITY
3033,Single me is an absolute whore. I'm attempting to not,UNHARMFUL_PROFANITY
3035,as you do as your fuckin told. Anyone who remains,UNHARMFUL_PROFANITY
3040,and forced to do crazy shits are just too much..,UNHARMFUL_PROFANITY
3042,life baby! I want to fuck your sexy body so,UNHARMFUL_PROFANITY
3049,"jaw, in my head I'm the shit bitch try again!!",UNHARMFUL_PROFANITY
3050,"Tao slaps her huge, leaking cock against Mona's ass, pressing",UNHARMFUL_PROFANITY
3068,him the ceremonial chain-mail & a fuckin mic I'm in,UNHARMFUL_PROFANITY
3069,"can do about it but come to Twitter and bitch,",UNHARMFUL_PROFANITY
3071,I'm biased cuz my stomach has always been fucked up.,UNHARMFUL_PROFANITY
3072,aspects it's one or two assholes ruining an experience. Cheating,UNHARMFUL_PROFANITY
3075,"some bans for being a dickhead braondead player, it is",UNHARMFUL_PROFANITY
3082,just scroll if u don't like the video fucking weirdo,UNHARMFUL_PROFANITY
3092,@CTVNews Lying 🤥 sack of shit!! It's easier to go,UNHARMFUL_PROFANITY
3102,@BrianCaskeyNC Not to mention the cocksucker Morgan Griffith ran fucking,UNHARMFUL_PROFANITY
3104,my life for wanda. that bitch deserves the fucking world,UNHARMFUL_PROFANITY
3109,"ready to see them again. Like what the fuck, man",UNHARMFUL_PROFANITY
3115,when I'm working out. He is a fuckface for sure.,UNHARMFUL_PROFANITY
3117,my house and harm my family... now go fuck yourself.,UNHARMFUL_PROFANITY
3128,"all saying 'all cops are bastards','''', vice versa for rightists",UNHARMFUL_PROFANITY
3135,"that makes people miserable... These cunts have flooded me twice,",UNHARMFUL_PROFANITY
3141,"growth -- separating the 'dumb bitches','''' from the valid critiques.",UNHARMFUL_PROFANITY
3147,hits hard 'when i die fuck it i wan na,UNHARMFUL_PROFANITY
3149,about the parents how the hell do they get a,UNHARMFUL_PROFANITY
3150,"fantastic; tender, confident, funny, meta af, thrilling, muscular, poignant a",UNHARMFUL_PROFANITY
3152,somewhere else.. the cry baby shit and drama isn't it!,UNHARMFUL_PROFANITY
3153,attributed to is the biden administration and the dipshit democrats,UNHARMFUL_PROFANITY
3158,away and all of Trump's bullshit turns into prosecution evidence.,UNHARMFUL_PROFANITY
3181,the team bus and would bitch slap the first motherfuckers,UNHARMFUL_PROFANITY
3183,"just a drawing, would still suck those big tiddies 🤷🏻\u200d♀️",UNHARMFUL_PROFANITY
3188,he was some hotshot douchebag asshole who was too cool,UNHARMFUL_PROFANITY
3191,a time when 'taking an ass [ whopping? ] was,UNHARMFUL_PROFANITY
3202,Take the time you need. Sod the guilt. If you,UNHARMFUL_PROFANITY
3217,know the code and that fucker will be used for,UNHARMFUL_PROFANITY
3220,I wanted to get my titties done last night and,UNHARMFUL_PROFANITY
3222,it b the bitches that dont even know youuu speaking,UNHARMFUL_PROFANITY
3231,There's been plenty of conversations tf the universe know wtfgo,UNHARMFUL_PROFANITY
3245,stay low and fuckn build fr,UNHARMFUL_PROFANITY
3247,in Atlanta. They are just shitheads that don't give af,UNHARMFUL_PROFANITY
3252,very hard and long between those gorgeous titties of yours,UNHARMFUL_PROFANITY
3264,glossed with the juices from her own pussy. She then,UNHARMFUL_PROFANITY
3276,"but Vicky's on Nothing but ass and titties, but I",UNHARMFUL_PROFANITY
3278,Winston is in the mood for horsecock- Any volunteers?,UNHARMFUL_PROFANITY
3285,anyone explain to me how the fuck it like... works,UNHARMFUL_PROFANITY
3287,count all your bills. You'll just look like an asshole,UNHARMFUL_PROFANITY
3289,don't subject yourself to this bs for the rest of,UNHARMFUL_PROFANITY
3296,"one of those entitles Roblox bitches, no joke people like",UNHARMFUL_PROFANITY
3301,madness that this sort of narrative gets airplay. Crazy bastards!!,UNHARMFUL_PROFANITY
3307,mihoyo's dick suckers are angry bc ppl are angry theyre,UNHARMFUL_PROFANITY
3327,thoughts * 1) Do gacha bullshit 2) Hope lootcrate actually,UNHARMFUL_PROFANITY
3328,album which wont give her shit bc the label gon,UNHARMFUL_PROFANITY
3332,anitwit but now I wan na be Nanami's' little whore,UNHARMFUL_PROFANITY
3338,"your goddess, right? I mean fuck, I deserve it after",UNHARMFUL_PROFANITY
3340,like it's none of any fucking person business if you,UNHARMFUL_PROFANITY
3345,it's fucked up for somebody to lie about that… it,UNHARMFUL_PROFANITY
3360,"i dont want that ugly ass shirt hahaha, new dish",UNHARMFUL_PROFANITY
3367,"didnt notice them reach in the nazi bin, fish our",UNHARMFUL_PROFANITY
3380,And they call me an arsehole? I have solutions. Good,UNHARMFUL_PROFANITY
3387,an elixir. half of a fucking elixir is an insane,UNHARMFUL_PROFANITY
3389,just hear? 'I'll break your motherfucking head with this shovel,UNHARMFUL_PROFANITY
3391,can accomplish with Gods help. Comfort zones are for pussies.,UNHARMFUL_PROFANITY
3405,"this just made me so fucking sad. literally the goofiest,",UNHARMFUL_PROFANITY
3406,try another style bro i cant see the clips wtffffff,UNHARMFUL_PROFANITY
3407,chest. Like your soul is sinking or some shit 😅,UNHARMFUL_PROFANITY
3413,Just say you played that shit for mafuckas and they,UNHARMFUL_PROFANITY
3414,Or else imma be so fucking SAD and WORRIED about,UNHARMFUL_PROFANITY
3415,who looking for some big dick in the chicago area??,UNHARMFUL_PROFANITY
3419,try a low dose of a stimulant and coaching! fuck!,UNHARMFUL_PROFANITY
3426,"@user All sluts and whores (male, female, and other points",UNHARMFUL_PROFANITY
3435,20 minutes talking about something nobody gave a shit about.,UNHARMFUL_PROFANITY
3438,"guys, time to kick some ass!!! Got my medicine all",UNHARMFUL_PROFANITY
3439,It's been a long day; I'm' muthafucking tied,UNHARMFUL_PROFANITY
3444,"know him, I can tell you don't get no pussy.",UNHARMFUL_PROFANITY
3450,jadumb misinterprets every tweet in a thread and fucking dies,UNHARMFUL_PROFANITY
3453,@user I fuckinng can't fhskjdkd this is making me lose,UNHARMFUL_PROFANITY
3454,smoke and sniper aren't as op either way we're fucked,UNHARMFUL_PROFANITY
3455,box and now the little bitch is getting lost in,UNHARMFUL_PROFANITY
3460,This nigga is such a hoe ass nigga 😂,UNHARMFUL_PROFANITY
3466,is the most cringy ass motherfucker every. BOTH THEIR MOMS,UNHARMFUL_PROFANITY
3469,having to rant about this shit over and over again..,UNHARMFUL_PROFANITY
3472,@user ur body is sooo fuckin amazing it's Soo perfect,UNHARMFUL_PROFANITY
3473,$ 15 So whose tryna have a bingo party bitches,UNHARMFUL_PROFANITY
3483,make. 'She dressed like a slut so treated her like,UNHARMFUL_PROFANITY
3495,month 🙄. Well I'll be damn a bihh was right,UNHARMFUL_PROFANITY
3496,Democrats pull out of their Asses at 2:30 AM. No,UNHARMFUL_PROFANITY
3508,slayer. Teams slayer fucken sucks dick fuck teams. Why customize,UNHARMFUL_PROFANITY
3516,pulling out gon scream fuck you. I never wanted to,UNHARMFUL_PROFANITY
3526,they not gone let nobody touch me.. bye bitch 😂,UNHARMFUL_PROFANITY
3528,she realizes hes an evil fuck with no intention to,UNHARMFUL_PROFANITY
3541,"no 'easy' fix to balance shit properly, but removing snipers",UNHARMFUL_PROFANITY
3543,"of em tory, labour, snlp, libdems, do fucking nothing.complicit bastards.",UNHARMFUL_PROFANITY
3553,posthumous clout i will forever be a whore for attention,UNHARMFUL_PROFANITY
3561,"off the jacket which pissed off the driver. Rightfully so,",UNHARMFUL_PROFANITY
3563,"though he could','n't' trap a fucking ball..','''' cos Juventus','''' 🤷\u200d♂️",UNHARMFUL_PROFANITY
3568,that big fat juicy beautiful ass of yours is all,UNHARMFUL_PROFANITY
3578,ab finding out my depression clinical that fucking sucks dude,UNHARMFUL_PROFANITY
3587,hits too close to home … im emotionally scarred wtf,UNHARMFUL_PROFANITY
3590,i don't think a horsecock strap-on would be good for,UNHARMFUL_PROFANITY
3593,to be blocked by these asswipes. Does the Governor have,UNHARMFUL_PROFANITY
3597,So I! vibe so hard muhfuckas wan na fine me,UNHARMFUL_PROFANITY
3598,@user some of the ald gobshites deserve a good smack,UNHARMFUL_PROFANITY
3599,fan asking the time and they just said fuck off!,UNHARMFUL_PROFANITY
3609,I've ordered 50 of the fookers guarantee 1 goes down,UNHARMFUL_PROFANITY
3613,to be seeing if we fucked up the votings or,UNHARMFUL_PROFANITY
3633,I pray you wan na see a young nigga shine.,UNHARMFUL_PROFANITY
3638,of that stuff. But if so that is fukkd up.,UNHARMFUL_PROFANITY
3640,"of crisis actors? No? That's because progressives are','n't' heartless bastards.",UNHARMFUL_PROFANITY
3643,"where the latter flaunt her titty (s), it is now",UNHARMFUL_PROFANITY
3660,took like ten shots and made 3 kid was ballsacks,UNHARMFUL_PROFANITY
3661,I still listened to that sonofabitch to find out the,UNHARMFUL_PROFANITY
3662,a women tries some funny shit too tf ya can't,UNHARMFUL_PROFANITY
3664,i swear to fucking gpd if i hear that stupid,UNHARMFUL_PROFANITY
3671,"ONLY GIRLS I shaved my cock and balls yesterday, any",UNHARMFUL_PROFANITY
3676,Don't shit piss me off more than a mf that,UNHARMFUL_PROFANITY
3703,horny?? nsfw nsfwtwt horny fuckme slut cum cock naughty cumslut,UNHARMFUL_PROFANITY
3718,which is post unfunny tweets and act like an asshole.,UNHARMFUL_PROFANITY
3726,and then we are truly fecked! A new party that,UNHARMFUL_PROFANITY
3729,"@kirkacevedo M * therf * * ker! Dammit, I meant",UNHARMFUL_PROFANITY
3737,rn. bo burnham (don't you bitches dare associate me with,UNHARMFUL_PROFANITY
3742,"in Hollywood. I'm a tough bitch, but not that tough.",UNHARMFUL_PROFANITY
3746,banger. @Surrender_hs is and always will be the motherfucking GOAT,UNHARMFUL_PROFANITY
3759,alliance look like a bunch of pussies. Love this girl.,UNHARMFUL_PROFANITY
3763,ya bunch of sexy dick suckers. I love you all.,UNHARMFUL_PROFANITY
3773,"felt a slap on his pussy, his body jolting. The",UNHARMFUL_PROFANITY
3777,had a dream about getting pegged by one of my,UNHARMFUL_PROFANITY
3780,complimented the clothing i made i'm fuking going to cry,UNHARMFUL_PROFANITY
3786,@user Nice big thick dick and huge low hanging balls,UNHARMFUL_PROFANITY
3789,hoe!! It's over for u bitch. LIG that shit and,UNHARMFUL_PROFANITY
3798,country enforcing the covid rules?? We would be fecked!! DoctorWho,UNHARMFUL_PROFANITY
3808,magical cleaning fairy (me) picks shit off the floor and,UNHARMFUL_PROFANITY
3818,youtube is so shit now they should make a new,UNHARMFUL_PROFANITY
3824,"is in the collab' to 'Erwin is Hello Kitty, motherfuckers!'",UNHARMFUL_PROFANITY
3825,@user She breasted boobily and then tittied downwards,UNHARMFUL_PROFANITY
3827,Tweeting from IPhone (as a cunt),UNHARMFUL_PROFANITY
3828,games like a bunch of twats. Recent form aside to,UNHARMFUL_PROFANITY
3834,first place. No of this shit would be happening if,UNHARMFUL_PROFANITY
3837,"is absolutely the kind of fucknugget to open the door,",UNHARMFUL_PROFANITY
3856,like det somebody do some shit for me I'm definitely,UNHARMFUL_PROFANITY
3860,planning further than 3 years ahead you fucking up …,UNHARMFUL_PROFANITY
3873,Tories. It's a boot in the baws vs a poke,UNHARMFUL_PROFANITY
3877,idea because I don't want to get shit on twitter,UNHARMFUL_PROFANITY
3879,spread his froobies bc his tits are chubby and it,UNHARMFUL_PROFANITY
3883,comes so quickly its so fucking annoying and it barely,UNHARMFUL_PROFANITY
3889,depends on how tight the pussy is and how wet,UNHARMFUL_PROFANITY
3898,then saying you wan na fuck one of the ugly,UNHARMFUL_PROFANITY
3904,I did it anyway. This motherfucker decided to go into,UNHARMFUL_PROFANITY
3915,I'm a moody spooky bitch and it may have everything,UNHARMFUL_PROFANITY
3917,"could protest, plunged her tail into the Jedis pussy, as",UNHARMFUL_PROFANITY
3919,"urge to eat @user rotten Cum, worship his smelly cock,",UNHARMFUL_PROFANITY
3921,sorry my dog is an asshole that has to be,UNHARMFUL_PROFANITY
3926,press conferences though. Let the retards that voted for him,UNHARMFUL_PROFANITY
3930,need a reminder of how shtty this fandom is. do,UNHARMFUL_PROFANITY
3934,up with a rock hard cock. Come and get it,UNHARMFUL_PROFANITY
3939,was always MP and they've fucking ruined it and it,UNHARMFUL_PROFANITY
3940,say you're one of the funniest muthafuckas on this App.,UNHARMFUL_PROFANITY
3944,the 'ultimate zinger' that'll make him stop being an asshole.,UNHARMFUL_PROFANITY
3945,few words: nap. executive order. nap. What a miserable bastard.,UNHARMFUL_PROFANITY
3951,of the table. I'm just fucking done with Ole. I'm,UNHARMFUL_PROFANITY
3970,@codeofvets Infantry demons are a mfer. RIP DAD,UNHARMFUL_PROFANITY
3972,You sanctimonious bitches always find yourselves in the business of,UNHARMFUL_PROFANITY
3986,I think it's fucking insane that I have to Google,UNHARMFUL_PROFANITY
3990,like your family just doesn't give a shit about you,UNHARMFUL_PROFANITY
3998,Was a moody bitch today and my workout made me,UNHARMFUL_PROFANITY
4001,Anyone down to chat? I'm horny asf 😩😏💦💦💦 18+ ONLY,UNHARMFUL_PROFANITY
4015,Nooooo Mary M Cosby wtffffff. I don't have any reason,UNHARMFUL_PROFANITY
4019,why. Not because I'm a big ignorant prick or something.,UNHARMFUL_PROFANITY
4020,"troll in chats, it's just a real dick head move.",UNHARMFUL_PROFANITY
4026,Dm for cumtribute any age jailbait milf send pics,UNHARMFUL_PROFANITY
4028,I'm' at it solving other bullshits that's' wrong with this,UNHARMFUL_PROFANITY
4034,I ain't fucking no bodies man sooo what you here,UNHARMFUL_PROFANITY
4037,least I don't call total strangers having a debate 'asswipes'.,UNHARMFUL_PROFANITY
4045,at Ronnie after beating her ass just popped up in,UNHARMFUL_PROFANITY
4049,that Herb Dean still out here trying to kill motherfuckers.,UNHARMFUL_PROFANITY
4074,"if it was my momma, I know you suckin dick",UNHARMFUL_PROFANITY
4080,HOW TO EAT A PUSSY (18+) 👅🍑 Young warlocks get,UNHARMFUL_PROFANITY
4083,"girl can handle all the dick, if you have a",UNHARMFUL_PROFANITY
4097,had a stroke trying to read this and fuking died,UNHARMFUL_PROFANITY
4099,plutonium tea..... I wouldn't put anything past these traitorous fuckwads.,UNHARMFUL_PROFANITY
4101,I cant be the only mufucka who's day NEVER goes,UNHARMFUL_PROFANITY
4107,been able to wear mine because of my mobility ffs,UNHARMFUL_PROFANITY
4111,Trumpica. He'll' brand the entire fucking country with his name.,UNHARMFUL_PROFANITY
4116,like them because my dumb ass spills drinks on myself,UNHARMFUL_PROFANITY
4121,I'm very sexy today does anyone want to bump coochies,UNHARMFUL_PROFANITY
4123,"attitude little man','''' after this shithead insulted me 3 times",UNHARMFUL_PROFANITY
4141,debacle. Nobody gave a single fuk that Kavinaughs accusers were,UNHARMFUL_PROFANITY
4144,"That's all their gon na dicksuck tomorrow, win or lose",UNHARMFUL_PROFANITY
4146,give the award to them'' wtf! Even if its not,UNHARMFUL_PROFANITY
4147,"real dad, says the same shit a hundred times and",UNHARMFUL_PROFANITY
4162,"pretty girl ❤️❤️❤️, nice titty you like big cock??? 🤤🍆😳)",UNHARMFUL_PROFANITY
4166,& come back to chaos wtf has happened within the,UNHARMFUL_PROFANITY
4168,BA (take your pick i FUCKING LOVEE THE STOCK MARKET),UNHARMFUL_PROFANITY
4171,last weeks of my pregnancy are kicking my ass 😫😫,UNHARMFUL_PROFANITY
4177,] my mom: why the fuck did they park like,UNHARMFUL_PROFANITY
4179,"Trust me, I'm one of those pussy doctors or whatever",UNHARMFUL_PROFANITY
4180,to show pictures to the dumbasses that can't do the,UNHARMFUL_PROFANITY
4181,"face (not when they're being assholes), that one wants to",UNHARMFUL_PROFANITY
4183,"finna please this bussy, I don't give a shit anymore",UNHARMFUL_PROFANITY
4185,funny this time of year shit always happens for me,UNHARMFUL_PROFANITY
4194,And you all thought those cvnts would get to the,UNHARMFUL_PROFANITY
4197,curfew because of 1 sick arsehole then she defeats everything,UNHARMFUL_PROFANITY
4206,they release it to your account aint this a bitch,UNHARMFUL_PROFANITY
4211,hot sexy body sexy tits and perky nips want snd,UNHARMFUL_PROFANITY
4224,PF2E with an anime as fuck premise and have players,UNHARMFUL_PROFANITY
4228,"a psychological disorder, known as BATSHIT CRAZY!! Disclaimer: I am",UNHARMFUL_PROFANITY
4229,"with someone else, 100 times getting married... Same shits 🤦",UNHARMFUL_PROFANITY
4230,be active again * Also me: * fucking dies *,UNHARMFUL_PROFANITY
4234,"person, who seems like an asshole, narcissistic much?','''' 😂I was",UNHARMFUL_PROFANITY
4241,Brothers Gibb need to haunt their pasty asses for eternity.,UNHARMFUL_PROFANITY
4249,"getting vaccinated gays ladies and theys, let's fucking goooooooooooooooooo 🗣🗣🗣🗣",UNHARMFUL_PROFANITY
4253,into the mouth of that slut he calls'boyfriend''. There it,UNHARMFUL_PROFANITY
4255,works wonders.... don't let the bastards get you down. You,UNHARMFUL_PROFANITY
4257,"price hike will fix all, what a shower of wankers",UNHARMFUL_PROFANITY
4259,does this company enforce any fucking rules to keep its,UNHARMFUL_PROFANITY
4262,to work were lowkey magical AF. On some driving out,UNHARMFUL_PROFANITY
4263,Leaching ass hoessssss! Ion like det for yall.,UNHARMFUL_PROFANITY
4267,on benders off the wildest shit you can get your,UNHARMFUL_PROFANITY
4268,bear her angst all the fucking time. I want out,UNHARMFUL_PROFANITY
4273,dropped it all in one day?!?!? okay what dumb mfer,UNHARMFUL_PROFANITY
4274,some cough medicine and this shit got me feeling fucked,UNHARMFUL_PROFANITY
4280,you are calling out. And you left out lying bastards.,UNHARMFUL_PROFANITY
4281,be a woman cuz that shit sounds depressing and expensive,UNHARMFUL_PROFANITY
4283,of course republicans. I'm so sick of douchebags spreading lies.,UNHARMFUL_PROFANITY
4284,@user our program needs to get its shxt together.,UNHARMFUL_PROFANITY
4291,down. Moments later his erect cock now slapped to her,UNHARMFUL_PROFANITY
4292,"I'm just sperging like a motherfucker, listening to juicy j",UNHARMFUL_PROFANITY
4307,doing there ' and im like??? why so sudden bitch,UNHARMFUL_PROFANITY
4312,groomer is not shocking but fuck why is it so,UNHARMFUL_PROFANITY
4313,"this now you clown, you fucking shot yourself in the",UNHARMFUL_PROFANITY
4314,this set order of increasingly bullshit rhythm hells until you're,UNHARMFUL_PROFANITY
4316,still acts like a little bitch. Things she does really,UNHARMFUL_PROFANITY
4320,Tampa but ya kno tht bxtch Rona ruined tht too,UNHARMFUL_PROFANITY
4324,shed a tear but tears be wet and that's pussy,UNHARMFUL_PROFANITY
4327,"accepted it.','''' and its like motherfucker how am i supposed",UNHARMFUL_PROFANITY
4328,legally insane for 15 hours. That shit gets old hahaha,UNHARMFUL_PROFANITY
4333,on how I'm a dumb ass broke bitch that can,UNHARMFUL_PROFANITY
4348,make everyone think you're an a-hole is to correct them,UNHARMFUL_PROFANITY
4354,a nasty shock for some fuckers who finally get a,UNHARMFUL_PROFANITY
4360,@user @user Why is my first thought 'ballsack',UNHARMFUL_PROFANITY
4362,he takes it out on @NoLifeShaq ?? What a prick!!!,UNHARMFUL_PROFANITY
4363,@alex Chicago: shitty coupon and discounting tech,UNHARMFUL_PROFANITY
4365,Neven ugly ass up here walkin around wit this damn,UNHARMFUL_PROFANITY
4371,"regenerating. 'One of you regenerating bastards, huh... I don't need",UNHARMFUL_PROFANITY
4382,about that for ages after but he was a dickhead.,UNHARMFUL_PROFANITY
4384,hornyguy cock dick jerkingoff cum harddick hardcock dirtysnap hornygirls cumshot,UNHARMFUL_PROFANITY
4389,Trying not to tweet depressing shit 24/7 but that's really,UNHARMFUL_PROFANITY
4395,media... but I miss you fuckers!! Sooo... I'm back! Help,UNHARMFUL_PROFANITY
4404,was a self-serving piece of shit. Used to dose women,UNHARMFUL_PROFANITY
4410,Hawk games... cod is some fucking trash anymore I swear,UNHARMFUL_PROFANITY
4412,in line last night getting fucking nicotine patches at Safeway,UNHARMFUL_PROFANITY
4436,if I was a cheesy bitch who posted lyrics from,UNHARMFUL_PROFANITY
4444,want real orgasms on my dick or nothing at all,UNHARMFUL_PROFANITY
4447,contain porn or the word pussy 😂 I mean.... I,UNHARMFUL_PROFANITY
4448,@user Playing with that juicy wet pussy.....,UNHARMFUL_PROFANITY
4462,offended by this kind of bullshit technicality. I have enough,UNHARMFUL_PROFANITY
4470,naked. porn teen nude asian ass sex anal pussy latin,UNHARMFUL_PROFANITY
4472,my limit grind and my ping fucking dies i cba,UNHARMFUL_PROFANITY
4478,it comes out the urethra well lol piss it is,UNHARMFUL_PROFANITY
4481,are and FINALLY loving it. Y'all motherfuckers missing out ✌🏻,UNHARMFUL_PROFANITY
4484,"I'm not a heartless money-grubbing bastard. That's why I do,",UNHARMFUL_PROFANITY
4485,video of me fingering my wet tight pussy to? 👀❤️,UNHARMFUL_PROFANITY
4487,up 124 mph clear son of bitch won't even move,UNHARMFUL_PROFANITY
4495,'Here he comes. The attention whore' EU TE AMO ROMAN,UNHARMFUL_PROFANITY
4496,"crime is theft, which has fuckall to do with a",UNHARMFUL_PROFANITY
4505,just ate some musty ass haribo that have been in,UNHARMFUL_PROFANITY
4513,@user It was prepussification of America!,UNHARMFUL_PROFANITY
4515,up together (hopefully) but s//m is a closed fucking case,UNHARMFUL_PROFANITY
4525,girls absolutely losing their fucking shit. good for her. thanks,UNHARMFUL_PROFANITY
4533,tadashi 😭😭 he was so fckn cute how do I,UNHARMFUL_PROFANITY
4541,nobody does. All over only bastards are raising fears about,UNHARMFUL_PROFANITY
4546,"I fucking love history, the past and present of events,",UNHARMFUL_PROFANITY
4548,"everyone is a whore, Grace. we just sell different parts",UNHARMFUL_PROFANITY
4551,"'This franchise is master class, but also fuck this franchise'",UNHARMFUL_PROFANITY
4554,"both users are not only sucking each other off, but",UNHARMFUL_PROFANITY
4568,guaranteed everything slagging her off for cutting him off would,UNHARMFUL_PROFANITY
4571,to the moon cause it's fucking shite here huns x,UNHARMFUL_PROFANITY
4572,Muslim card leke that very asshole made fun of hindu,UNHARMFUL_PROFANITY
4573,CNN and listen to the bullshit they tell you. Aside,UNHARMFUL_PROFANITY
4591,"It's not being a pussy and being weak, it's the",UNHARMFUL_PROFANITY
4592,for an nsfw comm their butthole gets a little bigger.,UNHARMFUL_PROFANITY
4594,our side🤷🏼 capitalism is a bitch and rent not paying,UNHARMFUL_PROFANITY
4595,"I listen back occasionally and go 'ugh, what an asshole',''''",UNHARMFUL_PROFANITY
4609,everyone remember to tug your cocks forward for one hour,UNHARMFUL_PROFANITY
4612,with campaign officials... how the fuck is that a false,UNHARMFUL_PROFANITY
4613,"a robbery LMFAO. as i fucking said, there's people walking",UNHARMFUL_PROFANITY
4617,bad for Oscar I'll give my left titty for him,UNHARMFUL_PROFANITY
4619,end up stabbing some cunt coz people are fucktards 🤷🏻\u200d♂️,UNHARMFUL_PROFANITY
4620,"have to go out, get shit done. But yet, I'm",UNHARMFUL_PROFANITY
4632,am a giant sack of shit even tho I am,UNHARMFUL_PROFANITY
4634,evidence based policy as part of your partisan BS. Gross,UNHARMFUL_PROFANITY
4636,@user @FortniteStatus Holy fucking shit. I want to bang the,UNHARMFUL_PROFANITY
4638,the future instead of such a pathetic little bitch 😖🥺,UNHARMFUL_PROFANITY
4641,"baby boy, diver peice of shit, who cares about parties",UNHARMFUL_PROFANITY
4642,receiving • @JoeBiden • Piers shitstain Morgan • Rhode Island,UNHARMFUL_PROFANITY
4644,to make you scream with pleasure that you are cumming,UNHARMFUL_PROFANITY
4656,"You have to be a fucking troll, trying to get",UNHARMFUL_PROFANITY
4662,"shame, we lost 4-1 to fuking Watford after b2b failures",UNHARMFUL_PROFANITY
4668,dudes who sing in ya ear for pussy and they,UNHARMFUL_PROFANITY
4676,"physically, emotionally & spiritually gon na get it tf together.",UNHARMFUL_PROFANITY
4688,@user I'd eat that ass and pussy,UNHARMFUL_PROFANITY
4692,broke biddie 🥴 the things my bougie ass love 😂,UNHARMFUL_PROFANITY
4700,and tells me to stay strong.... Whaat a DICK lmao,UNHARMFUL_PROFANITY
4705,can't stand TikTok I know mufuckers that spend hours on,UNHARMFUL_PROFANITY
4706,Dos a cero motherfuckers,UNHARMFUL_PROFANITY
4708,every time i see a fucking ‘ unmask the kids'sign,UNHARMFUL_PROFANITY
4709,girl vibes and I never liked those kinds of bitches.,UNHARMFUL_PROFANITY
4711,in talking stages - Are you fucking or not?? 🤷,UNHARMFUL_PROFANITY
4717,when beomgyu's being a lil shit and beomgyu who doesn't,UNHARMFUL_PROFANITY
4723,"among the sand, let those fcukers freeze because I don't",UNHARMFUL_PROFANITY
4727,know rose petal. Hearing this shit all the time is,UNHARMFUL_PROFANITY
4732,that changed the game... especially you AJ wassup my nigga,UNHARMFUL_PROFANITY
4737,on today' and you're like TF I DO. Not today,UNHARMFUL_PROFANITY
4738,@Klarna @user What the fook is this shite @user Did,UNHARMFUL_PROFANITY
4740,These motherfuckers be on clubhouse all night 🤣🤣🤣,UNHARMFUL_PROFANITY
4742,truly depressing. Have fun beating shitty teams for a while,UNHARMFUL_PROFANITY
4755,are still siblings and it's fucking weird to ship them,UNHARMFUL_PROFANITY
4756,I can't even work out wtf he is talking about.,UNHARMFUL_PROFANITY
4757,"phone like 'wow you don't trust me', shit like that",UNHARMFUL_PROFANITY
4764,"when you hear the sound 'who-di-whoooo!','''' Run for cover, motherfucker",UNHARMFUL_PROFANITY
4773,hopes that he like crazy awkward big tittie bitches 💖✨,UNHARMFUL_PROFANITY
4775,dammit i was supposed to have my second personal training,UNHARMFUL_PROFANITY
4779,for 2 days and this bitch was exactly where it,UNHARMFUL_PROFANITY
4780,in corrections or in the court part... It's so fucked.,UNHARMFUL_PROFANITY
4785,better than everyone' yet this bitch never stfu so I,UNHARMFUL_PROFANITY
4789,not let Robertson off because they fecked up kane one,UNHARMFUL_PROFANITY
4795,hurts bc my mind is fucked frm this stupid ed,UNHARMFUL_PROFANITY
4802,invented in my dreams called milfs 🔴 older woman and,UNHARMFUL_PROFANITY
4811,"Get in, what a c * nt. 😁I was there",UNHARMFUL_PROFANITY
4822,"oil, one that's seen some shit and sure might be",UNHARMFUL_PROFANITY
4836,your rl a for the media ass bitch like wtf,UNHARMFUL_PROFANITY
4837,Chuck another fooker in at Sha Tin r1..... 9,UNHARMFUL_PROFANITY
4843,wan na be able to fly or something. Shit. 😭,UNHARMFUL_PROFANITY
4844,"on BBCBreakfast Gloomy weather forecast, shite cricket score, cancelled footy",UNHARMFUL_PROFANITY
4851,same one where Nichelle Nichols cusses her whores out lol,UNHARMFUL_PROFANITY
4852,shancat phone and wan na bitch about it... U can't,UNHARMFUL_PROFANITY
4854,"nonsense 4.5 yrs ago, right? STFU, you miserable turd of",UNHARMFUL_PROFANITY
4858,"Link is just 'nah this bitch helped steal my bird,",UNHARMFUL_PROFANITY
4865,sucks the anxiety out of tamakis cock,UNHARMFUL_PROFANITY
4867,rn and say I f * cks w/ both of,UNHARMFUL_PROFANITY
4871,dad n these fools (10) motherfuckersdont know how to act/,UNHARMFUL_PROFANITY
4873,field to play at. Is it named for these asshats?,UNHARMFUL_PROFANITY
4875,wow. I wonder how that motherfucker lives today knowing what,UNHARMFUL_PROFANITY
4878,commit their disgusting crimes because cocks in frocks are too,UNHARMFUL_PROFANITY
4880,I was squirming and saying fuck Scott: are you cumming,UNHARMFUL_PROFANITY
4881,a colostomy bag... why am I so obsessed with shitbags?,UNHARMFUL_PROFANITY
4892,Why make such a big deal over a little prick?,UNHARMFUL_PROFANITY
4895,"jule, and ubreea light me tf up today 🥳♥️ I'm",UNHARMFUL_PROFANITY
4897,"way you are an egotistical douchebag, Annabelle. The complete opposite",UNHARMFUL_PROFANITY
4898,"@user Nice body, like the shaved pussy",UNHARMFUL_PROFANITY
4900,"crisis, or (ii) he's' being a cockwomble, as usual... 😳😳😳",UNHARMFUL_PROFANITY
4914,up money will make any mf happy idc what nobody,UNHARMFUL_PROFANITY
4930,"@user Yep. A terrible, evil bastard who also did some",UNHARMFUL_PROFANITY
4936,appreciated thank you so much please please please fuck please,UNHARMFUL_PROFANITY
4964,"having this nasty ass after COVID cold, but supposedly 'getting",UNHARMFUL_PROFANITY
4969,in my living room and shit but what if my,UNHARMFUL_PROFANITY
4974,"ballad in xiuolo, the remaining songs need to give cvnt.",UNHARMFUL_PROFANITY
4977,friends roommate is proana as fuck i want to be,UNHARMFUL_PROFANITY
4982,yall thought Teofimo was hot shit but YouTube got videos,UNHARMFUL_PROFANITY
4984,@sophielouisecc The two bellends presenting it will get weeks 1,UNHARMFUL_PROFANITY
4987,"@user Act shitty with people and they',''ll' see you as",UNHARMFUL_PROFANITY
4991,I am sorry as a fucking women I been denied,UNHARMFUL_PROFANITY
4993,got spoken to like absolute crap last time I spoke,UNHARMFUL_PROFANITY
4996,"@user @user Beat it up, nigga, catch a charge Extra",UNHARMFUL_PROFANITY
4997,sucks! I'm such a selfish bitch! But I need my,UNHARMFUL_PROFANITY
0,"Morning twitterland, cold grey morning here, up off and out",NONE
2,@TSN690 that was close: A request from Bell Media to,NONE
3,"I've had enough of Alice's guilt and Chris's seething, barely",NONE
4,Scientists at the UOHI have identified an exciting new potential,NONE
5,@POTUS And yet it's better than nothing and costs you,NONE
10,"Same. Anyone retweeting even after what happened today, is totally",NONE
11,chemtrails over the cuntry club,NONE
13,"@ACLU The term transgender is so broad now, I'm surprised",NONE
14,@deray The NY Times morning email was all about this,NONE
17,That most depressing McDavid goal ever 😔 hyman,NONE
19,"Andrew has a particular disdain for teachers, especially state school",NONE
20,Alot of people are using Instagram more to connect with,NONE
24,"not new to edtwt, but new account! yiu (or yua)",NONE
25,I just switched to light mode and i can not,NONE
26,HAHAHAHAHAHA WHAT I THISSSS guyss im new to edtwt 🥺💞💞💞🥺💞💞🥺🥺💞,NONE
28,"@bgmasters a) I'm' not that smart, but I have read",NONE
30,"@SkinCeuticals Phyto Corrective Mask contains 9 % soothing botanical extracts,",NONE
31,You should be more sensitive to the thousands of farmers,NONE
33,Was asking him to check how much the platform tolerates,NONE
34,@thedailybeast Oh! But it's ok to have some alcohol or,NONE
37,my disordered eating is so obviously passed down from her,NONE
40,Trans people are not mentally ill. Any more than gay,NONE
43,"@stonewalluk Cavanagh said that membership is to protect employees, indeed,",NONE
45,"maybe im wrong, not sure, but at the very least",NONE
51,"Proverbs 21:8-9 the way of a guilty man is crooked,",NONE
54,@NoisyMV @user Maybe you need to step back and think,NONE
55,Only way to deal with researching and dealing with disinfo,NONE
56,If he had Assange might have been suicided and Trump,NONE
57,@GadSaad I was just thinking about cultural appropriation today. Is,NONE
62,Its depressing af that u cant play a decent shuffle,NONE
63,Okay? If it's just trauma dumping then obviously she's in,NONE
65,And now both Chelsea fans and Inter fans don't want,NONE
66,Because my manic depressive disorder is accompanied by SAD: 100,NONE
69,DemocratsDeliver when it comes to keeping the doors to small,NONE
71,😭😭 i was impatient i didnt want to wait 2,NONE
74,Tonight on @user 💊Fake pills disguised as a prescribed oxycodone,NONE
75,The thing about Florida is that a lot of progressive,NONE
77,RIP sa friend/teammate ko... depression sucks talaga... 😢 if you,NONE
78,I need to appease my inner demons somehow so I'm,NONE
79,I asked my family is they could help me replace,NONE
81,are you new to edtwt?,NONE
83,designated tevme of edtwt,NONE
84,@MTashed @user It's got ta be a joke. His account,NONE
86,"@eliehonig * Nor can you un-incite a riot physically, mentally,",NONE
87,"Yea, someone convinced him that he needs to try damage",NONE
88,and on the flip that video of big boi talking,NONE
89,@Boogie2988 Pissed my therapist off to the point she said,NONE
92,@opensea @user Does anyone with a dragon NFT get on,NONE
93,"(to be complete, if the link somehow doesn't work: ~48:00",NONE
96,"Hydrocortisone cream, or zinc if it's looking like it could",NONE
97,"the lights out theme here in twt is so weird,",NONE
99,"@DeniseKEvans Looks like a lineup purely to stop Chelsea, rather",NONE
100,"Haha, it's gon na be a while until I get",NONE
103,Want to sell his house he didn't want to have,NONE
104,I told my team this week that if you ever,NONE
107,"Let's burn what's evil, depressing and sad with HolikaDahan and",NONE
108,"So after asap pa darna kana pala Joshua Garcia, Basta",NONE
110,tw // disordered eating / maybe ed idrk - -,NONE
112,Cruise in June. Got ta get mentally and physically right,NONE
113,At least they sometimes remember California exists. I remember when,NONE
114,@kharge Congress leaders are on a suicide mission!!,NONE
115,Focusing on shifting my pattern of guilt-tripping myself for not,NONE
122,Real friends must understand that you won't always be physically,NONE
124,Finally took my psych meds I was supposed to start,NONE
127,kp0p id0l snapchat meanspo i have saved to an album,NONE
130,wait is it that image of the anime woman deep,NONE
132,did u saw crackers related twts on tl???,NONE
133,oh you're on dinotwt? are you in love with tied,NONE
137,the number of character that i have tried to do,NONE
138,when people start blaming geralt's suicidal ideation on yennefer 😞,NONE
139,@bmstores @user Throwing Jimmies into the mix because they were,NONE
140,If 'letting your hair down' means you relax and enjoy,NONE
141,That snow pics looks so good on y'all skins this,NONE
145,Stan twt never makes any sense to me. Likeee why,NONE
149,"I totally understand that, you hide your sadness because you",NONE
152,i need ya to stop feeding the crows… bagels? ‘,NONE
154,trauma dumping in my drafts fo today x,NONE
155,Howie is a joke. Need a football guy as GM.,NONE
156,Can't go on like this forever... Well we could but,NONE
158,There is a lifetime memory when you contribute and grow,NONE
160,Melissa is an entire clown. Her only storyline is to,NONE
161,Sally Rooney's' NormalPeople is captivating in the sense that you,NONE
164,Classic European Commission as Von der Leyen botches apology for,NONE
166,sfhjhjf her entire storyline is her dad being emotionally and,NONE
169,@DifficultNerd Looks like even respectful discourse is triggering some people.,NONE
170,"It's looking great, even better than previous games. I love",NONE
172,"so junkyu, yedam and jeongwoo, where is the full ver",NONE
174,"@JRubinBlogger But, they would have lost seats in landslides as",NONE
177,i keep having dreams of my axolotl jumping out of,NONE
180,So what were the mechanisms that inhibited women from contributing,NONE
182,"@Koreaboo so it's,''Accusation' Day',''' today in korea Btw true or",NONE
183,"Hey man, it is real and from the heart! Keep",NONE
184,theyre literally two weekly greetings away from calling me a,NONE
185,On painkillers so probably not thinking straight today,NONE
187,I'm not trying to scare you but present circumstances are,NONE
189,I decided to join a zoom where post grads talked,NONE
191,Feeling depressed and lonely. Tired of fighting. I'm struggling today.,NONE
192,Sir @JoeBiden I don't understand how I follow the rules,NONE
193,"@DailyMirror Well, the risk factor changes just a bit when",NONE
194,"I am sorry, I suffer from lack of dental access,",NONE
195,I think we are not talking abt Jun s solo,NONE
197,"Mfs really trauma dump like 'DO','N'T' TALK TO DADS','''' AND",NONE
198,Me: you're my trick that turned into my treat Hubby:,NONE
201,"There are anti-otherthingers, like opioids and blood transfusions. But that's'",NONE
203,When a party puts its Central Ministers and MPs for,NONE
205,He needed to be ousted 30 yrs. ago for his,NONE
206,Trigger warning depression and suicide. Pain doesn't go away. It,NONE
207,She irritated me from day one. I have little time,NONE
214,My 6 year old nephew stayed all weekend and yesterday,NONE
215,Mood and Behavior Spending time in gardens can assist persons,NONE
216,this is kinda dark but I wonder how many people,NONE
217,I dislike how much fuss some people make over a,NONE
219,Yes. I want to scream at her lol,NONE
226,@LukeBraunNFL Was James Lynch just slithering around on the ground,NONE
227,"Ah okay. Just curious abt it yk, since for me,",NONE
228,So I had my Coke Zero and painkillers and I,NONE
229,My dad and I both get driven mad by inconsistent,NONE
231,"maybe soon i',''ll' start accepting payments thru paypal BUT there",NONE
232,"Well, I don't know why you're expecting some kind of",NONE
234,start saying horny jeff moment whenever anyone does something horny,NONE
237,@maureenjohnson And where I'm s your proof this new variant,NONE
239,NHIF. A cavalier doctor is intriguing only if your watching,NONE
240,Never feel guilty for choosing yourself.,NONE
242,Being someone who can't do anything other than wait and,NONE
243,IM WRONG do you remember why uyou fell in _____,NONE
244,MAJOR OMORI SPOILERS //.... - Hero definately becomes depressed again,NONE
247,@JustinWhang Not going to lie. It's funny at first but,NONE
248,Always good to talk to a professional if it becomes,NONE
253,@FabrizioRomano @Matt_Law_DT Glad you think they are worldclass but frank,NONE
256,"@GBNEWS She's an 18 year old girl, she's supposed to",NONE
259,Is @user going to address what happened to Hana Kimura,NONE
260,"We',''re' demanding the removal of limitations and unreasonable restrictions set",NONE
264,I think its because Chelsea makes him feel so damn,NONE
265,Microsoft and Xbox gave me one of the greatest franchises,NONE
266,Idk who's' building a tiny home behind the subway parking,NONE
268,The cool thing about adhd is that if you let,NONE
269,I ‘ d like to request 'Dynamite' by @BTS_twt .,NONE
270,@GovRonDeSantis The young man did not have a criminal record,NONE
273,@OwenJones84 He seems so determined not to allow the Tories,NONE
275,"No stream this weekend, gon na take some time to",NONE
276,"Politics and Covid-19 aside, how is everyone doing. Stay safe",NONE
277,Innocent until proven guilty… or am I in the wrong,NONE
278,We are pharmacist and running a Twitter trend today in,NONE
280,I actually like to listen to instrumental music while writing,NONE
281,"Not to sound creepy, but this is 100 % my",NONE
282,Does your definition include the freedom to speak out against,NONE
283,The study would continue to follow me (and my antibodies),NONE
287,@BTS_twt Loved seeing the smile on all their faces. They,NONE
288,@jbbrisco There had to be a 'hangover' eventually right? Two,NONE
292,@Sifill_LDF @rickhasen Only Americans enslaved people. No other society with,NONE
293,Anybody else ever hear parents talk to children in public,NONE
294,@Ebonyteach This is also why we had to endure things,NONE
295,Vardy and Maddison have that chemistry that only 2 absolute,NONE
297,i'm a savage uhh classy bougie ratchet RUBINA PARAS IN,NONE
300,There is a universe where my editor asking me to,NONE
302,"Very thoughtful Lucy, jokes so often hide a deeper sadness",NONE
303,... your ordeal but still standing strong. Don't give in,NONE
305,@warriors @juanonjuan10 @mosesmoody @KlayThompson Talk about after the game,NONE
308,"It was all confusing, nothing was clear apart from they",NONE
309,@USATODAY Depends on why you feel that way. For example;,NONE
310,"Note to self don't read any kind of News, it's",NONE
311,stop i just realize that one time in the comics,NONE
315,seems unreasonable to demand that after i accomplish the heroic,NONE
316,My own @user discouraged me from listening to them. He,NONE
317,"His other masterpieces, I think, are Tender Prey, Let Love",NONE
319,"My 18th year was a rough year physically, mentally and",NONE
320,"Actions have consequences, what happened to him was his own",NONE
321,The thing is we should stop all the blame on,NONE
322,"@WalesOnline Imagine if they could invent a motor car, then",NONE
323,y'all need to really stop with the guilt tripping-type tweets...,NONE
326,time get tough and start feeling anxious and scared..,NONE
327,Your wrong mate That's middle class Maybe upper middle class,NONE
331,// sorry i had to make a new pinned the,NONE
333,Great news! Fiz0r has a flew vaccine ready for public,NONE
334,deer attempted suicide rate up 100 % in recent study,NONE
335,if it's hard to process the thought that sana is,NONE
336,this is mental illness???? I thought its normal😳😳. I am,NONE
337,want to scream and throw a fit,NONE
338,"I remember solo-ing the entirety of sapphire with swampert, so",NONE
340,the uc website is down and my phone appointment is,NONE
341,@GMB like to say they are in support of mental,NONE
342,I have my second session of trauma therapy today. I've,NONE
344,I mean... you're not wrong 🤣🥵 But that's physically not,NONE
345,@kathrynw5 My son had a car accident in 2014. Coma,NONE
346,"I drink a lot of water, make sure I have'",NONE
347,yeah my levels were fine too but i was sick,NONE
349,@RichLowry Everyone is funny when they are jacked up on,NONE
350,I tell all hospitals that I am severely allergic to,NONE
351,hhhhh its triggering and violent but its one of my,NONE
353,Only in the Democrat Dreamland can something be both premediated,NONE
354,CBIEnquiryForSushant justiceforsushant SushantSingRajput SSR Sushant can't commit suicide it must,NONE
355,"chanwoo is ikon's maknae on top, he's dance line, he's",NONE
356,"@nytimes It looks like the plan is $ 2,000 annually",NONE
358,@RandPaul Our republic will soon be dead on arrival. The,NONE
361,I * hated * being a girl. I was anxious,NONE
362,my dad just said something abt how i always have,NONE
365,Let's use the Cle-Pitt playoff game as an analogy to,NONE
366,@ArmstrongDrew @NateSilver538 Better than his target... using nasal sprays that,NONE
367,"@MalcolmNance He's either being blackmailed with a serious crime, or",NONE
368,Absolutely right! Their logic is nonexistent. People don't OD bc,NONE
370,contemplating if I'm' gon na do some physical workout bc,NONE
381,"Before you're diagnosed and prescribed hypertension medicine, please get at",NONE
382,"Somewhere along the line, certain Americans were convinced that: 1:'",NONE
384,Yup. Most aspects of my life currently seem to be,NONE
385,@ScottAdamsSays The analogy was used to clarify the topic of,NONE
388,Tho i wan na know bc i feel like i,NONE
390,"You are not the only one he is responding to,",NONE
393,"mentally and physically, i am not prepared for spring quarter",NONE
397,hey big juicy can u plz one of your famous,NONE
398,"Honestly though, part of the appeal of star trek is",NONE
402,Pablo would push half of the SW fanbase into a,NONE
404,finna default dance on the graves of the kids in,NONE
408,have u ever talked 2 a man and they tell,NONE
412,oh god i feel physically ill my stomach hurts like,NONE
413,It is disappointing that so many people are more invested,NONE
414,May be to add/pass Sulphuric acid to solid NaCl to,NONE
415,"30January48 Joy of independence was short-lived, turbulent with pain of",NONE
422,Therapy is more than simply talking/psychoanalysis. There are modalities that,NONE
424,i just accidentally saw an asian dude eat a sea,NONE
425,"And I, having my degree in and worked in the",NONE
426,@Walgreens Your 'hold' message repeating on nonstop on a loop,NONE
429,"i dont wan na take antidepressants, what if they make",NONE
431,But the commies don't seem interested in letting their child,NONE
432,you can really taste the cholorobenzotrifluoride,NONE
440,the red-pill everywhere on the comment section. Black kings have,NONE
441,Like many people I've been to hell with depression and,NONE
442,Gorgeous new look! I love the movement in your new,NONE
444,So you'd deliberately pick up a snake and inject its,NONE
448,"@TimWilsonMP But has','n't' Wilson identified himself (along with Sharma) as",NONE
449,I have a terrible time remembering to take my medications,NONE
451,This is a very gentle reminder that the word cripple,NONE
452,rlly do get annoyed whenver someone brings up the 'just,NONE
453,Sommeliers but for bacterial culture media. * notes of cow,NONE
457,The Tories are little different than the American Republicans in,NONE
459,I left my old job of 4 years cause I,NONE
461,took a benadryl... i'm on my last leg rn 😔,NONE
462,Finished wild wild country brilliant So a bunch of free,NONE
464,"I've' been going through the ringer emotionally lately, but I",NONE
465,This is so depressing to see so many people in,NONE
466,well click the link then duh,NONE
469,This rug is top tier!! 😍 and of course the,NONE
471,the way my oomfs squeezed more tea from that twt,NONE
472,@BTS_twt You're so beautiful 🤍 Congratulations on your wedding and,NONE
476,it was the early 2000s so he probably would have,NONE
477,@NJ_Timothy I'm not sure what is more depressing. The school,NONE
479,The deeper I go into my 20 ' s the,NONE
480,"Mentally, physically, and emotionally drained! 😮\u200d💨",NONE
481,hmmmm mmm yummy yammy cake.. im excited to eat some!!,NONE
483,Overwhelmed by support of everyone who has messaged since I,NONE
484,I'd get butterflies whenever we sat next to each other,NONE
485,"What do you want? Right now, deaths due to poverty",NONE
486,been here two days at best and some people on,NONE
487,"Had the day off, microdosed in the morning for some",NONE
491,@tota_rc @actorvijay @actorvijay & @VijaySethuOffl MasterFilm directed by Kaithis dir,NONE
493,BRAVE GIRLS VOCALS!!! I want to scream,NONE
494,You scream into the void that you want to be,NONE
496,"Hun it is kinda your fault, maybe you could block",NONE
498,"TwoSentenceHorrorStory My young brother looked surprised to see me, standing",NONE
500,"Can't see your shoes, I'm assuming it was because they",NONE
502,"@WayneDupreeShow Maybe Donald Jr should get a job, as apparently",NONE
504,A mixed day of emotions for myself from a sporting,NONE
505,@doritmi @user @user @user @user @user @user @user @user @user,NONE
506,"Yes I've been told that I'm like a Jehovah's Witness,",NONE
507,I must interrupt your charitable stance here. If one works,NONE
508,Douglass was an outspoken supporter of women's rights. He was,NONE
511,@cjjohnsonjr @leslieodomjr So giving them more money will fix it?,NONE
512,I'm really only attracted to one dude I know very,NONE
513,"Cover me in retinol, forever young",NONE
517,"honestly... not their generation, not their business! i dont understand",NONE
518,@CortesSteve I live in Wisconsin and we have been fighting,NONE
519,I was either buying a mutant or a meka and,NONE
521,@WWE @HeymanHustle @BrockLesnar @WWE RomanReigns @peacockTV @WWE Network One of,NONE
523,Oh I know lots! This is a slap in the,NONE
526,@danwootton 😂😂 nice try - megs has been bullying and,NONE
528,i was scrolling on twt like omg wait?? wish we,NONE
530,i wan na be more active on edtwt but i,NONE
536,@Greenpeace @user @theCCR @user @FrontLineHRD @hrw @The88Project Despite its track,NONE
537,My doctor also asked me how my depression and anxiety,NONE
540,But if the theory is there isn't enough demand... all,NONE
541,Silencing a significant number of voters by not counting their,NONE
542,@VenturaReport @CassandraRules My teen sons lost a 15 year old,NONE
544,Lost a bxtch but found the plug 😅,NONE
546,@CanaryMugume How gayman? How did i need them? Joined on,NONE
547,"@AdamCatterall @stylebender @btsportufc Adesanya, Ngannou & Usman are blazing a",NONE
548,"Sarah, I'm' sorry for the avalanche of emotions this must",NONE
549,@TiffanyHaddish You're disgusting. Someone who has had such a challenging,NONE
550,Challenging myself physically and mentally is the best feeling ever,NONE
551,first he literally supports thinspo and proana,NONE
552,@reformparty_uk Nothing like the Greens in the slightest way. No,NONE
553,so me being me which was completely wrong I lead,NONE
558,"Antis literally threaten us, our family, our friends, threaten to",NONE
559,"@MakeupForWOC Wait,,, i use the cerave benzoyl peroxide wash and",NONE
560,Today 🧐🤔 I will post another sappy poem about me,NONE
561,If you feel depressed and stressed by looking at your,NONE
562,"Walked to the 'friendly local gaming store ,'''' since they",NONE
567,@Ranboosaysstuff @user the fact that i hit 100 subs on,NONE
570,Sandy. I helped a SIL for years get BACK on,NONE
571,With it being National Fast Food Day I'm' curious... What,NONE
572,anyone on edtwt who can give advice about antidepressants? i,NONE
573,sometimes I play Demolition lovers on loop just to feel,NONE
574,"Mechanisms exist within the Protocol to manage its implementation, fix",NONE
575,Mixed two beats down from scratch no presets on dat,NONE
576,@Lei_Takanashi The problem is a mature adult should recognize their,NONE
578,RIGHT? he puts all the negativity on himself and tries,NONE
581,I may be asleep right now but I love Hannibal,NONE
589,You're welcome🙏🏽 i just went thru this for months was,NONE
590,"Okay, fans of TheBlacklist. I just watched S8, E22, 'Konets'",NONE
592,'Don't put all yer eggs all in one basket.' Well,NONE
594,I was confused on whether I should get the deluxe,NONE
596,there's a website for that i think,NONE
598,idk who's mad at me but i feel it in,NONE
601,"they will try, but they would have to bet that",NONE
603,Me: I like eustass!! Friend: he's killed civilians and is,NONE
605,This is quite toxic.... The uke will have a suicidal,NONE
607,This lil baddie gon make a grown man cry,NONE
612,"@htTweets They want to punish business men (except Arhatias), taxpayers,",NONE
615,I think Clippers is the only contenders for Utah in,NONE
618,I'm going to win in my relationships I'm going to,NONE
619,The sad part is that this assessment mentality stretches over,NONE
621,@BTS_twt i am deprived of so much taehyung these days,NONE
622,Someone said they were suicidal and your 1st words are,NONE
624,@ShakuntalaRavat @ashokgehlot51 Pray to God for his good health,NONE
627,Tito's and pickle juice 🤌🏽,NONE
628,"Gabbie Douglass',''floor' routine is amazing.",NONE
630,thinking about leaving edtwt on this account so i can,NONE
632,Watching Attack on Titan since the first season gave me,NONE
635,"Hahaha, with pleasure. I asked exopublicity to rt your twt❤️❤️",NONE
637,stop acting like a celebrity and start interacting with small,NONE
638,I love Nyan Hereos because the rollout is much smoother,NONE
639,kinda wan na write a poem because i have an,NONE
642,today is the day galaxies was supposed to release. but,NONE
645,@AOC One thing they have wrong in the interpretation of,NONE
646,@maxfawcett @user @user @user IMO it's a broad comms issue.,NONE
647,Stocks have little to do with real economy to begin,NONE
649,if ur going to LAN …. whew crusty musty dusty,NONE
652,"Midnight, if someone draws an Nsfw fanart from your Oc,",NONE
655,Eww I'm sorry you had to go through that shit.,NONE
656,❝You're the best.❞ Embracing the clearly excited lass under her,NONE
657,"/TW self harm, if you see my replies on my",NONE
659,We are trying to recover from Pendemic and you are,NONE
660,Non stop sneezing and coughing. Now my nose mcm running,NONE
662,Oh god. Mine would be very long depressing chapters from,NONE
663,@kthorjensen @user but I accidentally took my aderall instead of,NONE
664,@CEPIvaccines @user Ask Stanley Plotkin he'll tell you about @user,NONE
666,@bader_diedrich 😂😂 Yet he still has some toilet paper stuck,NONE
669,I have heard that combinations of the anti psychotic and,NONE
670,@piersmorgan Demi Lovato should have probably attended school more often,NONE
671,"','Ma'am'... this is article is studying the subject of marijuana",NONE
673,Trump still not proved guilty by US Courts still many,NONE
674,@mmpadellan Democrats have to stop eating their own while Republicans,NONE
675,"I did' n't' know the Germans said that. If so,",NONE
683,This just made me go from anxious and scared to,NONE
684,Take 10 minutes to watch random videos that are non,NONE
688,Not Kyle being not guilty on all charges! 🤭🤭🤭,NONE
689,The intention behind this tweet isn't to slag Shaw or,NONE
690,"Yes indeed. The sooner this impeachment trial wraps up, the",NONE
693,I sold Bemodo.com for $ 2k on @user Holding time:,NONE
694,it's so hard when you are a teume and ikonic,NONE
696,"I canceled my meetings, made a burrito, took a leftover",NONE
698,after 4 consecutive years of experiencing such a depressing Christmas,NONE
700,Take zinc vitamin Cand D And drink pineapple juice to,NONE
702,"Ok, so you wan na lay a wager on your",NONE
704,Still depressed at the fact that someone asked if I,NONE
705,+ the making of tobacco and cigarettes involves a lot,NONE
710,"Bathong, this is so triggering! 😭🙌🏽🤣",NONE
712,Might be the vape juice lung lining from a few,NONE
713,Steph brain/body: how about instead of waking up with a,NONE
716,I took prescription sedatives and I'm still wide awake an,NONE
717,My @tiktok_us video was just removed due to 'self-harm and,NONE
719,"This chart doesnt count sales... were','n't' you guus crying that",NONE
720,"Congrats Culprit! With all of your pawtrols, supervising hoodad and",NONE
722,EVERYONE WANTS 2 SEND KIDS BACK 2 SCHOOL 4 N,NONE
723,Wwe take tag division and not only putting 2 solo,NONE
724,the is also the episode in S3 where we get,NONE
726,how similar is our anime taste? (pick your favorite trio),NONE
727,going to buy sushi hoping it will cure my mentall,NONE
728,It's time the birds are chirping!!!! Yassss What's good homie!,NONE
729,Exercise has been the only thing that actually helps me,NONE
730,I heard the moody blues fist started as a multimedia,NONE
733,Having a full time job and going to the gym,NONE
735,"I know a couple of them too. 'Oh, but he's'",NONE
738,bookblogger Twitter like Ohh filling that empty love or like,NONE
741,Listening to E-Books while working 🤑🤑 imherephysicallybutnotmentally💆🏻\u200d♂️,NONE
743,I think that desiring to have sex with someone new,NONE
744,10/31 Created to aid in the discovery of the all-important,NONE
745,stay away from guys who say 'well dont mind if,NONE
749,check out and retweet my pinned tweet!! I follow back,NONE
751,She disrespects you? Leave She makes fun of you? Leave,NONE
753,"Trump, himself, has made long-lasting harmful effects on the presidency.",NONE
754,i mean the gaslighting and guilt-tripping tweets 😬,NONE
758,"@RhythmHive_twt can you just gift me this concept photo, i",NONE
759,you know a headache is bad when advil and migraine,NONE
760,Realized my monologues today are chronically depressed people/horses. What does,NONE
761,@zoo_bear @user So let their state govt. guarantee that MSP.,NONE
762,"Amazing project and nice team, thank you for the Managements",NONE
764,I think I can agree. But her point about the,NONE
767,"Not to be cheesy or like depressing, but younger me",NONE
769,Yahweh is not in a hurry. You are. That's why,NONE
771,reminder: mushrooms are not plants Fungi are closer to being,NONE
773,"Just picked up this tweet, in your hour of desperate",NONE
774,Mostly retweet and like but some tweets too,NONE
776,The funny thing about the dudes that's leaking stuff from,NONE
781,@TheDemocrats committing political suicide by not passing it through reconciliation,NONE
783,The world has completely manipulated a vast number of Christians,NONE
784,@TheFalcoholic @user I don't mind having him back for cheap,NONE
785,Lord knows I'm tired physically and mentally. But I got,NONE
786,I thought this was a 'oh yea hes... * hand,NONE
787,I am a suicidal trans man with baby fever,NONE
788,yeah.. I read it when I just joined the fandom,NONE
789,We sometimes talk and make it seem like Ghanaian greed,NONE
790,hi:) im new to shtwt pls rt to find moots,NONE
791,I love how Tolkien just decided he wanted to name,NONE
792,omg thanks ure too kind to be on edtwt wtf,NONE
793,"Really?! How is that possible?! Twtr filters? I have','n't' followed",NONE
794,Lifetime. But avail it using the coupon code right now,NONE
795,"Looking at the numbers of Zomato and Swiggy, all I",NONE
797,no bc u can't possibly read a book series that's,NONE
798,"Great wee book. A guid balance o',''' depressin wae humour.",NONE
800,Big Brother Ryan and Little Brother Sebastian have shared a,NONE
801,"'Gnat'' third promotional single from project, Em covers such topics",NONE
804,@MikeGapes @user The cause of the problem slags off the,NONE
807,"hello, please help me in my pinned tysmmm!! 😭😭",NONE
808,"@DonaldJTrumpJr I live in Washington state, we were the epicenter",NONE
809,the final conversion of 100s - > 10s is straightforward.,NONE
810,And don't forget to enter our @user contest as we,NONE
811,@jessica_smetana since you're gon na be a part of the,NONE
816,literally if a kid watch those kind of thing its,NONE
817,Haruma's' diary is NOT a suicide note. リアルデモをされる上場企業,NONE
818,"Last week they got 2x money on bunker sales, meaning",NONE
819,"hey besties,,,, i redid my pinned except it's the exact",NONE
820,Still trying to get my thoughts in order about Matrix,NONE
821,"There is something oddly wholesome about seeing a buff, heavily-tattooed",NONE
823,When your kitten is so confused by rain he literally,NONE
826,"Not too fond of him. But my best friend is,",NONE
827,I'm overdosing myself with K series. What to watch next?,NONE
828,@taylorgarron Okay but does it work? Will the dog food,NONE
836,"I'm a typical teenager, I have a messy room, I'm",NONE
837,@JasonKander Guns and cocaine. Not a good combo.,NONE
838,finally decided 2 just tell him i miss him @1am,NONE
839,"Damn that's crazy, it's almost like you're human with emotions",NONE
843,"Automated transactions that users can specify are pretty dangerous, if",NONE
844,They're supposed to announce the final decisions by the end,NONE
845,came on my phone to check how to write a,NONE
848,"Beyond that, suicide watch in any context is a complicated",NONE
849,the royals denied meghan access to mental healthcare after she,NONE
852,"Yeah, it's crap. Some ppl benefit from it though. They",NONE
853,There is a bidirectional relationship between HIV and mental health.,NONE
854,felt so good eating it but the guilt is killing,NONE
855,"On Sept. 27, officials reported that the person of interest",NONE
858,"Who are the left? Anyone. Some are genuinely decent people,",NONE
859,born2bawsome1 more like BORN TO BEAT,NONE
861,David Kariuki Nyaga had locked up his family inside their,NONE
867,@AllCharisma Words can change and harm a persons self confidence,NONE
869,"Jungkook, tattoos, muscles and piercings = my ideal man. He",NONE
870,@JimGamble_INEQE @StephenNolan Yes we get it. You did good but,NONE
872,Around 2015 is when I got seriously invested when Bleach,NONE
873,Why is it fine by the way to objective MIKAYUU,NONE
874,I used to have bad migraine headache almost 2-3 days,NONE
875,I took a few days off from streaming. I don't,NONE
877,Then that mesh jacket from 2.1 I played myself. 3rd,NONE
879,why would you take psychedelic drugs instead of embarking on,NONE
881,y'all have to stop treating your faves like babies it's,NONE
882,He asked me to just get out several times in,NONE
886,"'Yashahime: Half Demon Princess','''' Gets announced. 'The lead characters are",NONE
887,they used suicide as a way to keep me as,NONE
889,What's funny about Texas is they legalized hemp. They have,NONE
890,It's Reagy's first snow accumulation. We haven't had accumulation in,NONE
892,@mmpadellan @user Was there any question of his guilt in,NONE
893,"CorpusCoffeeTime on Wed Jan 13th, 12pm UK time @user is",NONE
894,If we are willing to accept and ignore one instance,NONE
895,"@LindseyGrahamSC Lindsey, just like the last administration had a surge,",NONE
896,Politicians making cannabis legalization promises is like shaking baby syndrome.,NONE
897,I'm always blown away by the number of British Brexit/CANZUK,NONE
898,Having a muscular body is like having a suit of,NONE
899,"cw // medicine, food reasons why im happy - its",NONE
900,Why don't we look at Shoshana herself what she thought,NONE
901,@BTS_twt HappyTaehyungDay VBirthday 뷔생일ㅊㅋ SnowPrinceTaehyung WinterMiracleV SoulSingerV OurWarmGiftTaehyung @BTS_twt thanks,NONE
902,Be prepared to answer those questions and how our topics,NONE
903,@skeatings The day the US hit 100k deaths I was,NONE
904,"Sorry to hear about Helen's' daughter, it is so frustrating",NONE
906,Ala ela anukuntaru.. 🤔She gives equal competition as to boys,NONE
907,@BTS_twt @bts_bighit Creo que llego tarde pero meh I choose,NONE
908,"I just went out for mail, got my thermal paste",NONE
909,"why do I love you? the pain, the hurt,? is",NONE
911,Ahmad i am shehnaazian but i think sana feels protected,NONE
913,That stimmy finally hit my account yall yaasssss,NONE
915,@RashmiDVS @TVMohandasPai Also perfect statement for self proclaimed contractors of,NONE
916,. @drraja_ have you heard of Paediatric Acute-onset Neuropsychiatric Syndrome,NONE
917,my hubs was informed yesterday evening as he picked up,NONE
919,couldn't remember @user name so I had to look up,NONE
920,Genkar You are not the Yaman Kirimli that I know..,NONE
921,I don't eat animal flesh. I eat meat from animals.,NONE
924,"Squirt guns coming from Florida, originally. The two-handed ones are",NONE
927,Q2: What can you do to prepare before intern year,NONE
928,"We',''re' speaking about dealing with trolls, trauma and triggering content!.",NONE
929,He turned his son into a people pleaser with a,NONE
930,This concept and a deeper appreciation of the Necks is,NONE
931,The websites say there are appointments but there are not.,NONE
932,'Innocent til proven guilty' is true and 'if he's cleared',NONE
933,"@foxandfriends If the Republicans wo','n't' back Trump, then I can",NONE
934,I would really like to meet u guys since it's,NONE
936,"was kicked out of the house today, if anyone can",NONE
937,plus the weird property of being 100x better in freezie,NONE
939,"I developed a Pavlovian response, where each morning, I would",NONE
940,We Want AlluArjun Starer alavaikunthapurramloo Hindi Version Trailer on 8th,NONE
942,@talkRADIO Another question of the day: Should radio stations employ,NONE
943,Can't say two planes for full people are definitely going,NONE
946,It was my third. After I went through Dark Souls,NONE
948,"🤔initial relief from mouth burn threat, mixed with panic of",NONE
949,⚠️Long-term use of metformin can lead to vitamin B12 deficiency!,NONE
950,"I honestly can't tell anymore, personally it's such an integral",NONE
953,I will when am done praying and same applies to,NONE
955,@jaketapper But I thought you guys claim to be better,NONE
958,@hartzell965 Why? They weren't forced and parents who sacrificed to,NONE
959,Venturing in the world of crypto & xrpl is very,NONE
962,... the contours of this radicalization also impose an obligation,NONE
965,is there a difference between panic attacks and anxiety attacks?,NONE
967,@cxorlando Yes! Give me more books that don't make me,NONE
968,"As the responsible caregiver, this episode is triggering. InsecureHBO",NONE
969,Hmm odd that you would claim that. I see your,NONE
970,"Girls, it is 40 degrees outside. If you're wearing shorts",NONE
972,@dunemovie What an amazing cover of ` Eclipse `... blows,NONE
973,Real Madrid no longer consider signing Rüdiger it's too early,NONE
976,Me dey a werk a sleep bawse lol,NONE
977,"The 2,790 sq ft Gransden is a wonderfully spacious four",NONE
978,"listening to mitski physically and mentally hurts, which is why",NONE
982,Haha I hear you:) I guess I am usually far,NONE
983,"-- the smoke did not disperse. It simply rotated violently,",NONE
985,Modern art is weird because you lack tastebuds Coffee snobs,NONE
986,@BTS_twt You deserve the world boys! We love you so,NONE
987,Johnny heads into tonight's' game tied with Gary Roberts for,NONE
988,@DrLeanaWen @krispykreme A Krispy Kreme donut literally has 10 grams,NONE
992,I have struggled for years to figure out exactly what,NONE
993,Idk what it is about these pills they've been giving,NONE
996,// Also don't yell at Asta please. It's triggering asf,NONE
997,anyone have any tips on how to get my toddler,NONE
1000,@RishiSunak @user @TheoPaphitis @InnFin @honestburgers @user Perhaps you can discuss,NONE
1001,Articles and columns published in Sanatan Prabhat are not meant,NONE
1006,"Lol he knows that, he said it in his video.",NONE
1007,I'm not ded I just want a break sometimes when,NONE
1009,Stuck. Frozen. Couch-locked with depression and anxiety. This is when,NONE
1010,"A2 Referencing p6, def the fact that the social aspect",NONE
1011,I don't know what I'm' feeling. I'm' happy for @BTS_twt,NONE
1013,"Listen, I'm' adding TTS (@mediawhorefics ) and FALAICR (@Shaichan )",NONE
1017,@FlyTPA @user @user Ooooh. I see now. My bad! The,NONE
1018,I love Chris and how he supports his wife but,NONE
1021,They seem to have the belief that anyone who uses,NONE
1029,if only we could keep up with this rate until,NONE
1030,"i rather be rich, depressed and lonely than poor and",NONE
1032,"Bought monitor last week that does bg, hb, chol and",NONE
1033,@ayshardzn Paling moody kalau suddenly terbukak Era in the morning,NONE
1035,abuse community who are actively trying to have certain mental,NONE
1036,"She's the greatest Owen stan, she loves that boy unconditionally",NONE
1038,best part of living with ur significant other is when,NONE
1039,"(Many years ago, John Hutnyk tried to get people to",NONE
1041,Want to do some good? Break Whitman's out of the,NONE
1043,@kerpen Serious question: who's' ready to be the well-known voice,NONE
1044,We demand an explanation about the issue that took place,NONE
1045,"class: introduce yourself and talk about a few hobbies:) me,",NONE
1048,@Naija_PR I don't understand. Is there a link? Let me,NONE
1049,"I did the 'right','''' thing and ramened it, still plugging",NONE
1050,"@marcorubio Nah. That's what you republicans would do (evidence, impeaching",NONE
1051,@akshaykumar @user @kritisanon @Asli_Jacqueline @ArshadWarsi @NGEMovies The weird fact here,NONE
1052,This is a sub but this goes for multiple ppl,NONE
1054,"We can scream until our lungs bleed, but no voice",NONE
1056,Your Akian was so cute and sweet that cause d,NONE
1059,Someone needs to start a space just telling horrible minging,NONE
1061,Ana dayman lama afteker en 3ndi final draft due in,NONE
1063,No cases dropped in counties that closed borders. But as,NONE
1064,In 10+ years on there I have yet to have,NONE
1065,@sdut @user California DOES have a cellphone ban; but just,NONE
1067,The fact that 37 year old Lebron is our best,NONE
1068,@FLSurgeonGen On another video you say stop testing? You can't,NONE
1069,this is why I'm in openmindedtwt,NONE
1072,"I like running with my eyes closed, falling from the",NONE
1073,"@piersmorgan Social media would disagree, plenty are interested in them.",NONE
1074,"@NickCannon BOO, you could have took off the ballet shoes",NONE
1075,"Man, I still remember doing central lines in my white",NONE
1078,"Cops were present and there was still millions in damages,",NONE
1080,Is Doyoung challenging his inner thot? Hoe? But I'm not,NONE
1081,Oh no eek don't say that Alice I've just had,NONE
1088,@thetimes The reporting around vaccines in many countries has been,NONE
1089,But I am so scared of it happening now. To,NONE
1091,"Not only that, but people are WAY less likely to",NONE
1093,k now what's the somg,NONE
1094,honestly i think i have anxiety 😭 i was telling,NONE
1097,"Being a caregiver and advocate for my mom, diagnosed with",NONE
1098,Im seeing a dentist tomorrow to schedule my wisdom teeth,NONE
1102,'Actor/Tory Politician clamors for idealised lifestyle of the dark age,NONE
1103,You are the warm breeze that pass through me when,NONE
1104,The number of people who just completely missed this joke,NONE
1107,Rather not destroying it but damaging those big dogs who,NONE
1108,I want to scream,NONE
1109,Sounds like a lot of people don't know how being,NONE
1110,Wow the show MAIDNetflix is amazing... and triggering. I just,NONE
1112,no no no what it is is that im getting,NONE
1113,Good to Remember You don't have to do it alone.,NONE
1116,It could be! Try treating with otc cortisone cream for,NONE
1118,About to turn up mentally and physically 😤😈,NONE
1119,Bring online can be really depressing when you aspire to,NONE
1122,The mainstream entertainment industry is booty right now. Where are,NONE
1123,I like to theory that Kuroro was emotionally at Hisoka's,NONE
1124,"I have been laying in bed for 6 hours, not",NONE
1127,In church and all I really want to do is,NONE
1130,Thank you! 😊 I think it may be my favourite,NONE
1131,I'll start collecting shoes nalang ulit when the REAL class,NONE
1132,"If you like horror games, I definitely recommend. It does",NONE
1133,@KurtBusiek As someone without any relation to the Dr. Seuss,NONE
1135,I think we have 2 thank God 4 her ruling,NONE
1136,"@RepMTG @RepGregSteube I don't mean physically dangerous, I mean potentially",NONE
1140,"Bannon is unwell, mentally and physically.",NONE
1141,Can I buy him some new shoes? He got these,NONE
1142,Please god make 2022 better year no more stress no,NONE
1146,i think the reason so many of us find edelgard,NONE
1147,"I find it surprising that more physical players are','n't' using",NONE
1148,🤍 sagittarius aries pisces libra 🤍 there's passion here. there's,NONE
1149,We love a pepto-bismol color pallette.,NONE
1150,What TPLF is capable of: Rape girls wearing EPLF uniforms,NONE
1153,"And as for a new story, the concept is cool",NONE
1155,OHHHHH SAM this is so moody i LOVE the colours!!!!!!,NONE
1156,putting delta 8 syrup in my kratom juice so i,NONE
1158,hello darling. I just wanted to reach out and let,NONE
1160,Hey People! Have tried run the verification several times. It,NONE
1166,told myself not to post old concert clips bc i,NONE
1167,"The girl on the right most, cries alot is sweet",NONE
1169,This is true actual in person dialogue is very important,NONE
1170,"@BillKristol Yes, and he's facing two counts, each 1 year",NONE
1171,This old mf tells me 'nah I ain't using cbd,NONE
1172,@SuddenlinkHelp your email saying our outage was resolved is wrong-,NONE
1173,Fall prevention interventions had significant effects of on perceived risk,NONE
1174,"sleep paralysis sucks, for me it comes and goes depending",NONE
1176,not in like a edtwt skinny way but in a,NONE
1177,@BTS_twt I used to have a phone like this before,NONE
1178,@SheilaGunnReid @ezralevant Which one was going into gay clubs after,NONE
1182,Amhara forces are sponsored by @user administration in their conquest,NONE
1183,Just for the clicks and views. Because any time they,NONE
1184,— drop the new tags for d: a tracklist!,NONE
1186,Hey Mark.. have you got a list of musicians that,NONE
1187,Being a yuuji stan is hard... In fandom you're being,NONE
1188,Thomas Markle is a prime example of needing to cut,NONE
1190,S/o to @user to putting me on to the best,NONE
1192,As you recover from an illness and receive multiple prescriptions,NONE
1195,"@IanWright0 You',''d' only hear part of the first answer as",NONE
1200,"Even though I have about 40 things to do today,",NONE
1201,being nice isn't working anymore maybe atinys have a degradation,NONE
1207,"So, rapid tests in hand, we set off for 2",NONE
1208,The problem with that for me is that I get,NONE
1210,in their fight to come back to him. [ He,NONE
1215,there's a whole bunch of little things that causes burst,NONE
1220,⚘I think i'm just going to drop everything and stop,NONE
1221,Agricultural cess applied on several goods including a 100 %,NONE
1223,@WorldOfWonder @theelliottqueen I love this lady. I've struggled with depression,NONE
1225,I don't eat shark and don't support it. Look it,NONE
1226,"@Breaking911 Now take out the bridge to Canada, 100 mil",NONE
1230,omg I'm sorry I forgot the credits © to cheolsdaisy,NONE
1231,One time he did it and it got more likes,NONE
1233,... I have' n't' been able to dig into movies,NONE
1234,wanted to get rid of it in my bio so,NONE
1237,This year was a race for achieving identity.... But I,NONE
1241,"Most of the time, Marshallese parents think suicide and depression",NONE
1242,Every dating site has failed. Nobody showed any interest in,NONE
1244,"I take 2 different kinds, I have been on antidepressants",NONE
1245,the way i was obsessed w btr and i thought,NONE
1248,question: Is Trump guilty for the death of 4 persons,NONE
1251,"This fall🍁 is strictly about getting more $ $, staying",NONE
1252,My training workshop suggested silence kills. Its interesting to ask,NONE
1254,this is my daily depressing tweets: TODAY i listen to,NONE
1255,In any just world this government would be on trial,NONE
1256,@JuddLegum They didn't want to convict him the first time,NONE
1257,"Maybe it's just my kink, but... BLONDES AND GINGERS, stop",NONE
1259,@JLPtalk Politicians don't understand how detrimental their sick political games,NONE
1260,"them another. I do want to discuss, as a nonbinary",NONE
1262,saving thinspo on my phone always makes me nervous bc,NONE
1266,"BREAKING: AstraZeneca's US Phase III trial finds',''no' increased risk of",NONE
1267,YEAH I think the arc with the scary platoon is,NONE
1269,lmaoo ik ur not a weirdo,NONE
1271,Probably Thomas is out there depressed and lonely.,NONE
1273,If you are like me and the holidays are a,NONE
1280,Oh dear oh dear. NUST are trying to do things,NONE
1281,@DrSarahWakeman @user @maiasz @user We don't call people dependant on,NONE
1282,Why? Do I look like a fan of the artists,NONE
1283,@marcomendicino Very wise thoughts Mr. Minister.We approved COPRExpired are more,NONE
1284,Honestly... I kind of just want to study mycology and,NONE
1285,"We're' hiring in GlenBurnie, MD! Click the link in our",NONE
1289,"@BreitbartNews Yet, for 4 years, Democrats claimed the 2016 was",NONE
1291,"Lately I've been feeling very depressed, I lost all my",NONE
1293,I want to see this presentation! This screams my name!,NONE
1295,Yall need to tw weight and body image more bc:,NONE
1296,and I changed a lot? for the best... I think?,NONE
1297,It doesn't affect her parnassah. & some Jews honestly don't,NONE
1299,"Viral triggering in Denmark - very complex, but nothing to",NONE
1300,half of solo army twt has me blocked bc of,NONE
1301,@petercoffin @user I acknowledge edge cases. I am not advocating,NONE
1302,This is so likely since I believe Rei stopped being,NONE
1305,"so always tattoos, piercing and cutting your hair is a",NONE
1309,5 of my students went out over the weekend &,NONE
1310,@mtracey @user When your entire game is triggering liberals while,NONE
1311,Aw don't even 😳 I just caught up the other,NONE
1312,"In fairness, he's' probably got much higher rent on account",NONE
1313,Okay this episode is annoying and crazy depressing,NONE
1318,@Suhelseth @CPDelhi @DelhiPolice Govt would have been criticised either way.,NONE
1319,Library and Gym equals a rather substantial abode … keeping,NONE
1320,"K, so first, what you're saying has zero to do",NONE
1324,Also trying to extort money from the twins and making,NONE
1326,"@SuzanneEvans1 @user I fear for the snowflakes amongst us, whom",NONE
1327,@MrsSOsbourne @piersmorgan That is a dangerous mentality. Suicidal ideation can,NONE
1330,There is another side to the story. Thanks to the,NONE
1331,Upcoming lockdown activities in week 8: -TV Show: Peaky Blinders,NONE
1332,"@elonmusk If it was any other stock/company, I'd say it",NONE
1336,I am so sick of being told my experience is,NONE
1340,"and the ones on twitter are probably taken aback, jokes",NONE
1342,Just remember your horses are totally okay with just being,NONE
1344,"I hate to see my family in pain, it physically",NONE
1345,I'm too cute to be this stressed and depressed 😭,NONE
1346,"they should have put bits of griptape, a surfboard and",NONE
1347,the fact is people are being ostracised People have lost,NONE
1350,Self discovery journey is harder than I thought. It hurts,NONE
1351,On the flight to Texas I read a few manga.,NONE
1352,I want you to play Dynamite by @BTS_twt MostRequestedLive Dynamite,NONE
1353,Insane girls. Lem me tell you bout Austi you could,NONE
1354,Exactly. I'd like to hear about people just being decent,NONE
1355,Does anyone else have an obsessive abuser that consistently tries,NONE
1356,I wish no person ever had to feel depression or,NONE
1357,This has to be said women go through more things,NONE
1360,I was always very harsh when my girl got this,NONE
1362,not me listening to my founding father @callherdaddy @alexandracooper ‘,NONE
1363,(´ - `).。oO (been a while since i've' been active,NONE
1364,"@Vikkstar123 @ATVIAssist I totally agree, that is why in my",NONE
1367,i played like an idiot and braindead silver,NONE
1368,The only agency/department with powers during the pandemic was the,NONE
1369,"see, my read of barro's tweet is that it's treating",NONE
1370,Wow. You seems lonely and depressed,NONE
1372,@MikeSchlossberg @GovernorTomWolf @RepSusanWild Thank you for being vocal. When I,NONE
1374,It was on a knife edge... I will feel pangs,NONE
1375,The hardest questions you'll ever have to answer! 1. uuh,NONE
1379,someone knew it already... I didnt even teach it... I,NONE
1380,Thanks. I'm'... not as deep in the hole as I,NONE
1383,I have increasingly come to believe that the only way,NONE
1386,"Oops, didn't see the video link.",NONE
1390,Quick reminder to anyone who has ublock origin that you,NONE
1391,@BTS_twt youre so talented and amazing,NONE
1393,"I'll watch it later today, but my entire job is",NONE
1395,BREAKING The IslamicState group claims responsibility for the deadly twin,NONE
1396,"In case you did' n't' know already, anyone from NSW",NONE
1397,"@laurenpattison I never had mushrooms, pasta, broccoli, Chinese or Indian",NONE
1398,@BTS_twt happy lunar new year seokjinnie 😭 i missed you,NONE
1399,I got ta stop eating 1 meal a day,NONE
1400,it's supposed to get down in the 40s tonight I,NONE
1401,Abolishing capitalism is an anti-depressant,NONE
1403,almost a year i think. or more honestly idk i,NONE
1404,@Louis_Tomlinson i'm so incredibly proud of you!! you have absolutely,NONE
1409,@WalshFreedom I tell them how my 92 yr old unvaxxed,NONE
1411,"As long as the Spike protein (gene) remains relatively stable,",NONE
1412,@Bloxy_News The kids on meepcity would be forcing their deepass,NONE
1413,@joncoopertweets @SpeakerPelosi This man should be removed from office. His,NONE
1414,The reason why BTS should speak up about this NoToRacism,NONE
1415,retinol and hyaluronic acid,NONE
1417,You want to know what it's like to be a,NONE
1418,@cathynewman @user @user @user @UsforThemUK 4 Whilst eye sight and,NONE
1419,This was needed. Fans and media alike assume that he,NONE
1420,I want to be the fat guy in every metalcore,NONE
1421,"@richardaeden She lost her husband of 60 years, been separated",NONE
1424,"I fight suicidal thoughts on a daily basis, have done",NONE
1427,@jk_rowling Dysphoria is a psychological condition. Autogynephillia is a psychological,NONE
1428,watching b99 TheOffice and friends in repeat because they are,NONE
1430,it's-25c°' here;;;;; literally nostrils freeze so you can't really breathe,NONE
1431,Every mag or interview: So hokuto's' cool and mysterious side,NONE
1435,Lol My lil girl tickles me.. always talkin ME: 🗣coughed,NONE
1437,i accidentally deleted a cc omg but just to clarify,NONE
1439,Tried to convince my toddlers to make New Years resolutions.,NONE
1440,Tbf it's only a small minority of players that people,NONE
1442,"It is helpful to manage symptoms, especially when one feels",NONE
1446,@101stAASLTDIV @MaddowBlog @USArmy @18airbornecorps @USNorthernCmd @USArmy North Oh boy fasten,NONE
1447,Actually looking for a way to get the schools open.,NONE
1448,-Bank of Canada has decided to end the quantitative easing,NONE
1450,🔥🔥 🎣🎣 🌟 프리스틱서방정100mg 플루니트라ㅈㅔ팜구ㅁㅐ 📜 📜 📜 'The declaration,NONE
1452,"Cismen are still cismen even if they gay, that's depressing",NONE
1454,help you can't even keep your arguments straight this is,NONE
1456,"Such a nice thread! This has always been our motto,",NONE
1460,see what the world sees and find trump guilty,NONE
1461,What's a girl got ta do to meet her own,NONE
1463,does this for some employers. It negates unconscious bias from,NONE
1464,@Baddiel I'd agree Flat Earthers are 'mostly harmless' even if,NONE
1465,"Whilst bitcoin freaks have been losing thousands in a day,",NONE
1468,Penaldos tap in and penalty tricks would not be enough,NONE
1469,looking at pictures from when i was v v bulimic,NONE
1471,"@RahulGandhi For congress, country equals to dynasty, similarly for dynasty,",NONE
1472,i was dumping all the trauma on the mental health,NONE
1474,It's depressing how many people are in favor of talking,NONE
1476,"Now 4 hours, people w/ signs, taking photos. His parents",NONE
1478,i know they learned a lot from the show and,NONE
1481,People went to a polling station and chose one option,NONE
1485,It's probably the most depressing manga I've ever read,NONE
1488,"@piersmorgan Meghan states she's a caring person, her dad wanted",NONE
1490,I tried your methods over the 30 years that I,NONE
1493,but he's basically saying he's being honest about his drug,NONE
1494,Hopefully soon we have the verification on here and that,NONE
1495,@PeterRdeV @user @user @user @user @10Ronaldinho @hazardeden10 @user @Guaje7Villa @user,NONE
1496,"@metpoliceuk @user @MetCC @CrimestoppersUK I'd add many are unfit; emotionally,",NONE
1498,We apologize for the extended response. We have an update,NONE
1499,It's crazy $ RVLV is trading as low as it,NONE
1500,@FoxBusiness @FoxNews I'm so sorry I'm learning how that is,NONE
1503,Heyy Yeahh Istg I even created this account for him,NONE
1504,restless legs plus no adhd meds is a bad combo,NONE
1506,"@ShashiTharoor Are you justifying the fuel loot, Tughlaq's demonetisation impact",NONE
1508,My friend is going through severe allergic reactions from the,NONE
1510,Im not suprised if a new born baby play twt,NONE
1513,@josemorgado Well there was news that he would not participate,NONE
1518,Max. And guilty 😂,NONE
1519,@Andrew_Adonis The reason they want to kill the protocol is,NONE
1521,is Havannah syndrome an indica or sativa,NONE
1523,@globaltimesnews Why are you now interfering in US internal affairs?,NONE
1525,not much in this world hits my dopamine receptors like,NONE
1526,Indica got me off of sleeping pills as I am,NONE
1529,Having my chair kicked at by some weirdos and hand,NONE
1530,@NetsDaily And I'll take any kind of wins knowing probably,NONE
1531,@clairecmc I'm from Wyo. We've always took pride in the,NONE
1532,this college admissions scandal documentary is kinda wild. I don't,NONE
1534,This is a first ~ News Media and Democrats immediately,NONE
1541,my god could the far right get any more predictable.,NONE
1542,@PattyArquette @GillianMcKeith While you were all screaming & begging for,NONE
1543,khnsfkjhdfh just when everyone is busy-,NONE
1544,It's a conundrum they don't know how to talk themselves,NONE
1546,I'm feeling bad in my body today. I feel to,NONE
1547,ngl its kind of annoying when oomfs get into fights,NONE
1549,I was tested for vitamin D a few months ago,NONE
1550,@HallieRubenhold Ive been surprised at the number of calm and,NONE
1551,@TeamYouTube My autoplay setting is in fact turned off. I,NONE
1553,"Today was taxing, emotionally and physically",NONE
1554,"@Heminator @ggreenwald Ah yes, a medicine that was prescribed by",NONE
1555,"Once the Church is affected, then every other thing is",NONE
1559,@MarkusFeehily Away to watch it again because apparently I'm' clueless,NONE
1563,and guilty for sexualizing Servants here but I would very,NONE
1564,👋 for those who wants avail my content 🥵 can,NONE
1568,. @TheLancetPsych have you heard of Paediatric Acute-onset Neuropsychiatric Syndrome,NONE
1572,I'll take a hybrid over a sativa but I'll be,NONE
1574,@BTS_twt I literally screenshotted their monthly listeners to do th,NONE
1575,"Normalize not going to college if you're not mentally, physically",NONE
1577,"Media ppl also want clicks and views, so they give",NONE
1579,If a mfer out here questioning my loyalty they shouldn't,NONE
1580,i bet they look at thinspo and think 'omg they,NONE
1583,"prosperous Caribbean islands. Political, economic and social stability have given",NONE
1585,i have an elliott smith tattoo pls know this and,NONE
1587,"As of 8:30PM KST, ‘ BE (Essential Edition) ' by",NONE
1588,"@BTS_twt loved seeing u on the red carpet, doing interviews,",NONE
1592,@BTS_twt It's he who wanted to sing despacito 😅😅He is,NONE
1594,"This physical stance of the former ugly one, is absolutely",NONE
1595,@ATTBusiness How bout AT & T NOT supporting right-wing hogwash,NONE
1597,no women mentioned Trump over the Epstein affair either. They,NONE
1598,@BTS_twt no it's dt suga dt stands for daegu town,NONE
1601,"As always, amazing, u can feel the emotions by looking",NONE
1605,I do the same. Once I start eating them it's,NONE
1606,physically im here mentally im in england living my dark,NONE
1607,Unfortunately my one of my hyperfixations has run out of,NONE
1608,@DanThomasESPN Does OGS time at Man Unt prove that appointing,NONE
1610,"When the drums of doom stop beating, when the starry",NONE
1611,oh also new to shtwt,NONE
1612,Five seconds after Mike comes back in the living room:,NONE
1613,hi EDtwt rt if you're - gay - hungry -,NONE
1614,@abiroberts @ProfKarolSikora Cheers you're right about Twitter though I think,NONE
1615,my twitter timeline is messed up. please how to fix,NONE
1617,idk if i have the wrong diagnosis since all i,NONE
1622,The real loci here is that you're making a choice,NONE
1623,"Actually the better idea than reporting the site tweet, which",NONE
1624,Sounds perfectly normal to me I want someone who will,NONE
1626,You're gon na have to walk him every 8-12 hours,NONE
1631,@ofctimallen Thanks for the memories Tim,NONE
1633,sometimes i look thru my drafts and think about how,NONE
1635,If you like finding new alt music set to pretty,NONE
1636,My main critiques so far for halo are the battle,NONE
1638,"@UnSubtleDesi What's strange in this.... He have ST/SC law, which",NONE
1641,of the Simons process to make it (ie electrolysis in,NONE
1642,Caffeine is a diuretic,NONE
1643,@newsworthy17 They were guilty. How long are you all going,NONE
1644,That was the breakdown provided by PHO. It might not,NONE
1645,So I am admittedly in the camp that thinks these,NONE
1647,Cause of swelling should be ruled out first. Either it's,NONE
1649,"@MacOtani Why not Uhuru, citizen no.1? Probably Amoth is suicidal",NONE
1650,"Hope you aren't hurt, well I know your pride, but",NONE
1652,Kof did and guilty gear too,NONE
1653,"I just walked into a local pharmacy, paid £15 and",NONE
1657,Nuts how Juve had the chance to have some of,NONE
1658,My time and energy that can be better spent doing,NONE
1662,Thanks so much for brunching with us! So glad you,NONE
1664,In order 2 find your PEACE🕊️in DEALING with the DISEASE,NONE
1665,Try peroxide and/or vaseline,NONE
1667,NHS! I only got diagnosed in 2019 after years of,NONE
1669,I followed the clear instructions and it seems to have,NONE
1671,"'The real monsters are us. Murderers, rapists, arsonists… They're the",NONE
1672,Jaedyn said when he gets out we're going out but,NONE
1673,"@talkRADIO Depressed?? Odd behaviour, also when she did the other",NONE
1675,I went to the doctor with extreme dehydration. You will,NONE
1677,@WWE @user @shanemcmahon @peacockTV You have a monster being booked,NONE
1680,"SOC332 'In 1964, media theorist Marshall McLuhan argued that a",NONE
1681,If you have only 1 account go create 2 or,NONE
1683,Undiagnosed/untreated mental illness; emotionally unavailable… She'll be 85 this month,NONE
1686,"To protect yourself from a coercively controlling, narcissistic perpetrator you",NONE
1687,after you take the test bihhh,NONE
1694,As most of you don't know I face some serious,NONE
1698,"No one ever responded to the post with an explanation,",NONE
1700,"@StephenKing Hats my thought, too. If the remains are ‘",NONE
1701,@Variety @JaclynPMoore @marcmalkin The suicidal rates and hate crimes are,NONE
1703,as someone who struggles with not being the most happiest,NONE
1708,"@AmazingPhil You've opened a hell of a window there, Phil,",NONE
1712,"I thought they were the pro, which are getting by",NONE
1716,falsely accused. the killer even confessed i think and they,NONE
1717,"@Chelsearory Hi Rory, just watching you on TKO now and",NONE
1722,if the rumors about crazy ex girlfriend of kim seonho,NONE
1723,I have begged APD/narcotics anyone for help with 24/7 drug,NONE
1724,A3. Coordinators are looking forward to the social and fun,NONE
1725,Blue followed with a thoughtful expression. 'I probably should have,NONE
1726,"awwww no im not cute, you are the cutest one!",NONE
1728,I was a faithful Sens fan since 1996. My sons,NONE
1732,Emotions like fear are extremely triggering for me. Anger makes,NONE
1736,Being an adult just sucks! I just replaced the shower,NONE
1737,Let's just drop the controversial officiating aside. Xhaka has really,NONE
1738,"I've never physically hurt a book, maybe emotionally.",NONE
1740,I suffer from bipolar disorder but I think that my,NONE
1742,"Are you okay physically, mentally, and emotionally, myself?",NONE
1744,"@johannhari101 @PoojaB1972 In fact, the causes of depression & anxiety",NONE
1745,Omg twt made the update with the medias taking the,NONE
1747,Wried and white lies is spreading by this foreign funded,NONE
1748,Anybody who´s studied how the biblical canon came to be,NONE
1749,Regardless of their status they're allowed/assisted to travel through most,NONE
1750,I see this Kirk Franklin debacle is HOT 🔥... the,NONE
1752,Why does this teacher always have to chew so God,NONE
1754,Hopefully this project is a success and then it becomes,NONE
1756,"Yea it',''d' require a reaction of course! It's a reactionary",NONE
1757,TRIE is one of my fave story in wattpad. I,NONE
1763,@DVSAgovuk We have lots of responsibilities to do in These,NONE
1764,@Buster_ESPN @user Was any player in the 60 ' s,NONE
1766,"Oooooh, maybe a POV ballbusting video with this outfit!! 🤔🤔",NONE
1768,i spend too much of my time on pinterest edtwt,NONE
1769,@Crunchyroll my premium seems to have just disappeared from my,NONE
1770,Maaasssssive as stated was an understatement.... Read from one of,NONE
1772,@CraigKellyMP This has never been a secret. I heard that,NONE
1775,⋆｡˚ ☁︎ ˚｡⋆｡˚☽˚｡⋆ not new to edtwt just restarting →,NONE
1777,That's' not the right protocol. Did they give you diuretics?,NONE
1778,It's really pointless doing these videos pal you need to,NONE
1780,@GreenGiant Thank you. That is quite interesting about the benadryl.,NONE
1781,White privilege really does work wonders. When it came to,NONE
1782,starfox is the sibling that's like very chill and is,NONE
1783,UK must leverage the pivotal intersectionality between economic relations &,NONE
1784,"Poor pupperhound~ 💔🐶it's not his fault. Crate/cave, thunder shirt and",NONE
1786,Apparently on the new bangtanbomb the subtitles in korean provided,NONE
1787,Doing it again cause I forgot some things Hii~~ I'm,NONE
1789,@SenRonJohnson Too high dosage of anything can harm you.,NONE
1791,"When they are too scared of progress, they try to",NONE
1792,Me vs judging non disordered irls for being non disorder,NONE
1793,Turning away anyone would be the top fault. Where do,NONE
1796,And what exactly does' finish this job 'mean to him.,NONE
1797,@stevenkolln @user @user @Asmongold Even when they had access to,NONE
1798,@Telegraph There is no game in protecting the foundations of,NONE
1799,Mhm they should care a little about the surrounding ppl,NONE
1800,If you're still using a bandana instead of a mask,NONE
1802,Everyone is entitled to a fair trial and to be,NONE
1805,This mod's description from DMsGuild: Tactics are tested as timelines,NONE
1806,I just want to say sorry if I have consciously,NONE
1810,Introduction thread! My name is Kelsey. I'm 24 & live,NONE
1812,@BTS_twt ellie is the only one who ever belives me,NONE
1814,[ 1/3 ] In 'COVID-19 and mental health deterioration by,NONE
1819,guys don't buy cardboard cutouts... i have two in my,NONE
1821,"That's a totally separate matter, Eugenie is guilty of no",NONE
1825,dropeen a louis aweonas,NONE
1827,@SenRehmanMalik @MediaCellPPP @user @user @user @user @user May' y'all' come,NONE
1830,Definitely on my radar haha we went for our honeymoon,NONE
1832,My cousins and me deciding what we want to eat,NONE
1833,going on edtwt at school feels so weird but i,NONE
1835,When the award-winning lifestyle publisher @user needed a better way,NONE
1837,"No, suicidal thoughts can be a symptom of depression but",NONE
1838,"Thoughts of suicide, Archie not getting title, etc. I have",NONE
1839,Based on psychological studies of conservatives: A reduced disgust response,NONE
1840,@SB19Official @MTV - first impression: snob din idk HAHAHA -,NONE
1847,@SportsCenter You're' a racist against blacks. I'm' a white female.,NONE
1850,& sadly many meds prescribed by GPs (including birth control,NONE
1851,Crazy how Inoue managed to write a manga with 3,NONE
1853,One of the top projects this account will be focusing,NONE
1857,I'd rather him be impeached then removed via the 25th.,NONE
1858,umar is asims bro they just dnt want him to,NONE
1859,Did I not say he was guilty? You seemed to,NONE
1860,Again..... more information than any of us really needed.,NONE
1861,@ScotTories @NicolaSturgeon They should face scrutiny? What you mean is,NONE
1862,@meganranney Can confirm. I'm a healthcare worker with allergies but,NONE
1864,new loc and pinned,NONE
1865,@si_bonobo i absolutely love your music! Light Pattern has such,NONE
1866,@DrKillgrove I have collaborated with Dr. J. Eerkens at UC,NONE
1867,rhythm games are good for that cuz while u /are/,NONE
1870,insomnia Persistent problems falling and staying asleep. Most cases of,NONE
1872,Appreciate you!!! 🌟🌟🌟 It's so cool I'm so proud of,NONE
1873,"@nickmangwana @daddyhope OK, so he is in the same league",NONE
1875,Knowing Jisung is dealing with some of the same issues,NONE
1876,It's 1 SC vs 2 UCONN women at Gampel. Huskies,NONE
1877,idk who snsd is and i didnt know shinee until,NONE
1878,I'll never forgive Tik-Tok for normalising trauma dumping 💀,NONE
1879,this is too depressing to comprehend,NONE
1881,"@davidaxelrod Or, having to remove their shoes, belts, coins, etc.",NONE
1882,@Twitter @BTS_twt Good afternoon @Twitter ! We've noticed that @BTS_twt,NONE
1886,WELL after being depressed for the last 4 days and,NONE
1889,Constant phone calls also. I have already taken two phones,NONE
1890,also like screaming crying throwing up because of perceived 'plagiarism',NONE
1893,D's son Yathra was wearing one really cool pair of,NONE
1896,"Tomorrow we shall finally see the Press answer the question,",NONE
1897,no shot he said 'league thots who cant grow out,NONE
1899,ahh idk if i should just remove namjoon's verse in,NONE
1901,You got a feet fetish or sum???,NONE
1903,"You've seen my twitter track record though, Brooksy. As soon",NONE
1907,They might have to intubate him and I'm literally on,NONE
1913,Hobi knows I keep saying I owe him a dance,NONE
1914,being sincere hurts me physically..... but i'll' try for u,NONE
1916,@coldplay @BTS_twt I'm' the same person who replied to you,NONE
1917,@DrvanTilburg @StanfordPain @BethDarnall I had abdominal surgery last year; and,NONE
1919,@politicalelle @user You clearly don't know the impacts of amphetamines,NONE
1920,Learning how to pretend to be blind like the rest,NONE
1921,"if i take 2000mg of medicine, am i drawn? 🧐",NONE
1923,Imagine if I post my fine picture I know go,NONE
1924,Some situations might not be because of illness but once,NONE
1926,AJ Wilder need to thrash it out. Find out who,NONE
1927,Lmao I'm playing theres only 4 of us & that's,NONE
1929,"So sorry for your loss, may your memories help you",NONE
1930,"@MrsSOsbourne @piersmorgan I'm not a Piers fan, but I totally",NONE
1931,The trauma of CSA can have a devastating effect on,NONE
1934,Tppp essencenya gue pake benton atau ngga cosrx galactomyces. Jd,NONE
1935,I kinda want to see a mashup video of people,NONE
1939,I just wan na be a basic tall skinny white,NONE
1941,@MSNBC But I thought the confederate flag was used by,NONE
1943,@matthewjdowd Media loving the Cuomo story as they continue smoking,NONE
1944,@drcarlhart Unfortunately opioids are merely the tip of the pharmaceutical,NONE
1945,@mschlapp @user Hey Matt…any answer to the fraud you led,NONE
1947,ZackSnydersJusticeLeague looks depressing and bloated to me. I'm interested to,NONE
1948,I had an appointment with the rheumatologist yesterday afternoon. He,NONE
1950,What's that coupon code again?,NONE
1952,Please i don't want to scream,NONE
1954,tw // suicide its been 2 years today since my,NONE
1956,Day and night tell you when to start tracking it.,NONE
1957,@JohnSimpsonNews @user But eventually he'll' be victorious. With UKs rising,NONE
1960,stop replying us? stan twt are just chart obsessed outside,NONE
1962,"As a neurodivergent, I can tell you if mental differences",NONE
1963,"Got a question How do you bandage? I never cuz','''",NONE
1965,"hey I'm going undercover for something on twt, so my",NONE
1966,@Norton_Moto Just because you keep repeating the same rubbish does,NONE
1968,@NkanyeziKubheka Essential drugs are running out at pharmaceutical companies and,NONE
1969,SEE WAS IT? i actually read it as grell being,NONE
1970,the problem with watching a popular movie twice as old,NONE
1973,the night after the finals i saw the hashtag #,NONE
1977,ㅤ ㅤ ️️ CAUTION: This account will containt explict and,NONE
1979,"@BTS_twt Don't worry, I screamed loud enough for both of",NONE
1983,smh oompa loompas ruining everything good in life 💔💔,NONE
1985,'the worst she can say is no' her: u look,NONE
1988,that wassssss wow i can not believe thats happening we're,NONE
1991,That Chizom's drama is triggering. God will continue to expose,NONE
1993,It just took me 52mibs to do a distraction poll,NONE
1995,I'm' tempted to make a t/umblr or another twt account,NONE
1996,Honestly as the days keep coming I truly believe that,NONE
1997,@bessbell Average rent in Arizona varies from $ 980 to,NONE
1999,20k I might would've went out there with the red,NONE
2000,The thing is i don't not want to have a,NONE
2002,"There is an FTA but there are not equivalent standards,",NONE
2003,@KarlTowns innocent until proven guilty watch the trial it was,NONE
2004,They'll def upload the good parts. Lol. And it is.,NONE
2010,Then u can give away one of your identities to,NONE
2013,"Me: Don't drink cokes, they are so bad for you,",NONE
2014,god i wish i had happily married parents i could,NONE
2020,Most players ignored by OleOut are saying 'IF situation not,NONE
2022,"You got scammed big time, but if you want -",NONE
2024,hi my other acc got s worded but i'm looking,NONE
2026,But' we'llll' always have snappy Kacchan screaming and calling people,NONE
2027,@LeaderMcConnell @user Clean up the horrible Trump stink. Show democracy,NONE
2028,i hate the process of trying 2 make my tl,NONE
2030,And while I'm there I'd have to stop by and,NONE
2032,I'm' severely depressed tonight and idk why,NONE
2037,i'll always be so mad at myself for not trying,NONE
2038,lexapro be like sure have the longest and most vivid,NONE
2039,someone yell meanspo at me while i take a shower,NONE
2041,TW // self harm - suicidal thoughts no but jokes,NONE
2042,I want to scream 😭😭😭,NONE
2043,"I am feeling so lonely and depressed, and even more,",NONE
2045,@netblocks Send our voice to the world help_prime_minister_of_Sudan military_coup_in_sudan BurhanMassacresInSudan,NONE
2046,my dad def has an eating disorder and it's making,NONE
2047,"A special thank you to Lisa Julian, my assistant since",NONE
2050,i couldnt do anything bec literally nobody saw 😐 but,NONE
2051,Selective serotonin reuptake inhibitors Selective serotonin & norepinephrine inhibitors Either,NONE
2052,"> > including deadly force, if he or she reasonably",NONE
2054,Today is TransDayOfRemembrance I have' n't' done anything particular to,NONE
2056,"Generally speaking it should','n't' physically hurt (mentally sure 😃). The",NONE
2060,im demon slayer posting now. it's over for you fellas,NONE
2061,@HYBEINSIGHTtwt delete. this is so triggering sa mga single at,NONE
2062,I told lil shawty come be on tha winning team,NONE
2063,ptsd is a psychological disorder and alcohol is just a,NONE
2070,The actual reality of severe depression comes in the countless,NONE
2073,"@nytimes 9/11 was like a loved one dying. Devastating, but",NONE
2075,I'm damaged shawty… You got ta love me a lil,NONE
2076,almost felt guilty for needing a second nap today but,NONE
2077,maptwt aamtwt reminder that most of these 'aams' aren't even,NONE
2078,Na today una don see married men cheating abi una,NONE
2080,((ive critically injured muses to have an IC reason to,NONE
2083,Bout to be gassy and moody af these next 4,NONE
2084,Then assess the company's' ability to address that demand. That,NONE
2086,"@SabrinaAnnLynn girl i need more clues from the album name,",NONE
2089,"26 days now since I tested positive for COVID, still",NONE
2090,This weight loss made me feel so good mentally and,NONE
2091,"V low cortisol, they're looking at why. Possible yrs of",NONE
2092,"hope you're enjoying the show, brought to you by our",NONE
2093,Sometimes I get so annoyed with people who don't try,NONE
2095,what do yall put in ur oatmeals??? I NEED IDEAS,NONE
2096,you right. tiffany is a lil baddie 💀,NONE
2099,It's bad enough that they're losing but the humiliation of,NONE
2103,@BritAsiaTV @NetflixUK @DisneyPlusUK Amazon Prime Video @PrimeVideoIN from Mirzapur2 with,NONE
2104,"2) I have my main on aether, an alt on",NONE
2108,@kinky_horror MutantFam what should I grab for diner on the,NONE
2115,I got so emotional seeing one PV for an upcoming,NONE
2117,"All set, have a lovely weekend everyone. Hope this year",NONE
2120,That was eye opening and depressing.,NONE
2121,Many people suffer from more than one mental disorder at,NONE
2123,Guess what game about a game dev battling through depression,NONE
2124,@Pokemon No that's why you keep repeating the same poorly,NONE
2125,"For me the story of a man, Elijah, who, scared",NONE
2127,"Cat, Nurofen and paracetamol will cause rebound pain too. He",NONE
2128,CRAVITY - STAR Five hundred eight I vote CRAVITY for,NONE
2129,"@ScottMorrisonMP According to the sanitary regulations, the Australian government is",NONE
2130,it just feels like there are a bunch of kids,NONE
2131,@pattonoswalt This dude apparently lives down the street from my,NONE
2137,"Yep, Sophia always said 'sisterhood','''' when it comes to their",NONE
2138,i love glass animals but i will never forgive them,NONE
2144,Like I don't wan na say lol it's edtwt and,NONE
2146,"I don't expect forgiveness, no matter how sorry i am",NONE
2147,turn on twitter dms!!!!!,NONE
2148,Just wan na share my thought. If you want to,NONE
2150,I don't know how you can be one of those,NONE
2151,does anyone w hallucinations needs to get their permission to,NONE
2152,Hey if @NicolaSturgeon was tae come tae ma hoose wee,NONE
2153,"What I can't understand is how, if they genuinely want",NONE
2154,"Enjoyed playing around in the @solana ecosystem. Overall good experience,",NONE
2159,yea different fonts of whores,NONE
2160,the punishment itself being a death penalty instead of rehabilitation,NONE
2162,There were a few weeks in October where I was,NONE
2163,@FoxNews Thank you. That's' exactly why they're sending them there,NONE
2166,@YouTube The intentional cover up of numbers as well as,NONE
2168,"Like the silly ghouls we are, we sent @user to",NONE
2170,please I already sent the video link to them 😭😭😭,NONE
2171,"@BTS_twt Party all night, where we goin','''? What we doin','''?",NONE
2173,That 'you're smoking crack' ain't sittin right w me ngl,NONE
2174,I can't wait to clean up my house and put,NONE
2175,Rufus Wainwright's' new song Arachne is very promising. Really he,NONE
2176,First challenge! Drink this can of Fosters without spilling any,NONE
2177,@SupergiantGames Very awesome work you do I love your will,NONE
2178,Just looking at his feed he the other day he,NONE
2179,"probably because they're scared, I didn't want to admit to",NONE
2185,Noooooooo 😭😭😭😭 Praying for your speedy recovery Jin and Namjoon,NONE
2186,"I wuzz taykin a snoozle, Fweeda!!! I pwayd wit da",NONE
2187,"Alright, alright, you needy sissys! I am FINALLY recording episode",NONE
2188,The aura in Peshawar is very depressing. Every other house,NONE
2189,If you have questions about guiding your project through Canada's,NONE
2192,@DearRouge This has to be the saddest song you two,NONE
2195,"not suicidal, but wan na disappear for awhile. JUST FOR",NONE
2196,Pleasssssssssssssse... And we don't miss it... Prays with you *,NONE
2197,"@GovWhitmer Make school staff accountable. No threats no obscene drawings,",NONE
2198,i love triggering bros who are repressed about the fact,NONE
2199,"@iSlimfit There is no guilt tripping for me o, I",NONE
2200,Listen Up - There are a ton of people -,NONE
2203,understand his reference. It was a small thing in our,NONE
2205,"Chyleee, that movie is even more depressing when you realise",NONE
2206,"Great Scott, your Honour! We like our outerwear kilty and",NONE
2207,@elmo @TheRock To answer your question... while I can neither,NONE
2210,"Today was rough, mentally and physically",NONE
2211,"Common side effects of Biktarvy include depression, abnormal dreams, headache,",NONE
2213,- relatively tame. 'I guess I just don't want to,NONE
2214,YSRCP distances itself from Sharmila move. @SRKRSajjala clarifies Jagan tried,NONE
2219,"Especially if you are doing more than one drug, people",NONE
2223,tell me something you want to scream to the world.,NONE
2224,And you have no proof of that statement... You can,NONE
2225,"As a Dr of medicine (IM prim care, ret. early),",NONE
2226,@AnnastaciaMP @GladysB you have a bigger state with a bigger,NONE
2227,We are both dealing with massive changes. You with the,NONE
2229,/ I like the avatar you have on it's giving,NONE
2230,Literally 80 % of the games I play are either,NONE
2231,@atrupar Wait! Does Trump have a healthcare plan????,NONE
2237,Despte strides in understandin dt mental difficulties r nt personal,NONE
2238,I was watching old Iowa games from 1984. Michigan st,NONE
2241,u wont stop ur just cheating on another acc dont,NONE
2242,Exactly. Werner choosing to pass rather than shoot or Mount,NONE
2243,A secret vote has no value. If the Senators don't,NONE
2244,Does accepting the pardon admit guilt?,NONE
2246,siguiendo a por todaaaassss sençalkapımı,NONE
2247,I was going to be good and save mine for,NONE
2249,"I'll' be honest. Going through a bout of suicidal thoughts,",NONE
2250,I did' n't' say that that your perception of what,NONE
2251,The thing that I feel most connects me to my,NONE
2252,@GovStitt What right approach.. Ignoring the entire health community Failing,NONE
2253,It's so hard to tell Org to Org on what,NONE
2256,"Finally. My husband's' been discharged, I can breathe again. We've'",NONE
2257,@BTS_twt Visit Seoul. Followed up closely by Presidental Ambassadors. That,NONE
2258,Uganda terror alert - police say fatal bus explosion a,NONE
2259,🎮: The people over there were giving off a depressing,NONE
2260,@GoldenChick I got no love on foster rd in sa,NONE
2262,@SB19Official @MTV Let the passion within you rise to meet,NONE
2264,"I'm' kind of OK, frankly. The least it does is",NONE
2265,I've done some html on code academy and used it,NONE
2269,REQUEST @arashi5official @MTV FridayLivestream Arashi deserves to be a top,NONE
2272,Why are you even in discussion during the middle of,NONE
2275,Fair enough lmao Maybe just split your account between SFW,NONE
2276,"Lets see, my school has accounts for feet, hands, bad",NONE
2278,"@ShelaghFogarty Lol, i love it. She threatened it and put",NONE
2280,don't mind me I'm just crying over a video about,NONE
2281,... I have never in life had a flu bug,NONE
2282,BRO I WAS LOOKING BACK ON OUR DMS THE *,NONE
2283,you've just provided a chilling analysis of Australian domestic politics,NONE
2285,No problem black edtwt has to stick together right 😂,NONE
2286,@piersmorgan The WHO the European Medical Agency and the FTA,NONE
2289,No the majority wanted mitigation of a horrible disease as,NONE
2291,Cancel Dr. Seuss but give Cardi B her own 'doll,NONE
2292,All i know is i did not order this anxiety,NONE
2293,i'm REALLY feeling a way about Charmaine calling Draya 'ghetto-fied'.,NONE
2294,So would we say the same for a suicide bomber,NONE
2296,And if you can't understand that I am able to,NONE
2299,@RepJerryNadler CDC wrote GL's 4 prescribing opioids in primary care,NONE
2300,I got a message from a follower this morning that,NONE
2304,I can't believe I was fed an animated short that,NONE
2305,every time i see cute guro art on the tl,NONE
2307,Thanks to everyone in the coastal science/policy communities for attending,NONE
2308,loyalty is more than enuf cementing hs loyalty. In all,NONE
2311,Rumor: @user is going through severe depression👁‼️‼️‼️,NONE
2313,I bet other people feel the same way as me,NONE
2314,Sorry your family had to learn it the hard way...,NONE
2316,Yesterday was our 13 year anniversary. Discovered hubs has been,NONE
2319,@tariqnasheed I'm not mad at them adopting the black child.the,NONE
2323,"Being in a relationship makes you a very vulnerable person,",NONE
2324,We have had teacher shortages for years. Go to a,NONE
2327,"👉 Mood swings, anxiety, depression. Do hormonal contraceptives have the",NONE
2328,"Happy Birthday, Jimin!!! Thank you for sharing your kind heart",NONE
2329,Today is Social Emotional Learning (SEL) Day. Social emotional learning,NONE
2330,Back when IMDb had message boards they used a filter,NONE
2331,My appointment for the first vaccine is in 96 minutes,NONE
2333,@SenHawleyPress Unity after accountability. People who lie to the vulnerable,NONE
2334,You may want to add Jobless Reincarnation too that... I'm,NONE
2335,No its a no for me atleast make voice chat,NONE
2336,"If Kast wins, they will be likely to clash in",NONE
2337,"honestly i really dont think lee zii jia is fine,",NONE
2338,I will be studying math very closely because I hate,NONE
2341,I think one of the things that ppl find most,NONE
2342,"Today I was about to kill myself, then I didn't..",NONE
2344,A more accurate comparison would be Narcan is to opioid,NONE
2345,I hate body dysmorphia bc it's so easily mistaken with,NONE
2346,Same. The gloomy weather is so depressing!,NONE
2347,ok talk behind that block. yall are ridiculous i promise!!,NONE
2348,I didnt see that he definitely had a drug problem.,NONE
2349,"@MattHancock Vaccines started on Dec 8th, 53 days ago, 7.4",NONE
2351,Claims of a'suicide' epidemic'' should be backed up with data,NONE
2352,@tedcruz We will soon see. He might still be sucking,NONE
2353,they changed how you withdraw money. it's not just straight,NONE
2354,"CH07 Tallaght psychiatric unit, I was happy to carefully read",NONE
2356,Also records of reported case rate and subsequent deaths starting,NONE
2357,"I was feeling rather moody, so I wrote this blogpost.",NONE
2358,@mattyglesias yeah god forbid people have any actual love for,NONE
2362,"So sorry to hear this, was missing your tweets and",NONE
2364,@Change idk how they don't see she's self harming herself,NONE
2367,OMORI crashes you emotionally. It hits really deep. But I,NONE
2377,There are a number of mushroom-cultivator groups on The Book,NONE
2379,"hi pls STOP with the 'to the ones who stayed,",NONE
2382,ive been waiting for forever to get the new feb,NONE
2385,I probably need a different anti-depressant. 😂,NONE
2387,"Which is a valid concern. On the other hand, one",NONE
2390,Ranboo should do a stream with games he wants to,NONE
2391,"Not true. While it was $ 5.2 million, only $",NONE
2392,@GarnettGenuis Imagine being so naive to think we don't have,NONE
2394,someone to crack that code in the exam room? 🚩,NONE
2395,"im safe, just... angry, sad, and depressed it's one thing",NONE
2399,The best part of covid is how it respects boundaries,NONE
2401,"Human beings emotionally, physically, geographically walling themselves away from other",NONE
2402,@BTS_twt Oh ok. Still it was nice to see him,NONE
2404,I was having a read on whirlpool - people getting,NONE
2409,"Financially, mentally, emotionally, physically, spiritually, we should both be contributing",NONE
2410,@marcorubio Can't make policy when your seditious constituents are trying,NONE
2411,@newtownrlfc True It's all in my book & one can,NONE
2412,Some things will always be triggering. I guess that's just,NONE
2413,"I want to die in my sleep like my grandfather,",NONE
2421,Hey Icytwt Ranboo said he won't have to write Fundy,NONE
2422,ed twt raccoons 🤝 digging through the trash,NONE
2423,"I'm Facilities engineering manager at Dell Technologies in Ovens, Barney.",NONE
2425,Your health is important to us. We will be posting,NONE
2426,I am happy to announce that I have been promoted,NONE
2430,ok bc i'm so scared and anxious I can't sleep,NONE
2432,Just depressing. They could win it all a year from,NONE
2433,"ᅠ ᅠ+ stuff.) Okay, here's some painkillers I found, I",NONE
2434,Thank you @user for having my amazing and talented son,NONE
2435,I gotchu wit the percs,NONE
2436,I don't want to hear another Trump supporter scream about,NONE
2437,"I am actually quite busy today 😭 Be back later,",NONE
2438,The ferret suffered 0 lost. He also owned an old,NONE
2441,"Everything is so spiritual, it has tendencies to hurt physically",NONE
2443,You don't have to rush it. Skill development is not,NONE
2444,Nice projects sir keep the spirit to all your successful,NONE
2446,I'm not ready fa a girlfriend bihh just be my,NONE
2447,@gdb I wonder if it will start over-fitting if it,NONE
2448,"@JoshFrydenberg I hope your family gets through ok, doesn't sound",NONE
2449,grabe i was so busy this week complying to my,NONE
2452,The fact that I can't have caffeine is depressing: /,NONE
2453,@SpursOfficial I for one will admit I've been guilty of,NONE
2455,Piers Morgan said he doesn't believe her claims of suicidal,NONE
2456,This is on the same day that I found out,NONE
2457,i'm such a mess with voice claims lmao at least,NONE
2458,Guess I got ta start working out to see if,NONE
2460,@JaydePierce It is not about the fact that bad news,NONE
2464,@BTS_twt Exactly. Same here. I feel concerned.. He is so,NONE
2469,@RediTlhabi No they wo' n't' be for long time Julius,NONE
2471,Excited to hit the road shortly for my first Gamecocks,NONE
2472,This year at @user governments have a key opportunity to,NONE
2476,"If SRH would go for Roy, It would be a",NONE
2477,The Judgment games legit have some of the best stories,NONE
2478,@BTS_twt you're so talented and i love u,NONE
2480,Just for today: I seek freedom from ego and the,NONE
2481,@kylegriffin1 She was shifting the focus from the wrong immigration,NONE
2482,"I too am scared of needles, I had my first",NONE
2483,56 civilians sheltered in Dedebit IDP center died from drone,NONE
2487,Why were there marks on his neck which seem to,NONE
2494,That is the same thing going through my mind right,NONE
2495,Hangry. Don't want to cook. Don't want to uber. Just,NONE
2498,"Not being pseudonymous can be powerful, but also requires you",NONE
2499,@BTS_twt Yeah and you need to know That nobody could,NONE
2500,@GovSisolak @ClarkCountySch The testing is flawed too. My DIL nor,NONE
2502,@SlaterNFL Very depressing seeing the responses. I sense a hatred,NONE
2503,"So no coupons, discounts, for the trouble???",NONE
2506,She left the job and in 2 days he slept,NONE
2508,going through the tag and majority here is wearing cat,NONE
2509,Every human walks around with a certain kind of sadness.,NONE
2510,I hate the feeling of being out of a depressive,NONE
2512,Just wan na say it's been like 9 months since,NONE
2513,"The post is not intended to be racist Brother, just",NONE
2515,"Ah! Well I guess, if you have','n't' already, you',''ll' see",NONE
2519,been buyin groceries today and I saw this man askin,NONE
2521,@BTS_twt Basically a replacement for Social 50 lol. It will,NONE
2522,"When wheat is milled into wheat flour, there is an",NONE
2526,Take heart bro... suicide is never an option 🙏,NONE
2527,"The problem is we know there will be lasting consequences,",NONE
2529,"Thats cute, asked the one that threw up tryna go",NONE
2534,Slept around 4am and woke up 8am. I'd missed the,NONE
2538,Can u guys stop attacking me for my pinned tweet?,NONE
2539,can't stay up late for the hula hoop mv release,NONE
2541,@Bob_Wachter @UCSF @ashishkjha Given the shared concern for sequlae from,NONE
2543,@kkirkup @globeandmail Watson comparing the white flight phenomenon that hollowed,NONE
2544,my wife doesn't take kratom. She doesn't advocate for it.,NONE
2546,"im getting less sleep, eating less, so anxious and depressed.",NONE
2547,Good morning guys!! I will go eat breakfast now:) are,NONE
2548,hey yall thought i had anorexia that turned into binge,NONE
2549,That's a lot of bollocks. Smoke more pot and eat,NONE
2551,Thanks man. It's good to be back. Jack said I,NONE
2553,Also note that you can win twice but not on,NONE
2554,Some of the GQP tweets have been brought to my,NONE
2556,"I agree, and that's entirely fair, I am the minority.",NONE
2558,Don't let fear stop you. Your voice matters. Keep on,NONE
2561,It is only available through schools. You get it when,NONE
2562,"After leaving my job due to Covid-related problems, I went",NONE
2567,I ask first Incase you drop the full video. @me,NONE
2568,It's the zero sleep constantly throwing up and feeling the,NONE
2569,I feel sorry for the poor man. He struggled with,NONE
2570,Magnesium is depleted in soils and molasses probably is' n't',NONE
2572,Scaling in slowly $ QS. I feel like possible bounce,NONE
2573,Oh no I'm sorry 😞 I hope you have fun,NONE
2574,Depression is a very big blanket term that is way,NONE
2582,i think 18-19 bmi is the sweet spot for being,NONE
2585,"Zoom university is not for the depressed, anxious, adhd, ocd,",NONE
2586,Trying to drink this elderberry tea but it's really giving,NONE
2590,"IIRC, a denial of entry is usually recorded against him",NONE
2592,Most depressing day of the year? After every down rise,NONE
2595,Sorry for the trauma dump but this is my secret,NONE
2596,3. gaslight them and invalidate L's' experience and what they,NONE
2599,"In some religions and cultures, dogs are seen as'filthy'' animals",NONE
2601,I tried them early one spring when very desperate to,NONE
2602,My guilty pleasure is watching youtube vids on bikini try,NONE
2605,PSA: when you're being snippy and moody it doesn't actually,NONE
2610,i am so mentally and physically exhausted.,NONE
2611,"Just watched @user Great movie, if a tad depressing. Meryl",NONE
2612,"@RBReich What's depressing is that despite his successes, fascists are",NONE
2613,"How stupid can you get, with all due respect. Though",NONE
2614,More U.S. servicemembers died from suicide in Q2 than have,NONE
2616,"People's addiction to boobs and nipples masked as 'art','''' is",NONE
2622,"I should','n't' be feeling so scared, anxious and TERRIFIED of",NONE
2623,"Yeah I can imagine it's really hard for you, my",NONE
2627,What's gunna stop them from eating your precious plants? What,NONE
2630,"if I try to commit suicide and I don't die,",NONE
2633,So have Chinese? Who's gon na stop a pregnant woman,NONE
2635,I've spent today working from home which was challenging but,NONE
2638,"Tw// death, dec 18 Deleting my tweets that contains ss",NONE
2639,@jimalkhalili Anyone know who is funding these groups? The name,NONE
2642,In fairness its beyond depressing it is outrageous. Old enough,NONE
2643,I had a friend who tried to just live off,NONE
2646,I do totally understand that most people don't understand obsessive-compulsive,NONE
2650,I stopped eating dairy and dairy products for 2 months;,NONE
2651,nothing helps the crippling depression than being told 'sadposting lol',NONE
2655,if he joins then it is curtains for coalition in,NONE
2658,And thanks for the shout out. Amazing how we pay,NONE
2660,"Mentally, physically and emotionally exhausted.......... 👣",NONE
2661,toobooberz is a scary place,NONE
2662,@robbysoave @jonathanchait Do you think I'm your student or child,NONE
2664,And I hope through this I can prove to my,NONE
2666,@StephanieBusari @user Fighting for who? Abi o goor ni? I,NONE
2667,"I have a free week, so I decided to learn",NONE
2669,Ayo is that a strapon???,NONE
2670,"She could','n't' speak. At the time I also had my",NONE
2671,"Sometimes I just don't want to be here anymore, everything",NONE
2672,I'm crying right now. I feel genuinely insane. Other than,NONE
2673,@TerryMoran South Dakota had the 19th highest suicide rate in,NONE
2676,what hurts me the most about this pandemic is that,NONE
2678,honour her husband and vice versa. Genesis 2:20-25 God's design,NONE
2679,@rcpsych @user @user @user @user @user @user @user @user @user,NONE
2682,"Does melatonin make anyone else anxious, hallucinate and have nightmares?",NONE
2683,Hi～😄 @OnAirRomeo I hope to listen LifeGoesOn by @BTS_twt for,NONE
2686,How to fix thyroid issues? Asking since some family have,NONE
2687,@pitobash @nilamadhabpanda @user @PIBBhubaneswar @odisha_tourism @DelhiTimesTweet @arvindpadhee @sudarsansand @TheAcademy @user,NONE
2689,tysm y'all for supporting my pinned aaaahh 😭,NONE
2692,It was a lowly 2.7 when I was at Lewis,NONE
2693,"I need to get myself together mentally, physically, & emotionally.",NONE
2694,bruh I literally did a whole assignment analyzing ghosting,NONE
2695,collagen > glutathione sunscreen > kojic soap stop patronizing whitening,NONE
2696,Anyway so the people that think that the increase of,NONE
2697,Hot take: bread and butter is nicer than any form,NONE
2700,i want to have a halsey breakdown now so lem,NONE
2701,Drip accounts saying I'm a drug addict because I've been,NONE
2702,"@hodgetwins I hate the left bias but in principle, yes.",NONE
2703,@RhodaWanyenze Interesting to learn from the news bulletin that bacteria,NONE
2704,@Abhishekapoor @itsSSR @user @RajkummarRao @chetan_bhagat What you think?? Was he,NONE
2707,@mitchellreports @user I have no problem believing Meghan and Harry,NONE
2708,Make sure you've got a whole weekend ready to watch,NONE
2709,opeen for youu poooo,NONE
2710,"- so after an eventful day, i guess my severe",NONE
2711,"I wish Courtney recorded my nose getting pierced, I was",NONE
2714,"Joe, I forgot to mention you. Trixel was threating me,",NONE
2715,"Must admit, I was taken aback. Because of the occasion",NONE
2716,St Peter has gone. There is now a five digit,NONE
2718,"Dabbled in some manifestation masterbation looking at apartments, what really",NONE
2719,feels like all of edtwt is staring at me which,NONE
2720,I think there was a piece of wood with the,NONE
2727,"sometimes i still watch, i enjoy his editing style and",NONE
2728,@LisaBloom Does boarding a plane make you guilty?,NONE
2729,Ky (along with others) questioning whether they should get rid,NONE
2732,When women do cringe things I feel like it brings,NONE
2733,Very disappointed in the latest @ConanOBrien podcast episode. To claim,NONE
2734,The mentality and behavior of drug addicts and alcoholics is,NONE
2738,@Snapchat @snapchatsupport please forgive me i didnt intend for my,NONE
2739,'Indeed Crow is Flapping over a Video game character that,NONE
2741,"but also know that if I had','n't' managed to sit",NONE
2743,@AP every politician as insane supporters. It doesn't mean the,NONE
2744,"To be strong, we must have a disciplined routine. My",NONE
2748,"ed insta... 💭 hard to reach, but when you find",NONE
2750,Diary Entry of a MW 741 I died before I,NONE
2751,i've been on army twt for 3 years but idk,NONE
2752,We are proud to announce the Early Childhood Education Financial,NONE
2754,"if you don't have an expensive mocap setup, it is",NONE
2755,That's either a massive pan or a tiny spoon? Either,NONE
2756,@ladbrokescomau @moodyracingpgm I used to live with a mate who,NONE
2757,Omg I forgot this is where the 'I can't drown,NONE
2758,Answering fans questions? Or experiments like sanna and moody?,NONE
2763,actually none of us is diagnosed but we all have,NONE
2767,@ArianaGrande @selenagomez Ariana and Selena both doing that proves women,NONE
2768,totemtwt hey what are you guys most excited for when,NONE
2769,"According to New Orleans dermatologist Mary Lupo, MD, 'A cross-training",NONE
2770,"tw / ed, disordered eating... so i don't wan na",NONE
2771,They'll be looking for gallstones and pancreas issues. It'll be,NONE
2772,LTC's should have been vaccinated in the first round alongside,NONE
2774,the feminine urge to trauma dump on my roommate every,NONE
2775,January 22nd! International Ballbusting Day! Come out of the ballbusting,NONE
2777,@joncoopertweets Rittenhouse MOTHER is guilty of child endangerment.... why is',NONE
2778,I would've killed to be on Stan twt liTERALLY A,NONE
2780,Heads up if you (or loved ones) are having a,NONE
2781,"That's nice to hear, better be feeling bad physically than",NONE
2784,holidays really are depressing after you lose a loved one...,NONE
2785,@POTUS Science believes there is only two genders but here,NONE
2786,sheesh i need to not go on twitter in the,NONE
2787,Lol. WestminsterHour debate Sturgeons resignation whilst ignoring a host of,NONE
2792,@brad_polumbo This isn't surprising. People were reporting higher use of,NONE
2793,@BTS_twt Deepest condolences.. thank you once again and you will,NONE
2794,@CTVVancouver Ugly as sin.... proof Vancouver's art scene is bought,NONE
2795,So proud of you Gulfkanawut Keep going!! May the force,NONE
2796,SO MANY BOOKS OUT TODAY. Here are a few I,NONE
2797,excuse me maam not to be disrespectful or rude but,NONE
2799,"And if u think the vaccines r bad, look at",NONE
2800,I still cant get pass the fact shawty aint have,NONE
2801,"@briebriejoy @AnaKasparian Bruh she wrote the damn question, it's literally",NONE
2802,This man Druski be having me dying bro omg mans,NONE
2803,Great photography can bring a smile to your face or,NONE
2804,"Bulijo he retweets for awareness, lessi go😹",NONE
2807,@olex_scherba Unquestionably—one sliver lining in the otherwise depressing horror show,NONE
2809,Okay I have something similar-ish!! After I go through a,NONE
2810,Omg she k worded Lina Morgana and there is proof,NONE
2811,I was holding on quite well for the last few,NONE
2812,I'm going to microdose the Covid vaccine,NONE
2814,I'm having a latte and a brownie for dinner. It's,NONE
2815,If people choose to tip you then let them. It's,NONE
2816,"@nelsonchamisa Never play into the hands of the enemy, When",NONE
2817,@TomKingTK @MitchGerads how else can he write off the bourbon,NONE
2818,Thank you:) I'm' talking about Covid-19Tests. It is the swab,NONE
2820,"At the risk of tooting my own horn, besides the",NONE
2824,"My friends have pet named me',''jagat' mata',''' when I actually",NONE
2827,@AJVicens @timothypmurphy Also I had no idea everything on the,NONE
2828,my tweets became so depressing after about 3 days of,NONE
2830,me: * screams * yang: * screams louder to establish,NONE
2832,Given these numbers and the sensible directive to stay home,NONE
2835,@SpongeBob @Nickelodeon Nick thinks everyone is going to forget about,NONE
2836,@erinotoole But your not concerned over the psychological trauma from,NONE
2838,Just saw a link on teaching doctors NOT to give,NONE
2839,He could also travel to Africa. He could purchase a,NONE
2840,Really this is Amazing! I look forward to the growth,NONE
2842,Great to see kyrie showing respect to the guys that,NONE
2846,"I have','n't' had a hateful comment yet, but I do",NONE
2847,@BTS_twt This is hard. It use to be Fire and,NONE
2849,@BTS_twt I have exams in next week... being very honest,NONE
2850,@FermanaghGAA Great to see more money but there are better,NONE
2851,@NHSTayside That's really kind. Massive shoes to fill though (not,NONE
2852,"* pulls out soapbox * So if you're dry, you",NONE
2854,yeah it's probably a good idea. the school shouldn't give,NONE
2855,Went to my doctor's appointment and got a referral to,NONE
2861,I'm literally on the verge of death ♥️,NONE
2863,"In my humble opinion, nothing wrong with empowering the party",NONE
2866,@theneedledrop @LisaMarieBoothe @Oreo Being suicidal and suffering from depression are,NONE
2868,"i think my friend has disordered eating, not an eating",NONE
2870,'Is there any mucosal membrane involvement? What about a Nikolsky,NONE
2872,had to stop treating people like i owe them something,NONE
2873,a joke for all you asthmatics out there btw dont,NONE
2874,@timminchin Oh god. Celestine Prophecy. I seem to remember back,NONE
2879,"Unused or expired prescription medications are a public safety issue,",NONE
2880,Investments are based on future and if you really want,NONE
2883,Y'all ever worried that you're depressing your animals,NONE
2884,My ApLit teacher is having us annotate and explain imagery,NONE
2885,also now realizing I predicted my manic episode back in,NONE
2887,Pandemic proof? Pizza is on the menu more often in,NONE
2888,Makima Denji and Power boutta be the icon for every,NONE
2891,"My God what a sad, depressing halftime show.",NONE
2893,alt thinspo thread!!' n it's just a bunch of legs,NONE
2896,It was just several days after Kookie removed his wisdom,NONE
2903,They should because the generals sent them on a suicide,NONE
2906,@JasonKander Our country come back from a year of shit.,NONE
2908,@FortniteGame @user Charlotte is a reference to demon slayer anime,NONE
2909,are we adding this to nsfwmcyttwt or whatever tf it's,NONE
2910,"* X gets back up, and stares at the sun",NONE
2911,@PrueLeith @PaulHollywood Medusa? I'm thinking the Caravaggio painting,NONE
2912,"Yep, for me a weird combo of anxiety, depression (controlled",NONE
2914,"On tumblr, there has Always been blogs dedicated to describing",NONE
2915,ABSOLUTELY 100 % guilty. Too bad the judge is an,NONE
2916,Were you more depressed after finishing it or during the,NONE
2919,@BTS_twt Kookpics just gave all money they gain from likes,NONE
2920,"my ex was,,something but at least he made sure that",NONE
2921,Me and lil shawty just vibin don't want attention we,NONE
2924,(edtwt weightloss bmi food poll) posting a food poll later,NONE
2927,I really want to scream😃,NONE
2928,And it completely erase the whole meaning of 'we want,NONE
2931,So Uber have given me 30 % discount code. Wow.,NONE
2933,Sweet Jesus in a smoking birch bark canoe! The snail,NONE
2934,I was having a bad dream and woke up to,NONE
2935,@AP It generally is. How many pharmacy workers you hear,NONE
2939,"ISIS's main goal is to destroy knowledge and culture, while",NONE
2940,"A. Philip Randolph, Eleanor Eldridge, James Somerset, Benjamin Roberts, Harriet",NONE
2941,I feel that in 2021 I started to drift into,NONE
2944,CW weight loss - - - - Although I did,NONE
2946,dont be fooled u guys everyone in southeast asia or,NONE
2947,i think many people are hipped by now to the,NONE
2948,@HonTonyAbbott @cporterwa No charges it is only the lefty tossers,NONE
2951,"@mmpadellan One thing's sure, the founders knew mind reading isn't",NONE
2952,Is she going to full rant mode if someone ask,NONE
2953,In most current global struggles people are struggling against multiple,NONE
2954,@sport_simon @user This Liverpool side have lost most of their,NONE
2955,"You know, the less I compare my art to others,",NONE
2956,- what's the name of the new variant? - nu,NONE
2957,Definitely looks like it. How can the Manager just walk,NONE
2958,And that's' not even mentioning mental health issues. People die,NONE
2959,@BTS_twt @NCTsmtown_127 @acdc @thebeatles @fleetwoodmac @BLACKPINK @superm BTS the korean,NONE
2960,What a bizarre military ritual. The Super Bowl. The anthem,NONE
2963,these percs don't work I got a different type of,NONE
2966,"Telugu raashtraallo JEE colleges granted ga theeskuntaay, andharu mundhe foundation",NONE
2969,They should rly be modifying a pre-existing engine to handle,NONE
2970,The Narcotics Eradication Team Kohat arrested 930 drug peddlers and,NONE
2974,Why I can't find the app in the play store?,NONE
2975,@RepSwalwell @RepTomRice Then remind him that because he and others,NONE
2976,Gone are the days when you could write whatever you,NONE
2977,in my mind it's x-exo.. there's no way lame exo,NONE
2979,"@BBCkatyaadler They can't put export controls on UK goods, that's",NONE
2980,@TenzingLamsang AND they're not being hypocritical faux nationalist prickly pears,NONE
2983,I'll tweeze the pricks out of a cactus before I,NONE
2985,how do i stop myself from willingly consuming triggering media,NONE
2986,Robotic Surgery is a minimally invasive surgery performed via very,NONE
2988,I had a walk today after literally not walking in,NONE
2994,The thing to remember is that a suspension overhaul sounds,NONE
2996,"if I didn't know Lou, this face would still stop",NONE
2997,Soon you'll learn all the best things on Othelle are,NONE
2999,Investing in yourself is the best investment you will ever,NONE
3000,Quite brilliant & interesting project at its early stage. Its,NONE
3002,You lot think we going to another universe or something?,NONE
3004,Some people swear by it. I tried ingesting it a,NONE
3005,moody painting to look at! nice!!,NONE
3006,@nextofficial Lost your clothing for previous days work over night,NONE
3007,The GP explains in the video I linked. I am,NONE
3008,"right, it's point that gets me. i think much that",NONE
3009,@BTS_twt @coldplay The world needed this,NONE
3011,It's quite weird hahaha. All the comments are like yes,NONE
3012,No just high cortisone because of the Lupus. 😘,NONE
3013,I wear a size sativa in pens 😌,NONE
3016,@GMB @ayeshahazarika @RuthDavidsonPC Do you ever stop to ask yourself,NONE
3018,It hits the whole community hard. The younger men's deaths,NONE
3019,@thehill This is not a vaccine since it neither prevents,NONE
3020,@skepticalzebra We are extending life but at a cost. My,NONE
3022,Ayyyyyy I downloaded it the other day and picked it,NONE
3026,A trunkle is approximately 3.8 babbles in the Canadian metric,NONE
3027,it is my solemn duty to kinkshame everyone,NONE
3028,@helenzille @user Because they get their data from twitter and,NONE
3029,"@marcorubio Being held accountable for your actions isn't vengeance, it's",NONE
3030,0micron is a cover for the failure of experimental gene,NONE
3031,The original Metroid is so moody in a way that,NONE
3032,@Technothepig A new baseball bat. Mine got filthy and full,NONE
3036,@MSNBC Their will be no coming together. Democrats honor the,NONE
3037,@CaesarsWindsor Looking forward to being able to cross the border,NONE
3041,What would be the point in even starting a conversation,NONE
3043,Lol that's rich. You've quite literally signed yourself on to,NONE
3044,"tu sabes que, my bf trauma dumping was exhausting, but",NONE
3047,TW // mentioned suicide attempt (is that the right tw,NONE
3051,dream keeps saying its gon na be a big month,NONE
3052,"edtwt! for apps like fitbit that calculate all calories, including",NONE
3056,The COVID-19 pandemic has created emotional distress within Michigan's educational,NONE
3058,I hate seeing backhanded references to suicide weaponized in social,NONE
3059,"I think I'd probably still be alive, at 34. I",NONE
3060,"Clerk sneered that a s34 disqualification should not be given,",NONE
3063,"Big numbers there! Good luck, hope you make it. Ideally,",NONE
3064,@TheDemocrats Deliver it then - you have control of the,NONE
3065,John Fury - 'Tyson was very badly injured going into,NONE
3067,"im new to anitwt and i need moots, a little",NONE
3070,I have never been with someone who hasn't either sexually,NONE
3073,I'm totally down for mushrooms under the moonlight 💫,NONE
3077,@hperalejo Ganda yan. Remove all the toxic eeste toxins pala,NONE
3078,"Oh, yeah. That's why he is inconsistent and slanders people",NONE
3079,@NVEnergy it keeps going on and off i want to,NONE
3080,@WTA Why is it ok for Emma or any other,NONE
3081,Urs was good but I'm talking about the controller one,NONE
3083,"1. Big Pharma has no reservations about dumping addictive, harmful,",NONE
3085,"fixing cracks is easy, just use some ramen!' but what",NONE
3089,"Going to have a big bottle of lucozade sport tomorrow,",NONE
3090,@BTS_twt @bts_bighit gris I choose Map Of The Soul:7 by,NONE
3091,"If I have a headache I take a painkiller, if",NONE
3096,"I already downloaded it but have','n't' chosen the tickets. Yes,",NONE
3099,I take cannabis medically so I'm' not trying to get,NONE
3100,Diagnosed people of recov twt. Was your diagnosis the one,NONE
3101,My company has refused to invest in ergonomics. Now I,NONE
3103,Kindnes is free. Sprinkle that stuff everywhere. GULF KANAWUT MISTINE双11xGulf,NONE
3106,@BTS_twt I got one with an extra gadget package. 25,NONE
3107,"Pretty sure if I had a gay, fem, dress wearing,",NONE
3108,@jilliancyork @user @glynmoody @Facebook I'm not sure what you think,NONE
3111,2:00pm and 3:00pm have wayyyyyyyyy different energy. 2 is like,NONE
3113,"Postthrombotic syndrome (presents as pain, swelling, venous ulcers) is 2/2",NONE
3116,@LivEchonews He's always been scum his family will stand by,NONE
3118,@MalcolmNance @user And do you think a couple dozen terrorists,NONE
3119,@AmazfitIndia my gts 2 mini has stopped functioning completely within,NONE
3122,"Sorry, not accurate. Didnt happen. You cant even cut off",NONE
3123,@moodyracingpgm get him to the Cox Plate. The treble is,NONE
3126,how has the prospect of getting no way home tickets,NONE
3130,Naw I was an addiction for 10 years droppingAcid 4,NONE
3131,"@CyrilRamaphosa Stand United against corruption, I got 1 payment from",NONE
3132,Phoenix will be a massive hit thirteen PHOENIX BY MORISSETTE,NONE
3136,@iamcardib Cerave products and hyaluronic acid for the dryness will,NONE
3137,"Hey, I know I can't do much for you but",NONE
3139,@Yahoo Treating women has second class citizens. Has got to,NONE
3143,Ever read a comment or a tweet and click the,NONE
3145,i want to look like that except i don't want,NONE
3146,Then this would beg the question... why boosters. If the,NONE
3148,"@sabina I love you so much, you are the best",NONE
3149,So residents are screaming for a scalp re: gun violence,NONE
3151,OMG. @user Best laugh for the last 2 years. Bless,NONE
3154,Trying to tackle After Last Season is a suicide mission.,NONE
3155,If my house wasn't so close to the neighbors! Someday,NONE
3156,i just need to know how this transpired bc she's,NONE
3161,@michaelmalice I think you should drop the term anarchy because,NONE
3165,diyar e dil is quite depressing in the first half,NONE
3167,@EssexPR @user @JamesMelville I'm' 19 and have suffered all my,NONE
3168,i can not word just how much i loathe the,NONE
3169,"Then knowing this, stop electing them. It is illegal to",NONE
3170,Yeah the type of poor mental health that a walk,NONE
3172,Thank you for the bday wishes I am severely mentally,NONE
3173,I don't I was much active in online discussions at,NONE
3174,"Yes because all the gun bans in the world wo','n't'",NONE
3179,Semantics. The married women of today are safer because the,NONE
3180,"If someone keeps saying mean and hurtful things, I'm' not",NONE
3182,I don't know what I'm supposed to be doing for,NONE
3187,People already started to act weird. 😫 Well what did,NONE
3192,about to take some nyquil againto knock out lmfao😭,NONE
3193,after seeing mutual's' tweet about her fan comic getting pinned,NONE
3194,What do the donuts they throw away have to do,NONE
3195,diminishing TCOs? There is a reason so many WoC fans,NONE
3196,"I'm' 18, quite young but I'm' starting to lose way.",NONE
3197,i am just so in awe??? i am between screaming,NONE
3198,@watsoncomedian But don't you hate it when people say the,NONE
3199,// that was supposed to be a heart.. twt exposed,NONE
3200,He wasnt moody thats for sure cause if nabila marah,NONE
3203,I'll' put my voice out there... Gamecocks will beat Clemsux,NONE
3206,depressing to be back at work after two weeks off.,NONE
3207,Manafort country? There used to be a street named after,NONE
3208,It's funny because I can pick out three maybe four,NONE
3209,"@megynkelly Look at you, trying to work your way back",NONE
3210,"@BDPeacock Hey, you know I'm a big fan of the",NONE
3212,Re-watching BTS performances on MTV unplugged now hoho BTSUnplugged BTSonMTV,NONE
3214,So when you gon na stop beating around the bush,NONE
3218,I COULD say I'm S+ in Splatoon or I could,NONE
3219,want sunday to come faster bcs i also wan na,NONE
3221,But what is more interesting is that these numbers indicate,NONE
3223,"Ignore em mate, people that can','''' t find it in",NONE
3224,There are no cannabis suicides. Each case you site has,NONE
3226,@DineshDSouza 🤔…slagging towards the quota?,NONE
3227,It's deplorable and depressing. The message sent by this verdict,NONE
3229,"— seemed, it was the first time he had been",NONE
3230,Ready for the panoramic to be behind us so I,NONE
3232,anxiety with accompanying panic disorder and depression,NONE
3234,Probably a stupid question but... why can't @NintendoAmerica @Walmart @user,NONE
3236,Drop me some depressing animes i need to watch please,NONE
3237,I'm an adoptee who survived a rare cancer with possible,NONE
3238,@BTS_twt TAEHYUNG OST IS COMING V OST IS COMING CA',NONE
3239,Been inactive recently Just know I'm' still on once in,NONE
3240,@kinsellawarren Far less damaging then to be caught in blackface,NONE
3241,"@BTS_twt Coz, at the end of the day the awards",NONE
3242,@MacFarlaneNews She did not pleas guilty to threatening a member,NONE
3243,Well love they do the same thing amongst themselves too,NONE
3246,@BronzeBomber Has The bronze blagger lost the will to live,NONE
3248,I just learned homewreckers can be prosecuted under Shariah law,NONE
3251,have you been eating wild mushrooms off a field? 🤣,NONE
3254,Ok pal. Let's debate. Tell me three players from today's,NONE
3257,the main girl in this keeps trauma dumping on the,NONE
3258,@madhukishwar I applied for color coded sticker for my car,NONE
3260,I thought maybe he would be at best average but,NONE
3261,Got mine out over the summer. I prepped a ton,NONE
3263,We can all feel depressed now and again but depression,NONE
3266,Does anyone else take their shoes off when driving to,NONE
3268,I normally use the pant leg trick but if it's,NONE
3270,Strange thing to say but I started becoming happier after,NONE
3271,"@marcorubio Ah, yes. The classic 'I'm too stupid and lazy",NONE
3272,having a bad day because some horrible humans are disavowing,NONE
3274,There's' no 19 on the list dear Claim your popeeness,NONE
3275,WARNING. Homebuyer gets email from conveyancer with bank details. Buyer,NONE
3277,I will share my struggles with depression and anxiety with,NONE
3279,The cop that 'suicided....?',NONE
3281,locals don't treat edtwt like a zoo challenge,NONE
3282,Let me mass murder that bussy,NONE
3283,I am SUFFERING from my need to trauma dump. Someone,NONE
3284,Thank you for playing @BTS_twt @coldplay MyUniverse ColdplayXBTS on @MostRequestLive,NONE
3286,I just feel like we should OPT out of day,NONE
3288,"Him being an idiot is, whatever. The number of ostensibly",NONE
3292,how can he have shoes and socks with matching design,NONE
3293,(5/5) I have to give major props to this film.,NONE
3294,"I'm not gon na bite you, baby. Relax a little",NONE
3295,everything mentioned above has also been pretty heavily affecting my,NONE
3297,Yassssss!! The best account!!! My favourite 💜 Welcome back!!,NONE
3298,Here's a gentle reminder that @user and I will not,NONE
3299,I still feel bad from getting yelled at by sea,NONE
3302,@VP We have to reapply?,NONE
3303,"@MattWalshBlog Wait what.... you mean the Black man, who benefited",NONE
3305,Thanks beautiful there great for ballbusting 🤣,NONE
3308,@KimIversenShow She is a grifter riding a wave of anti,NONE
3311,@mattswider I followed the advice from the link Matt sent,NONE
3312,I just woke up thinking about Iceland.Have you ever seen,NONE
3316,@adamlevitan What data are you using to back up the,NONE
3319,Yasss 👏 but still got ta get some sleep to,NONE
3320,The clothes they're wearing are from the BTS Themed Merch,NONE
3322,An ancient statue of a forgotten heroine. You try to,NONE
3326,I'm not depressed. Reality is depressing. Maybe I'll start overworking,NONE
3330,Trump's lawyers whined about the House Manager's introducing new (public,NONE
3334,Aww thanks so much!! I love Charmy and thw Chaotix,NONE
3335,@BTS_twt Have you been covered in bees recently? because you,NONE
3339,@NextRevFNC @LisaMarieBoothe We can't stop Democrats from cheating. SCOTUS told,NONE
3341,@SohrabAhmari And what were the guilty pleas and convictions for?,NONE
3342,@benwinston Thank you Ben! 🙏 we are so so so,NONE
3343,@NESN Sudden craving for stuffed mushrooms,NONE
3344,Today is my only day off from this past 80+,NONE
3346,@PlayHearthstone @user @user This is depressing,NONE
3347,"Yeah, this doesn't work for exactly this reason plus another",NONE
3349,i'm mentally somewhere tropical and want to physically be there,NONE
3350,@BTS_twt I guess he's' being quarantined? Same with Jimin and,NONE
3352,@travisbarker you really nailed these flavors on the BarkerWellness tinctures!,NONE
3353,Fell at the fitba today & seriously fecked my big,NONE
3354,i beat intechs 3 times i just didn't beat him,NONE
3355,"@heldavidson Suggesting all people's stories are important isn't true, some",NONE
3356,im from the serpents isles but i learned hemomancy from,NONE
3357,"Westwater Resources $ WWR, will hold a conference call to",NONE
3362,tbh I think growing up without a proper real life,NONE
3363,She's' not hiding despite massive disagreement with her position. Calling,NONE
3365,@casspernyovest Nah they will be scared to release now🤣cos they,NONE
3366,To this senator who lost his re-election stop your lies,NONE
3369,@sophieraworth Had mine on thurs in the afternoon. Woke up,NONE
3370,what would happen if you drop a mento in a,NONE
3372,missing the times where people would bother me in my,NONE
3373,My therapist diagnosed me with Adhd and prescribed me meds,NONE
3374,"Imagine if this 'trial','''' was actually bipartisan. Imagine if Senators",NONE
3375,I had to go do somethin n when i came,NONE
3376,"@20thcenturymarc A brand thing, eh?",NONE
3377,"@Aaroncheruiyot You are creating an issue where there is none,",NONE
3382,ducking on the thotty,NONE
3383,"Transportation, even better safety, cheaper, more effective, easier to apply",NONE
3384,was reminded today is the 5th anniversary of my ex-husband,NONE
3385,Where does the template come from that everything should be,NONE
3388,the good old days when i was severely depressed,NONE
3392,@MarinaDiamandis Thank u for this! Turning 24 this year feel,NONE
3393,I feel like a weirdo paying such close attention to,NONE
3394,@TonyKhan @darrenrovell @AEW I wish my boss was half as,NONE
3395,not knowing i was gay for most of my life,NONE
3399,The idea that Ruby and Penny are in love with,NONE
3400,@BTS_twt Goreng sedap ori I VoteDynamite (@BTS_twt ) as my,NONE
3401,No. Just no. You are only apologising because you got,NONE
3402,"I listened to a podcast once, probably This American Life",NONE
3403,"@RachelNotley My point still remains, why ask the question now",NONE
3404,"Not exactly considering the notion of christian freedom, and we",NONE
3408,@VIZIO @dts @VIZIO @dts @user Need a movie soundtrack for,NONE
3409,"Every evidence, circumstancial evidence, bruises on body proves that Sushant",NONE
3410,is this hui? pls stay strong and if you need,NONE
3412,to the people I annoy by putting a warning I'm,NONE
3417,"Dr. Deanna Burgess says, 'we are getting more people on",NONE
3418,"I played either CE or 3 on a friends PC,",NONE
3420,@OnAirRomeo @MostRequestLive @coldplay @BTS_twt Hello @OnAirRomeo @MostRequestLive I would love,NONE
3422,WOW.. South Carolina with the Fake Punt.. down to the,NONE
3423,"Twitter has decided to commit suicide, as did the New",NONE
3424,We have noticed that they have removed the images of,NONE
3425,reality is much more boring (& depressing) than imaginations,NONE
3427,So is it like important to have a pinned tweet,NONE
3428,hello teumes! I have extra chamsims on idolchamp so I,NONE
3429,I don't understand the blame also. On the videos he,NONE
3430,Were the refs cheating? or did they have inherent bias,NONE
3431,@ChrisCillizza Because the Democrats lied and fraudulently fabricated evidence as,NONE
3432,GuiltyGOP? Guilty of what? The democrats are guilty of riots,NONE
3433,What straightforward data? I haven't seen any data that remotely,NONE
3440,"@BTS_twt he is the sweetest, most beautiful man. I just",NONE
3441,@TomiLahren Good for you. I'm assuming you meant physically sick,NONE
3442,"I agree, I have to go in to work and",NONE
3446,It's good it's just more focused on the present day,NONE
3448,@CassandraRules @DanCrenshawTX I mean this is real dumb. She's not,NONE
3449,"Oh my days, and just like that, it's all over.",NONE
3451,"started my meds again, speaking with a psychologist, drinking more",NONE
3452,You have been operating for so long at an elevated,NONE
3457,I sometimes even manage to request a forgotten password on,NONE
3458,Fursuiters be like 'owo would you hug this??' with a,NONE
3461,Our T-Smart Hot Water Cylinder Thermostat allows you to effortlessly,NONE
3462,i was just on a p0rn account and they retweeted,NONE
3463,"Bell Let's Talk Day can be frustrating, disappointing, or triggering",NONE
3464,"I would love a live action Etrigan film. Magic, hell,",NONE
3465,@RepSpeier I'll play the kindergarten game.... Sticks and Stones may,NONE
3468,I get really sad and stressed about how anxious my,NONE
3471,"For me, I don't know mayor apart from all the",NONE
3474,It's day 341 (?) of this pandemic and i still,NONE
3477,210.I am also proud and elated Hon. Speaker to report,NONE
3480,happy new years eve!! im so glad i joined zeldatwt,NONE
3481,"Some may think sticking to our release date is irresponsible,",NONE
3484,"Unfortunately, 'critical thinking as we're taught to do it' has",NONE
3485,@PeoplesMomentum It's part of momentums t & c's when you,NONE
3486,Had the same problem. Then made a rule. See-Pa-Th-In. i.e.,NONE
3487,Sometimes I am the most moody person ever.,NONE
3488,fb and rt/like pinned thankyou < 3,NONE
3489,@BTS_twt 1 ] In 1952 many people died because of,NONE
3490,I have officially made myself too anxious and stressed to,NONE
3491,now I'm a few eps behind (currently mid-smashed * snigger,NONE
3493,🤦\u200d♂️ Awful attitude. The wanker even raises money for charity,NONE
3494,From one of the links I posted,NONE
3495,I said I think it's that time of the month,NONE
3497,I would say He's emotionally and physically abused this country,NONE
3498,@mrandrewdickson But it is' n't' just about winning for the,NONE
3499,"I really do feel like they need actual help, because",NONE
3500,"🇺🇸🇺🇸🇺🇸 Prosecutors always 'overcharge','''' so they can get people who",NONE
3501,@glynmoody When it's got 'Johnson favoured a more targeted approach',NONE
3502,@AdamAizer @JameyEisenberg @daverichard @heathcummingssr fantasy cops - you talked about,NONE
3503,I was more referring to joong being all moody but,NONE
3505,"And if you really want to get into moody mysteries,",NONE
3506,@chrislhayes @Timodc @RexChapman The interesting thing is impeachment wasn't meant,NONE
3507,@CBSThisMorning @GayleKing She so sorry but don't mind slandering the,NONE
3510,I think u should be able to choose if you,NONE
3512,"STATION 11 x THE LOCALS When Nick and Dave, two",NONE
3513,"2/ This is 100 % for real, please DM me",NONE
3515,come mek mi sponsor unu some body butter and sugar,NONE
3517,Pizza party for moody,NONE
3519,Page 8 Our fleet is looking to get in at,NONE
3521,"Good, think of all that booty trash he no longer",NONE
3522,"4. It did not in the past, for sub-nuclear reasons",NONE
3525,"@washingtonpost Neither could the burning of buildings and bizs, the",NONE
3529,"Super tamad ako today. Haysss!! Anyway, I have to be",NONE
3530,@YouTubeGaming @user Hey @user You keep disabling my comments section,NONE
3531,@YoniFreedhoff Thank you! Mental health support is desperately needed and,NONE
3532,I'm drained mentally physically and emotionally 😩,NONE
3533,@BetoORourke You believe in mandating vaccinations and masks? Why stop,NONE
3535,"I'm' in this tweet and I don't like it, that",NONE
3536,"If you're spending Valentines day alone, watch @user stream cause",NONE
3537,"Everybody in Catholic School learned about the cardinal sins. But,",NONE
3538,Yeah. I feel that. I do slotting/inventory control at a,NONE
3539,"Here is a PSA: I'm broken really bad mentally, physically,",NONE
3540,"ah well, it's kind of a guilty pleasure for me.",NONE
3542,@RulesReps @GOPLeader @HouseDemocrats @michaelcburgess @RepAshleyHinson Are you going to wait,NONE
3544,@nfbrennan @user @JohnFetterman HEY DEMS STOP PUNCHING YOURSELF * punches,NONE
3547,Journalist Samantha reports on a string of deaths being written,NONE
3548,"She decided that no, covering her ass was more important,",NONE
3549,@CanadianPM @JustinTrudeau And on Thursday he spent the day on,NONE
3550,Most of us see one flow of time but Sara,NONE
3552,"@ginacarano You are a mighty heroine, Gina! I stand by",NONE
3554,"I've been lurking on EDtwt for some time now, and",NONE
3555,faggle is the funniest thing ever to me,NONE
3557,All these people who slagged lingard to high heaven suddenly,NONE
3558,"By just removing 0,1 from 1 we eliminate over 10",NONE
3559,It sucks. My anxiety is thru the roof.,NONE
3560,"If there is one thing I dislike about Arteta, it",NONE
3562,edtwt do you exercise during low res? i used to,NONE
3564,"Hell yee, found the homescreen somewhere on twt but I",NONE
3565,You know sometimes during Love or Hosts I have to,NONE
3567,Journalists put their lives in danger to cover the coup,NONE
3571,I try to say that. But my mom always gets,NONE
3572,@YvetteCaster Talk about mental health to a doctor not a,NONE
3573,@smerconish @CNN Her total hysterical breakdown post shooting on the,NONE
3574,"pretty good in small quantities, overhated imo.",NONE
3575,Maybe we didn't hate female characters as kids because we,NONE
3576,Beat Mass Effect 2! That suicide mission is sooooo cool.,NONE
3577,Sana'' y mawari' this lyrics part envade my mind the,NONE
3579,Can a fighter be at their true peak on fight,NONE
3582,"Really, really disappointed to see Stella Creasy signing that moronic",NONE
3583,"Yeah, either ppl will learn or realise they're out of",NONE
3584,I've had the same procedure. You'll be fine. The NHS,NONE
3585,@WarrenDavidson Wearing a mask is freedom of choice. Shirt and,NONE
3588,"Dear men, please don't tell me to come to your",NONE
3589,"See, this is why I picked like 2 arcs a",NONE
3591,I know 😭😭😭😭😭 it's the album that gave us the,NONE
3592,"@joncoopertweets Thats what McConnell is counting on, thats why he",NONE
3594,One guy introduced me and said it's a job vacancy,NONE
3595,Any chance at all of quantities on this Bríd? They,NONE
3596,I told myself no unnecessary shopping this year & I,NONE
3600,I know the story of King Arthur very well... Maybe,NONE
3603,(2) Just to drop the pet back off at the,NONE
3604,gn to the people that know starships in just dance,NONE
3605,ive used googl lens to identify bugs twice and they,NONE
3607,All I think of is Alfred Hitchcocks The Birds.,NONE
3608,thank you 💀 too many ppl are saying she's projecting,NONE
3611,@ewarren Why stop there? Minimum wage should be $ 100K,NONE
3612,Kind of depressed after watching nu DUNE. Going to look,NONE
3615,Teh totally mess and tired physically but emotionally rin nakakapagod,NONE
3616,"Because it acknowledges church teaching and sin, while also acknowledging",NONE
3617,"@OANN It wo','n't' stop if the Democrats get away with",NONE
3618,Well said because that is the biggest deflector this government,NONE
3619,I really was about to go back into a depressive,NONE
3620,5/ Disadvantages: ❌ No control over maintenance and management ❌,NONE
3621,@CaulfieldTim @jonathanstea @crackedscience @tarahaelle @DeNovo_Fatima @DrLindaMD @picardonhealth @StanKutcher @DocMCohen @AntibioticDoc,NONE
3622,8⃣Leverage the power of inspections to document abuses & neglect,NONE
3623,real love is part of the soundtrack of AlwaysAndForever a,NONE
3624,Most likely a twitter glitch but try just clicking the,NONE
3626,"Tae heart sank as he heard Jungkook's answer. His voice,",NONE
3629,"As someone who suffers from anxiety and depression, know although",NONE
3630,"Tough loss for Denver, but at least with Bridgewater and",NONE
3632,Can't believe that's a real show. Just depressing beyond belief,NONE
3635,Anytime I see dads doing the absolute bare minimum for,NONE
3637,"Stress Depression Capital of the world is INDIA, More Than",NONE
3639,"Nah, what you are thinking of is the bending forward.",NONE
3641,just got hatecrimed on netflix,NONE
3642,It's not your fault. I'm' a demon so sometimes i,NONE
3644,@BTS_twt Y'all crashed the app 🚶\u200d♂️,NONE
3646,"He',''ll' be in team. Tuchel tried signing him for PSG",NONE
3647,techno better drop some crumbs or i'll' give in to,NONE
3648,@BTS_twt We need a✨ full outfit check ✨ 😏🤌,NONE
3650,Put myself thru the punishment of watching the 4th qtr,NONE
3651,Am in the part where it telling me to pick,NONE
3654,Omg I've heard of that but I'm too scared to,NONE
3656,yaaassss!!! 👏🏾👏🏾👏🏾 we love to see it,NONE
3657,I'm so Legoshi that it physically hurts.,NONE
3659,"My crummy health. Already have P.A.D., Deep veins thrombosis, ❤",NONE
3665,"I pray for healness, healthiness, and faith to those suffering",NONE
3667,Can second that it's incredibly convenient. I also put my,NONE
3669,The system as it currently stands has built more protections,NONE
3670,hello medtech friends!! 🥺 may ma susuggest ba kayong procedure,NONE
3672,isn't it funny the amount of people in the public,NONE
3674,(again) Hype my pinned and drop yours here.,NONE
3677,I appreciate my primary care doctor. Today it was because,NONE
3678,"TW // mentions of self harm and suicide Yeah, I",NONE
3679,"Just finished season 2 of TheMorningShow well well well, quite",NONE
3681,@atahasnain53 She's' a goodwill ambassador but can't get over her,NONE
3682,Happy Saturday @user Please play ButterRemix ft. @theestallion on MostRequestedLive!,NONE
3686,vyvanse is a curse i refuse to live without,NONE
3688,WHERE IS THE HALLOWEEN IM BEGGING @pledis_17 @BTS_twt IM UNSTANNING,NONE
3689,never tell ppl w/ anxiety or depression to stop overthinking,NONE
3690,"If you don't know she was offended by this, then",NONE
3691,Im so bad at everything twt related so any help,NONE
3692,No. I have always wondered why someone would be so,NONE
3693,Not to mention that the official guidance does not specify,NONE
3694,@barandbench Arnab did not do anything.Sameee Wankhede did not do,NONE
3698,ednos is the worst thing that i has ever happened,NONE
3699,"@jemelehill Yep, its like 2 billion in damage atleast 25",NONE
3701,I get people are angsty and eager to get back,NONE
3702,Going outside with a couple is mentally and physically exhausting.,NONE
3705,"@GovMikeHuckabee Now really, sure you don't want to back track",NONE
3706,"It's so confusing. Feeling insecure, but is my insecurity inherently",NONE
3707,Why don't you provide explanations and data. you are only,NONE
3709,I don't even do it but I don't get people,NONE
3710,"alright pinned comment is done, go check it! if you",NONE
3711,When a woman is fed up she leaves mentally first,NONE
3715,Does anyone have symptoms of what I call a 'Seroquel,NONE
3716,"Opposition brings concord. Out of discord comes the fairest harmony.',''''",NONE
3717,@richardzussman We would be much better off taking the first,NONE
3719,yes i agree but people are quick to forget that,NONE
3720,Now you want punishment for yourself for the crime committed,NONE
3721,"How devastating has the impact of the pandemic been? Well,",NONE
3722,hate how anxious being at my lw makes me: (but,NONE
3727,Surgeons manage during 10 hour surgeries. It's been proven again,NONE
3730,@Ed_Miliband I won't hold my breath waiting for New New,NONE
3732,"@RealKyleMorris OH no!! Is Joe on twitter at 2am, mean",NONE
3733,"Oh yeah undeniably, but I guess we're all just desperate",NONE
3736,One minute unu wah people say how they feel the,NONE
3739,It's meant to be androgynous Marlene Dietrich. Her birthday was,NONE
3740,thinking about the time my bf gave his cousin one,NONE
3741,At my amala place and the lady who sells water,NONE
3743,@NBCNews TIL that there are organic-focused prisons. Do they also,NONE
3748,"@POTUS Nordic countries, not at the top, high rates of",NONE
3749,"Sometimes I read through the thirsty, slutty comments on irl",NONE
3751,"Was depressed for half the day, and put off my",NONE
3752,well. i don't get any more of the medication we,NONE
3753,@RealCandaceO Define 'gun down' if you will. Mass shooting where,NONE
3754,@saletan @biannagolodryga @MaxBoot Our most beloved grocery chain @user has,NONE
3755,They're insufferable. We always want to scream but it's never,NONE
3758,"That's' not how drugs work, at all, it's like saying",NONE
3762,"@MDaware Headache x 23d, suddenly spiking to 8/10, intractable with",NONE
3764,"@mjrowland68 @thebeatles I don't have Disney plus, will wait to",NONE
3765,"@BTS_twt DTS is back soon, stay tuned ☃️❄️🐤🐥",NONE
3766,It's absolutely triggering the veracity in which these ppl will,NONE
3769,We need to stop looking at cases as a measure,NONE
3770,It's that time of the month again and I don't,NONE
3771,"To all who plan to have a presidential debate, pls",NONE
3772,"Elliott-chan, when I debut can I be a part of",NONE
3774,"I know it's a shade, but like other ‘ PoC",NONE
3778,honestly after finishing the glass i'm actually bumping the moscato,NONE
3781,"He was too vague, got ta ask for the sale",NONE
3783,Yeah I never realized how bad the meat section of,NONE
3784,New DnD Character concept: A Mastermind Rogue that can bonus,NONE
3785,Please be advised: the descendants of these specimens walk amongst,NONE
3788,wow playing radiohead on a humid tuesday afternoon is really,NONE
3790,When you sit down to practice piano for 15min and,NONE
3791,I'm in the process of sorting out another giveaway. The,NONE
3793,You're literally advocating for guilty until proven innocent. There's a,NONE
3795,CONTROVERCIAL TAKE 8: Anime is less spiritually harmful than fooling,NONE
3796,I remember at the beginning of covid you could still,NONE
3797,@getFANDOM I had to scroll down depressingly far to find,NONE
3800,I've been conditioned to keep my guard up around non-mspecs,NONE
3801,What we need is a way of identifying what channels,NONE
3802,It's really odd how different I act towards people I,NONE
3803,My friends and I are watching the newer Aladdin for,NONE
3804,We'll see if you feel the same when more info,NONE
3805,making some diy tunnels for my rabbit and having to,NONE
3806,5. Unable to work! I am sort of being listened,NONE
3807,Ik exactly! I'm' glad it's triggering them:) the truth hurts,NONE
3809,hello friends! does anyone know how can i properly help,NONE
3811,"artemis and i back home, the vet prescribed some medicine",NONE
3812,"Ugh, so dark and depressing.",NONE
3819,There are too many major plot lines in FFXIV where,NONE
3821,Yesterday I was just wondering why Baekhyun is being so,NONE
3829,"Yeah Its just my hypothyroidism being silly, I got ta",NONE
3830,"@Navimumpolice Sir, The fines for police and fine for normal",NONE
3831,feartwd just watched an episode with rufus's' death and the,NONE
3832,New meds acquired. Emo Alex is quaking. Oh and also,NONE
3835,"guy who stops eating eggs, going outside and drinking coffee",NONE
3836,I might have to drink this whole bottle of pepto,NONE
3841,Congrats @BTS_twt ARMY 💥 Fastest Songs by Korean Act to,NONE
3842,with he deserved to be spirited of his emotions; it,NONE
3843,@globeandmail Struggling emotionally at times w/ the year long mind,NONE
3846,"Oh, YES, please! Give me ALL the pumpkin pie. I'll'",NONE
3848,Seeing a therapist would probably be really helpful. Not only,NONE
3849,Got to say I'm really enjoying this. Surprisingly good songs,NONE
3850,"@chipfranklin He wouldn't pay if he was found guilty, because",NONE
3854,Despite the extra billions of pounds being invested in our,NONE
3858,@GarretKramer The test itself is an invasive medical procedure. One,NONE
3861,'I'll go fix you up some special cough syrup since,NONE
3862,@MarcusRashford Your right he isn't in the same league. He's,NONE
3863,Any 3dtwt artists want to do that thing where we,NONE
3865,The police forces of the world are Masonic - there's,NONE
3866,@ShakuntalaSahu0 modi_job_do We all the students will teach the lession,NONE
3867,I use FireAlpaca! The first one was drawn in GIMP,NONE
3870,"My vitamin C serum on top of my lactic acid,",NONE
3874,@mtgreenee Obsessed with democrats allowing criminals and drug addicts having,NONE
3875,@chipfranklin Hiding out in the woods of New England was,NONE
3876,"@NSR fans if you have nsr fan merch, please share",NONE
3878,@Reuters Rather defeatist. And you don't think there's an even,NONE
3880,"Wake boss, Kenya wajinga wamerevuka.Be ready for Ruto Presidency.Too much",NONE
3884,@KEEMSTAR all we are trying to say is that suicide,NONE
3885,@MondaireJones @AOC I still don't understand how people can compare,NONE
3887,"@EJDionne @JoeBiden Except 4 Covid, THIS is the most important",NONE
3890,I remember doing a weigh in after going through a,NONE
3891,Lakers are 14-5 with Austin Reaves and 5-14 without him.,NONE
3893,Him and the idiot duo at PTFC GW and MP,NONE
3894,Who's been messing up everything it's been my severe mental,NONE
3896,i will be here to support if you want! or,NONE
3897,Because they think buprenorphine isnt as 'fun' to use as,NONE
3899,"Magnesium underpins vitamin D needed to make, store and use",NONE
3900,it's just zandu balm with methyl salicylate in patch form,NONE
3901,Updating the website over the next few days! Including: Adding,NONE
3902,The vicious circle 😣 It's hard reconnecting to your body,NONE
3903,accidentally cleared all my twt data instead of clear cache,NONE
3908,I downloaded and paid for the alerts but can't figure,NONE
3909,@OwenJones84 Yes... then get behind Starmer and stop creating division,NONE
3910,hm. im not v close to my mom but she,NONE
3911,the sadness wanes from her smile. 'of course. second chances,NONE
3912,@TiceRichard @calvinrobinson big pharma is now self regulated by government,NONE
3913,"If you can't measure it, you probably can't manage it......",NONE
3914,"@BTS_twt take deep breaths, listen to some mellow music. collect",NONE
3918,@davereaboi History presents more than enough proof of this!! too,NONE
3920,The Millennials of tiktok videos are so accurate it's part,NONE
3922,"fyi: everyone's' thinspo depends on their goals, personally my type",NONE
3923,"We've been on a downward spiral for years. Points deductions,",NONE
3924,its like once them pieces all together and that light,NONE
3926,I remember there being genuine surprise that neither of those,NONE
3927,If you want to leave the days of being an,NONE
3928,liver is just a party pooper time to remove it,NONE
3931,I want to make a compilation of every ugly scream,NONE
3932,Who wants to bet how many mood stabilizing drugs @user,NONE
3933,@SkyNews Since the first lockdown began: - Depression has doubled,NONE
3936,i wan na redo my emotes for the umpteenth time,NONE
3938,the AUDACITY some ppl have to party rn makes me,NONE
3941,I feel the need to balance programming vs. everything else,NONE
3943,"There are many parody accounts here on twitter, but your",NONE
3946,There are more than one type of magnesium find out,NONE
3949,@MicrosoftIndia Thanks @Microsoft @Microsoft Helps @MicrosoftIndia @satyanadella @user @surface for,NONE
3950,this might sound a bit random but try biting/sucking on,NONE
3953,"@BTS_twt my named Kim Ngan, I hope my name can",NONE
3957,been listening to frequency videos while i journal/do workbooks/read and,NONE
3959,This trimmed GSI's presumably an equivalent of the bare bones,NONE
3961,"@ksorbs Things can go south on an aircraft, in a",NONE
3963,People who hate President Zuma with passion and want to,NONE
3964,Read translations from at least 3 different trusted translators everytime,NONE
3965,. @CFWilsonJones have you heard of Paediatric Acute-onset Neuropsychiatric Syndrome,NONE
3966,u on ketamine or what,NONE
3967,They will soon ban you Bill. Keep establishments & their,NONE
3968,😂😂😂😂 To me? That's an awfully broad brush you paint,NONE
3969,Lmao I'm mad because Ive given much more than her,NONE
3971,"When I attempted suicide in 2018, I would have never",NONE
3973,@SkyNews Mr Hancock said 10 new mass vaccination centres had,NONE
3974,"While we're at it, tax nicotine patches, non alcoholic beer,",NONE
3975,"I think it's a combination of ignorance, self-entitlement and out-and-out",NONE
3976,my fav thinspo- sitting on your friends lap in a,NONE
3978,I hope you could play @BTS_twt Life Goes On LifeGoesOn,NONE
3980,Tackling life's' big challenges through the proven power of reading,NONE
3981,Oh see I don't mean no harm but I forgot,NONE
3982,has a full day planned ending in a hot tub,NONE
3983,i tried watching the twilight movies and i just couldn't,NONE
3989,@7NewsSydney The comments were in response to outfits worn outside,NONE
3992,"That's' ok, live in your little bubble thinking Tim Pool",NONE
3994,@RealAlexRubi This take is so dumb it physically hurts,NONE
3996,"to me, 'pursuing happiness,' 'demanding happiness,' etc, are scams I",NONE
3997,@MelissaBlasius @abc15 1 He's wearing the fur of a dead,NONE
3999,I'm' so excited for the 21st my first suicideboys show,NONE
4000,2) Amazon is not guilty simply because they are very,NONE
4003,there's a good year or so or when I was,NONE
4004,I like to think I could write with the best,NONE
4006,"I've had this intense, debilitating neck pain/headache combo for literally",NONE
4007,every time naruto and sasuke are on the verge of,NONE
4008,I want Rudraksh to regret his Chhod dunga Preesha tumhe,NONE
4011,That's' what makes love humanity's' greatest achievement. Without it we'd',NONE
4013,We need to stop treating people as if they are,NONE
4016,Is there any of you here consume sleeping pills to,NONE
4021,"As leaders in remotemonitoring, RMG has a proven record of",NONE
4023,I want to make grant scream,NONE
4024,Happy International Women's Day! 360Wellness wants to highlight just a,NONE
4025,@BTS_twt Tbh back in the days where Idol and the,NONE
4030,My dear guilty is an understatement some pictures have 5,NONE
4031,@RioVegas @user @user circa was a ghost town this morning,NONE
4032,I'm having a tough time with the crowd watching the,NONE
4035,i don't gatekeep anything but i don't like when people,NONE
4036,i can't stop repeating hoshi forgetting his speech and jeonghan,NONE
4038,... I can say for a fact that gingerbreads don't,NONE
4039,Aaaaaaaaaaa I feel bad because I bet this is super,NONE
4040,@KamalaHarris Without guilty in an impeachment we will be rewarding,NONE
4044,"So the plugs shawty went on his trap page, posted",NONE
4046,"About 1,000 Hindu & Sikh girls committed suicide by poison",NONE
4047,"we are accountable, that accountability is to God primarily rather",NONE
4050,"@omar_quraishi DIC and thrombosis both are very rare side effects,",NONE
4051,Omg my neighbor always beating his bmup I be tired,NONE
4052,i think the worst thing to come out of social,NONE
4057,I want to rewatch Woollim Pick but I also don't,NONE
4059,@BTS_twt It happened yesterday as well but never was performed,NONE
4060,@Sportsnet @RedSox Can you imagine what Tampa could do if,NONE
4061,It does not necessarily mean they are of a certain,NONE
4065,@ColorsTV @BiggBoss Yes see them like this I also get.,NONE
4066,goals for 2021 because i have to hold myself accountable:,NONE
4069,People who actually practice ethical nonmonogamy have asked us repeatedly,NONE
4070,to the people that replied milfs in my last few,NONE
4071,Some sea snail produce sulfuric acid which they use for,NONE
4072,LOL big mood; Like I have a sleep disorder so,NONE
4073,nevermind paypal stinks huge and locked me out of my,NONE
4077,"If you don't take care of yourself, mentally and physically,",NONE
4079,To the FBPE crowd whining about Starmer saying make Brexit,NONE
4081,"📻 Most played artists on Spanish radio (1-7 Nov.), via",NONE
4082,Mental health check-in: Following the anxiety attack connected with the,NONE
4090,"@PoliceNG @user Talking b4 thinking! Whether s/he is clean or',''dirty',''',",NONE
4091,"Energy markets are very complex, modern, and progressive industries but",NONE
4092,@tonyschwartz @user I bet you nation. If Trump is not,NONE
4093,@ASPphysician @user @UnityHealthTO There is enough credible evidence to show,NONE
4094,"need','y'all' to start wearing masks. i need treasure to come",NONE
4095,I pray that God helps every college student against: -depression,NONE
4096,"Well, I was kinda proposing if you could act as",NONE
4102,@MickBooker @afneil Is Neil implying that Sky News itself needs,NONE
4103,so we use epinephrine if the heart in v-fib and,NONE
4104,I literally was the teenager screaming I wanted to move,NONE
4105,"Excuse me ma ' am, not to be disrespectful or",NONE
4106,He who lives in harmony with himself lives in harmony,NONE
4112,Reading a book about mental illness because both my mom,NONE
4113,people who have limbs removed also do it because of,NONE
4114,i saw r0se in a short girl thinspo post haha,NONE
4115,I'm asking why you believe that. And if you understand,NONE
4117,End 5 South Carolina 4 UCF 2 Knights keep the,NONE
4118,"No, stopping breathing is not poison; it's respiratory depression, and",NONE
4119,Stopped doing that cause I hate being embarrassed this is,NONE
4120,We just found out today is Single Tasking Day and,NONE
4124,If it flops I'll give the 2 people who joined,NONE
4126,You put that extremely well & those are absolute facts!,NONE
4132,"I'll take the money, y'all can keep the fame. 80",NONE
4133,Yaaassss it's so shiny and cool! And the message is,NONE
4134,permaculture is blackballed by the corporate media for chem trail,NONE
4143,@Amul_Coop @CocaCola @pepsi @PepsiCo @cokestudio @user @user @user @NDDB_Coop @user,NONE
4145,@WakeFB Suicide & mental illness is a major problem in,NONE
4148,suicide bomb watch from the rate they joining ISIS LOL,NONE
4150,"@nickmangwana @nelsonchamisa @edmnangagwa A 'professor','''' who can not spell 'troops',''''",NONE
4153,To analyse the complex nature would be to concede too,NONE
4155,still thinking real hard if i wan na join mcyt,NONE
4158,@sethanikeem @FBI I read they are planning another one on,NONE
4159,rachel saying she should be apart of tiredtwt as if,NONE
4160,"okay I decided to kinda restart my alt, never really",NONE
4161,I get mine on Monday and I'm super excited to,NONE
4163,"@Ubisoft @FenyxRising Oh, Fallout, for one.Easily. It's the Elder Scrolls",NONE
4164,number 2. 1 is completely unprofessional,NONE
4165,That's what I always think! I've had streams with less,NONE
4167,2nd shirt ng When In Tondo wait nyo irelease!,NONE
4169,Everyone in his department is like you better watch yourself,NONE
4170,can you make a cream pie?,NONE
4172,@BTS_twt mine changed too I'm' infp a,NONE
4173,Val shrugged. Johannes wanted to pull the hair back out,NONE
4174,as april fools is approaching here's a reminder: don't -,NONE
4175,During this lockdown I made friends with people just because,NONE
4176,i love you my children /p and that is why,NONE
4178,"@BTS_twt hey, you're very young so please remember to stay",NONE
4184,yess!! so subtle!. I did' n't' realize until I watched,NONE
4186,"@Matalan hello, i ordered online but for some reason my",NONE
4187,Bless you multiplied and forever! I agree that going the,NONE
4189,Knevies are doing their absolute best in bringing the girls,NONE
4193,@mmpadellan This better be done soon. I'm so disgusted by,NONE
4195,"We're grateful for the past week of memories, laughs, celebration,",NONE
4199,Even now I sometimes struggle to listen to his music,NONE
4200,"I'm glad I never got into high end make up,",NONE
4201,"Tedious really, off licence drugs prescribed by Drs millions of",NONE
4202,@CawthornforNC The central park 5 did nothing and were exonerated,NONE
4203,Yeah the 'change' is good but after playing some of,NONE
4204,My understanding is river pollution is also a result of,NONE
4208,Kinda relieved to hear I'm not the only one who,NONE
4209,And that causes gender dysphoria. You can't change the gender,NONE
4210,Be grateful for pain because it will break you but,NONE
4212,Being a Ross County fan is depressing. New manager pronto.,NONE
4216,If you have another opinion that you strongly believe its,NONE
4217,From what I heard there was going to be a,NONE
4218,I listened to Cornelia Street most of the time during,NONE
4219,having a depressive episode while antidepressants are working is the,NONE
4220,"I realize I've been missing a deeper connection of love,",NONE
4221,Liz got ta get herself together mentally and physically during,NONE
4223,feels so sketchy how i can see this account posting,NONE
4226,🤣 3 °of hallucinations.,NONE
4227,in a virtual commemoration of WorldCancerDay notes that Zimbabwe records,NONE
4231,I'm' physically and mentally scarred from these chains now I'm',NONE
4232,The stories people make up or exaggerate to get likes,NONE
4233,Let's' hope you can read the UIDs past the crusty,NONE
4236,what had transpired those few days I can not take,NONE
4237,@BBCNews This is how it comes across from a neutral.,NONE
4238,@briandick When did football go away and need to come,NONE
4239,2022 ajka bodygoals namun paru2 on the verge of dying,NONE
4240,@MartinBraith @FCBarcelona Hoping it comes to pass. Legend,NONE
4246,"When people are discussing ship of Theseus, you look it",NONE
4247,@PressSec please Ms. Psaki: I've tried repeatedly to contact President,NONE
4248,Yup. It's depressing to see these dates but even then,NONE
4250,hi! if u planned on making a purchase in my,NONE
4256,safety is suchhh gassss i cant,NONE
4258,"We're either eating cup noodles, Wingstop, cereal, or panda. And",NONE
4260,The best weather is when you see that little ray,NONE
4269,"Owen worked in Japan, he worked in Canada for Stampede",NONE
4275,end of thread (for now) 🌹 🏷 proana fatspo thinspo,NONE
4276,@anjanaomkashyap @aajtak was not Intrested in anything apart frm promoting,NONE
4277,Yeah. That's the one. But just looking at it makes,NONE
4280,That's a helluva lot of people you are calling out.,NONE
4282,@MattHancock @NHSCOVID19app The public are wearing face coverings not medical,NONE
4285,Bill that will insure votes rights are protectections for everyone.,NONE
4286,he keeps himself physically and mentally alert. He's Still the,NONE
4287,irrelevant but massaging someone sitting up is seriously the most,NONE
4293,Following back all the retweets on my pinned tweet.,NONE
4294,The idea of a bot that automatically retweets anything that,NONE
4295,Tolerate It physically hurts to listen to but i can,NONE
4296,Lately these gloomy November days are making me cranky. I,NONE
4298,@clairecmc Absolutely no stigma intended and I apologize if my,NONE
4301,I'm' over 2 and a half years protracted off benzos.,NONE
4306,"Simply put, you did' n't' deserve it. You never did.",NONE
4308,This world will remember Sushant Singh Rajput! A man who,NONE
4311,"@acoyne It's not shocking. After all, many of our most",NONE
4315,The most maddening & triggering thing about * waves hands,NONE
4317,I wish I could get in on the Arcane hype,NONE
4319,@WWE Wondering if someone will speak on behalf of him,NONE
4321,dear Mr. The @user I would appreciate if you scored,NONE
4322,"Those are more 'fruit drinks','''' actual juices have high vitamin",NONE
4325,One of the most growth-stunting lies you can believe is,NONE
4326,I woke up the new trailer of FalconAndWinterSoldier and I'm,NONE
4329,"Lovely name calling. I know, the point is. He has",NONE
4331,This is a wide angle lens probably using panaroma or,NONE
4332,the way i made a whole thread about how much,NONE
4334,Yet people turn it into a binary. Stupid stuff. Red,NONE
4336,The world survivability numbers are even better than 99.96 %,NONE
4337,"@OfficialNiniola I'm personally, emotionally, intentionally and physically waiting🔥🔥🔥",NONE
4338,"She took note of the outer design, it screams Nayeon.",NONE
4339,"🔸️ sycamor or isa 🔸️ she/he/they 🔸️ pansexual 🔸️ friendly,",NONE
4344,I ordered some shoes that are supposed to be better,NONE
4345,"Half naked benedict in the pond taking a shower, 🥵",NONE
4346,My grandfather had this happen after his best friend got,NONE
4350,Fighting demons is an 8/10 imo great album,NONE
4352,"@Peter_Dowd @Keir_Starmer That paper is a rag, an effront to",NONE
4355,im on edtwt when im at school,NONE
4356,@JennaLaineESPN Sorry ASHR but your argument assumes that others are,NONE
4359,not at Changsun immediately seeing that I was tired sksnsbdi.,NONE
4361,Oh these mfers physical already this boutta be a good,NONE
4364,y'all pls don't lie about your race and or sexuality,NONE
4367,I also took martial arts and while it is true,NONE
4368,But i'm taking antibiotics right now. So hopefully that will,NONE
4369,"@HillaryClinton Where was Hilary when the American head of state,",NONE
4370,I know 1st hand how hard it is living with,NONE
4378,"You're' welcome, sounds like you have a teenager there Dougie,",NONE
4381,"My reasons are simple: I'm 24 years old, recently removed",NONE
4385,Between this & the trifling ass roaches 😂😂 AC is,NONE
4386,mochi union is literally the worst thing that ever happened,NONE
4387,"Nothing will make you miss the ol questionable, crusty couch",NONE
4388,"And Allah (SWT) says, Distance yourself from people who talks",NONE
4390,I'm so happy to be developing a healthy relationship w,NONE
4392,@LBC Not wearing a seat belt only harms the non-wearer,NONE
4393,"@MyloveKBS BTS is so kind and talented, hope more people",NONE
4398,And no amount of economically self-harming green taxes will make,NONE
4400,@HDFCBank_Cares your agents are calling me everyday 5-7 times on,NONE
4401,Yeah haha he pretends to help the boys already knocked,NONE
4402,The Prophet (Peace and Blessings of Allah be Upon Him),NONE
4405,@BBCPolitics Also - the argument you're positing is because a,NONE
4408,just give yourself project deadlines and goal rewards and failure,NONE
4409,I know it is demeaning but it is better than,NONE
4411,"emotionally im a banana slug. physically, also a banana slug",NONE
4413,These fibrils serve as a reservoir of potential attacker molecules,NONE
4414,Perhaps the PotStocks companies can lead the charge in promoting,NONE
4416,FYI people I'm a pretty good photographer and an amazing,NONE
4418,They expect 18 year olds to sign up and be,NONE
4419,take your time pls don't feel pressured to release something,NONE
4422,Her go to response to almost everything is 'you just,NONE
4425,Use your own due diligence in verification.,NONE
4426,Pompeo stopped eating dinners on the taxpayers dime?,NONE
4428,I understand your position. I think many will move to,NONE
4429,The other day while driving past my town's' open sewage,NONE
4430,@timandfriends @CanadaSoccerEN It's frustrating for sure. I've played some good,NONE
4431,But your choice of what to eat also affects total/average,NONE
4432,AND THE 3-DAY CPALE??? Is that rlly the best solution???,NONE
4434,Three great transfers: 1. Adam's guilt to us. 2. Our,NONE
4435,Uhm yes please I'm severely ocd but also depressed enough,NONE
4438,'Fear is the mind killer. Fear is the little death,NONE
4440,Levihan make me want to scream and moan and throw,NONE
4441,This is your Sunday morning reminder that you can handle,NONE
4443,also they quote locals pics with thinspo stuff too which,NONE
4445,you took that retweet back quick,NONE
4446,"Night shifts really take a toll on me, not just",NONE
4449,'this place is full of good memories of us' 'our,NONE
4451,Simple and sweat maintain yourself Rajesh Sharma from Chandigarh,NONE
4452,@MarkDice @saribethrose @Hyatt Leftism continues 2 cram mental illness down,NONE
4453,"Sorren, you're nearer the facts, I reckon. We're actually pretty",NONE
4454,"',''Martin', stop eating out of the bin......','''",NONE
4455,Amidst the impossibility and outlandish circumstances was an emotion that,NONE
4456,the genshintwt omegle thing was fun but im going to,NONE
4459,If i gave money to every participant i would have,NONE
4460,@edcumming Oh yes! And the fact that it's everywhere here,NONE
4461,"People will really be in a relationship with someone, cheat",NONE
4463,@cz_binance pls fix the binance sms verification issue I can't,NONE
4465,"@DHSCgovuk The latest 'Green Book','''' (25 Jan 21) says 'Individuals",NONE
4466,* her soul cracks a bit... it hurts her physically,NONE
4467,"yessir, had to rip it down with my own 2",NONE
4469,"(1/2) Hi, so what this error message should actually say",NONE
4471,I don't really have a new year's resolution but I,NONE
4474,@ATEEZofficial Saved the show.... I'll' never stop repeating it!,NONE
4476,damn who knew that if i took my stimulant meds,NONE
4477,"LOL honestly','c'mon' saori is always the first thing thats on",NONE
4479,@OpIndia_in This should be declared as serious psychological disorder. 😣,NONE
4482,Losing a grandparent is never easy but I find so,NONE
4483,Some doctors are saying it might be similar to cortisol,NONE
4486,"I feel like a cougar jiggalo. I mean I'm not,",NONE
4489,"When my very smart and capable friend started college, she",NONE
4491,Yeah that ahsoka coruscant underworld arc was depressing. Cw Series,NONE
4492,Is being moody part of being Aquarius orrrrr? Just curious,NONE
4493,@JackPosobiec People need to stop acting as if 74 million,NONE
4494,"as a person who has experienced being gaslit before, i",NONE
4497,Do the developers even care? That's the question. They are,NONE
4499,Says the guy who thinks anti science cretins should be,NONE
4500,"Well, he went out for a wee, came in ten",NONE
4501,"4. ATLEAST 30 SECS INTERVAL OR WHILE YT IS REFRESHING,",NONE
4503,I don't like edtwt invalidating men with eating disorders honestly.,NONE
4504,This! 'I don't think vegan-ness is quite as absolute as,NONE
4507,Ive actually read it several times. Its an opinion piece.,NONE
4508,You do not have to apologise for your feelings. And,NONE
4509,I love their lactic acid I used to use PC,NONE
4510,Idk how she * wouldn't * be suicidal after how,NONE
4512,I'm not a lawyer. I'm just pointing out that these,NONE
4517,Looking to speak to a workout fan who finds a,NONE
4518,If my future husband isn't willing to scream 'have faith,NONE
4519,Donate it through a foundation set up to empower and,NONE
4520,scrolling through edtwt on an extremely crowded bus lmao,NONE
4522,When ur already anxious and then u see proana bs,NONE
4528,The Rise and Fall of Modern Democracy impacts every free,NONE
4529,I don't know how to promote youtube videos...,NONE
4530,Ok so shivani dan title winner Aari and Balaji fans,NONE
4536,Ok... maybe I overreacted 😁😁😁. Tbf these guys owe me,NONE
4538,"im so passionate about salmon, salmon is the best. cyber",NONE
4540,"Oh haha, just another discussion of like 'Why can white",NONE
4542,and of course it completely—and conveniently—ignores the brutal effect of,NONE
4543,"@eliistender10 It was a nightmare to use, you felt like",NONE
4544,We just met her where she was at. I often,NONE
4547,"Hm, that sounds like the classic 'big pharma will never",NONE
4549,Razorlight are posting all these throwback videos of them playing,NONE
4550,Been gone for 11 years. I elevated alot of things,NONE
4552,"Agree, I wish we could rid the world of such",NONE
4555,TODAY: @user His new memoir Unthinkable' ' is about the,NONE
4556,My Piercing Came Out 😭😭😭 Do I Go Back To,NONE
4558,@talkSPORT Jose won a Europa league a league cup was,NONE
4559,@AlanLevinovitz @user A few do appear to have noticed (almost,NONE
4560,fi's dog is on the verge of death,NONE
4561,@BTS_twt My man is really bored 😅😂,NONE
4562,Kedelapan belas My vote for Favorite Music Group at the,NONE
4565,I'm selling my shoes collection and everyone on fb market,NONE
4566,"Life in the USA was much cheaper, and yes, I",NONE
4567,@FDRLST Wait so now conservatives think healthcare is a right?,NONE
4570,Meanwhile... us knuckle draggers in our pick-ups will feel the,NONE
4574,depressed and anxious bc i can't listen to music on,NONE
4575,@Cromwelp @user It's always a chicken or egg story: Publishers,NONE
4581,Lmao why drake mans got that dingy ass tank top,NONE
4582,And benzos. Don't forget benzos.,NONE
4583,edtwt what's the point in living when all i do,NONE
4584,@BTS_twt This could explain why they did release an album,NONE
4585,The beginning of a new year..... begin a new phrase,NONE
4588,"air signs✨ your energy + enthusiasm are gaining moment, let",NONE
4589,Yeah:) I had an umbilical hernia removed. They actually removed,NONE
4590,@noraneus If a mob of people surround his house screaming,NONE
4593,@Bloxy_News Still prefer the R,NONE
4596,When you can't sleep so you watch Father Ted and,NONE
4598,@RhythmHive_twt On the App Store it was written that the,NONE
4600,hell is hot dont be a thot,NONE
4601,"Out of top 100 stocks in 1990, probably 20 would",NONE
4603,"I just read the thread of the dad, the daughter,",NONE
4606,If I commit suicide before I turn 30. I want,NONE
4608,"I agree, I also seen it as behaving exactly like",NONE
4611,ehd e wafa: it never failed to put a smile,NONE
4614,"Proposing a trans murder mystery game, but 40 % of",NONE
4616,yk i have no idea they said it was triggering,NONE
4621,"Hmm. Try beating them flat with meat mallet, dip in",NONE
4622,Yeah dude it's crazy. I've watched it go from Colorado,NONE
4624,Wait do other people on edtwt actually like salads? Bc,NONE
4626,Checking my credit score is depressing bc it summarises all,NONE
4627,"These kids wants to look cool, smash patriarchy gang, chain",NONE
4628,Shoot for the moon if you miss you still amongst,NONE
4629,When you going to stop being even the littlest depressing,NONE
4630,Bouta spend the rest of the day revamping my twitter,NONE
4631,"But, Icebrood Saga went from the absolute greatest fun I've",NONE
4633,I'm really thinking about dropping a bag on some shoes,NONE
4635,@caitiedelaney How hard is it for you to understand ainple,NONE
4637,"@JackPosobiec @user Instead of name calling, try looking it up.",NONE
4639,i wish i had more thoughtful reflections to share about,NONE
4645,legendofmana to the switch is probably my favorite thing ever.,NONE
4646,"Got the paracetamol, ibuprofen, ventolin….. electrolytes but dunno bout pulse",NONE
4648,@VanityFair The true image of a bigot. Meghan is a,NONE
4650,"@BTS_twt Insulted bts, from making fun of their looks to",NONE
4651,Down and depression in 2020 to the point of considering,NONE
4652,He posted on both twt and weverse hobi best boy,NONE
4653,@BTS_twt Guys please know that you don't need the Grammys.,NONE
4655,Asked the lady at Chipotle for the bathroom key n,NONE
4658,1. Go take a basic chemistry class and stop repeating,NONE
4659,please when i got the weverse notification about ptd on,NONE
4661,AND it's never going to be okay that they blew,NONE
4663,@HuffPostPol Well fabulous... 2021 is the year apparently where the,NONE
4664,I remember when I was a kid there was a,NONE
4669,@DrZeroCraic The comments under some of the @rte tweets are,NONE
4672,The depression hits hard this time of the year,NONE
4673,My mom bought me size 2 jeans that are big,NONE
4674,@benshapiro I don't treat someone with depression any different than,NONE
4675,I have a really bad headache. Gon na take some,NONE
4678,no cuz why is this so funny he sounds so,NONE
4679,POLL QUESTION Is the legalization of recreational marijuana in ND,NONE
4680,Cowards and liars who don't know the real pulse of,NONE
4681,Thank you all!! I've been following everyone back even though,NONE
4682,@didierdrogba Abraham will have to grow physically and mentally first,NONE
4684,There's this equipment that we use for x-ray in surgery,NONE
4685,‘ Loneliness in men is correlated with cardiovascular disease and,NONE
4686,Did we Beliprick any bets? I believe that was also,NONE
4689,@DestinyTheGame People who have bad timing with their supers and,NONE
4690,Well I will try to sleep well. Just hoping that,NONE
4693,"oh, heck prozac? michael jackson and i are medication twins",NONE
4695,Christmas Tree debuted at 79 on hot 100 congrats taehyung!!,NONE
4696,I don't enjoy being on group timing all the time,NONE
4697,Yes. A doctor being even anything other than understanding and,NONE
4698,Heard on @BBCR1 earlier this 'life hack' thing on @jordannorth1,NONE
4699,For the day's journey: 'None but those who resided in,NONE
4707,Ever had when you're sitting nice and comfortably tucked in,NONE
4710,I'm probably not. And due to my profession that's not,NONE
4712,"Alas, he's' a minor, so I can't share any pics.",NONE
4713,i've wanted to build mona for ages but between her,NONE
4714,It's got to be schlong related bc he's insufferable.,NONE
4715,@CitImmCanada You have enough Staff to process files of 2021,NONE
4716,We all want and need a safe space but a,NONE
4718,@talkSPORT Watch all the Southampton fans get moody about this,NONE
4721,They say it twice. 'Be like a merciful vial of,NONE
4724,@elonmusk No it's not because we trust although he's v,NONE
4725,He cares for koo so much it physically hurts me,NONE
4728,nah because this entire time i'm like 'no i'm good,NONE
4729,"I've just had exactly this, went to the doctor &",NONE
4730,I wish I know how to fix how I feel.,NONE
4731,"@LondonBreed Ok, you can like or not like Biden. That's",NONE
4733,I mean the instrumental itself (the violins oh god) is,NONE
4734,@cindytrimm God bless you. At least we still have God's',NONE
4739,"2021 is the year of the comeback- physically, spiritually and",NONE
4741,There are going to be extra celebratory tweets about the,NONE
4744,Yes. He is very fun to read. He has been,NONE
4746,Yaaaassssss The Tinz! RHONY,NONE
4747,"The museums are incredibly important for tourism, as well as",NONE
4748,Girl waist train. It's not proven that it makes you,NONE
4750,DontLookUp represents ignorance of America (be it guy on street,NONE
4751,@WestJet Do you think travellers should have to get (free),NONE
4752,This weeks schedule is mainly open ended really. With work,NONE
4753,@feliciasonmez @LindseyGrahamSC should be removed from office along with @SenTedCruz,NONE
4754,"If feeling Christmassy means depressed, stressed, and overwhelmed—yes. 🤶",NONE
4758,@BBCPolitics There is nothing wrong with showing your National flag,NONE
4759,"@BTS_twt Actually, I woke up with Film Out in my",NONE
4760,Yeah but the people on the left are far from,NONE
4761,A woman was critically injured in Lake Worth Beach after,NONE
4762,tw/ sigh… head filled with worries over the volleyball player,NONE
4765,Hello Sir... Actually I don't know where to put it,NONE
4766,a 10 y/o on stan twitter what r their parents,NONE
4767,Hm it's bittersweet I understand: (but it means you get,NONE
4768,On the verge of complete mental/emotional shutdown 🙃 i can,NONE
4770,This was both emotionally and physically. Being ignored made me,NONE
4772,"''Gnat'' third promotional single from project, Em covers such topics",NONE
4774,I roll my eyes every time I see a tweet,NONE
4777,@PayPal has been defrauding its users for over 15 years,NONE
4778,original sin is the teaching that Adam's first sin brought,NONE
4781,@DonaldJTrumpJr The way he eats big mac's and diet cokes..,NONE
4784,"it's okay, no worries. it's your acc so feel free",NONE
4786,@mkraju Of cause they will they are all guilty of,NONE
4787,"Loneliness increases the risk of dementia, anxiety, or depression in",NONE
4788,That thread is triggering. Mom vowed to never set her,NONE
4791,This is a person that screamed while playing gears of,NONE
4792,She a lil baddie when she wants to be 🔥🔥😅,NONE
4793,I'm so sorry. He definitely needs help. Have you ever,NONE
4794,"It's ok, games are meant to make you feel many",NONE
4800,Coral Grief is on now and I don't understand how,NONE
4803,he also had given me a bottle of 360 1mg,NONE
4804,Haha amazing! They're great pictures from your phone 😍 it,NONE
4806,@RodgersKipembe The shoe is on the other side.... sad!,NONE
4807,Getting physically and mentally fit for the 5th and 6th,NONE
4808,"Plus, they did it to me as part of a",NONE
4809,I know ya man ain't loving you right You lonely,NONE
4810,@chasestrangio the results demonstrated no advantage of surgery in relation,NONE
4812,It's depressing how the donkey jacket slur has slithered down,NONE
4813,People here on edtwt mostly struggle with more than 'just',NONE
4814,Just found the biggest inspiration. And by inspiration i mean,NONE
4821,idk if I should make a khh twt accnt as,NONE
4823,That's what I'm sayin!! I got ta couple good ones,NONE
4824,"@talkRADIO @JuliaHB1 @user The Unions have forgotten, outside their Public",NONE
4826,Are ppl unfollowing me bc I post all my depressive,NONE
4827,I found myself trying to explain to someone what happened,NONE
4828,At least I stopped eating cheese BEFORE the game started,NONE
4830,Slight sneer and moody is Mor's entire personality tbh 🤧,NONE
4833,Neend puri karna seems like a crime now. Felt so,NONE
4834,@piersmorgan He walked out for 10 mins when questioned by,NONE
4835,"I think I procrastinate on certain things, not just because",NONE
4838,of course! i understand how the stereotypical roles can really,NONE
4840,anyone else on edtwt have t1 diabetes? Maybe we could,NONE
4841,After spending a LOT time reporting broken bike/walk signal actuation,NONE
4842,"Happpppiiiiesttttt birthday to my bihhhh @user 🎊🎉🥃💃🏾 love you bro,",NONE
4845,replay in 2008: cute & pure first puppy love replay,NONE
4846,Republicans forced Democrats in the Senate to wait and squirm.,NONE
4847,Too many people experience regular feelings/behaviours that are normally associated,NONE
4848,"electronic devices (Kirk, Gallagher & Anastasiow). Low vision applies to",NONE
4849,WAITING ALL DAY FOR A TUESDAY NIGHT! Can't wait to,NONE
4850,Always here if you want to talk 💕 depressionsucks,NONE
4853,"@DineshDSouza People, even in the Supreme Court, make bad decisions.",NONE
4855,I am grateful for choosing to study animation rather than,NONE
4856,@Tesla Sadly that will never happen not under Biden. It,NONE
4857,I feel like some numbers are being tweaked and aren't,NONE
4859,"@RoArquette To save our planet, we have to stop eating",NONE
4860,@RepJerryNadler There has bn a dangerous unquestioned acceptance of the,NONE
4861,@donwinslow Yeah it's all a sad joke culminating to the,NONE
4862,'This romanticized view of a mythical past is the radical,NONE
4863,she just meant the ones who cross post snd cross,NONE
4864,Hi guyss sorry if im not giving the prizes much,NONE
4868,So my artist and I have been working on something,NONE
4870,@thehill @tedcruz Just trying to get a clear sense senator,NONE
4872,Stop treating us like slaves and we'll' stop treating you,NONE
4874,"@ygent_official lisa the best dancer We',''re' demanding the removal of",NONE
4877,@ManCity tell the dosser to stop setting off fireworks,NONE
4882,"When he suicided, I found myself confused and confronted with",NONE
4883,When my mum stops treating me like a child and,NONE
4884,"In case anyone was wondering, the tweets about Tiger Woods','''",NONE
4885,If a man stops providing what she values and stops,NONE
4887,no no no this is not okay. harming yourself is,NONE
4888,"PSA: If a news story is stressing or depressing you,",NONE
4889,"Like a drum, my heart never stops beating for you♥️",NONE
4890,What you mean by our? Ethiopia & Africa are two,NONE
4891,@BTS_twt It breaks my heart for them. You better believe,NONE
4893,MTHFR enzyme. you are spot on. Something is causing mitochondrial,NONE
4896,@BTS_twt ARMYs said 'A grammy award is not enough to,NONE
4899,duncan idaho literally at risk of imminent death due to,NONE
4901,I wonder if this discount would still be valid for,NONE
4902,If I say I'm better than someone about pretty much,NONE
4903,I'm ✨SPIRALING✨into a deep hole of sadness,NONE
4904,please the people who constantly harassed andi that were hurt,NONE
4906,Other pumps include: Kane - another one in the top,NONE
4907,I mean no disrespect so I hope you can accept,NONE
4908,Lrt that Touma looks like he has little boobies 😳,NONE
4909,The thrombosis symtoms were there long before the vaccine 💉,NONE
4911,You do nothing about the objective world; it always molds,NONE
4912,SUCCESSION X ART OF FIELDING The Driskells held themselves together,NONE
4917,He's destroyed the professionalism of the club. Gon na be,NONE
4918,"Who needs Pre workout when you have depression, anxiety, and",NONE
4919,i see lots of memes of evangelion and i heard,NONE
4923,The day we realised we shall never them again the,NONE
4924,3 songs down and another working. 1-A dark/moody orchestral sorta,NONE
4925,Should productmanagers be involved in softwaretesting? DevOps,NONE
4926,made fun of on edtwt victim to average edtwt user,NONE
4927,"@vagina_museum When I first saw this I thought, 'where did",NONE
4933,"me: depressed all day, sits in one position for 20",NONE
4935,All I've been thinking about lately is getting a pet,NONE
4937,🎆️ 'Shining through the city with a little funk and,NONE
4939,@InsidersABC Could you tell Coorey that suicide is a noun,NONE
4941,@Freeagentwally @ian_mendes @MarcMethot3 @user I've offered to wax your chest,NONE
4942,you're so quirky for finding edtwt before october 2021 🤣🤣,NONE
4944,The best is acetaminophen * 500 mg * IV PRN.,NONE
4947,i don't need anyone cause i have @BTS_twt to love,NONE
4948,They really have severe mental issues and need to seek,NONE
4949,Miro listened to Cornette's review of revolution where he referred,NONE
4950,"Thousands of ChildrenOfTigray are suffering from psychological, emotional, & physical",NONE
4951,@CBSThisMorning @user @John_Fogerty @jamieyuccas So much a part of my,NONE
4952,@ShaunG @user Please n pleasssss verify @user she's a great,NONE
4953,"Luigi is my comfort character, the character I retreat into",NONE
4954,"Right then lads and lasses, Lots of footy on today,",NONE
4956,@laurenboebert I call bull crap! Ridiculing the injured is so,NONE
4958,Will we see more prolonged careers like Lebrons as medicine,NONE
4959,mechs appeal to me personally from both a gender dysphoria,NONE
4960,so i was eating with my family and i couldn't,NONE
4961,"@SaharaReporters @MyFCMB While studying sharia law, i felt some punishment",NONE
4963,Of course not. Don't be so idiotic. They can't prosecute,NONE
4965,Bears fans on suicide watch rn,NONE
4967,"@JoeDoesNews @user and look, let's say that I was in",NONE
4968,The whole point of this thread that baseless speculation about,NONE
4970,guilt beneath the shame,NONE
4971,I keep gettin the feelin that we all now live,NONE
4972,"I need to step away from twitter, just found myself",NONE
4973,It is irony in this tiresome narrative about crypto is,NONE
4975,yes im sadposting on main it's called realism,NONE
4976,"Hello v4sk3 from future this is me from 2/24/2021, how's'",NONE
4978,Mark 13:32 (KJV) But of that day and that hour,NONE
4981,award season is starting.. the way I don't wan na,NONE
4983,Silly boy. Rich white dudes don't go to prison.,NONE
4985,So I have this patient with a super rare headache,NONE
4986,yesterday was also my 69th day on genshin and i,NONE
4988,The end-of-semester procrastination might just be the catalyst I need,NONE
4989,Need guilty senators prosecuted and replaced,NONE
4992,@DPJHodges this mfer the same type of person saying that,NONE
4994,It was a buzzard. It would take a leveret I,NONE
4995,I like eating Gobstoppers bc I like testing the limits,NONE
4998,"Your health physically, mentally, & emotionally should be your number",NONE
